{
"type": "FeatureCollection",
"name": "aires_protegees",
"crs": { "type": "name", "properties": { "name": "urn:ogc:def:crs:EPSG::32628" } },
"features": [
{ "type": "Feature", "properties": { "site_id": 865, "name_eng": "Parc national du Niokolo-Koba", "desig_eng": "National Park", "iucn_cat": "II", "realm": "Terrestrial", "gis_area": 8426.8806035699999, "gov_type": "Federal or national ministry or agency", "mang_auth": "Direction des Parcs Nationaux" }, "geometry": { "type": "MultiPolygon", "coordinates": [ [ [ [ 743444.234207176137716, 1479232.966633486095816 ], [ 742337.737656427547336, 1479547.675323678646237 ], [ 741515.568543153000064, 1479903.820721621159464 ], [ 739571.390876934630796, 1480395.911396446637809 ], [ 738500.698107672738843, 1480411.925916756503284 ], [ 737629.18363329290878, 1480470.043815664248541 ], [ 736710.53782889037393, 1480275.034667009254918 ], [ 735671.49628334119916, 1480141.24099427415058 ], [ 734761.42468799254857, 1479982.566963366698474 ], [ 734010.749658913817257, 1479631.00449311430566 ], [ 732124.208969781408086, 1478999.460690272506326 ], [ 731069.535867395461537, 1479236.32197329425253 ], [ 730281.669743446283974, 1479328.303663908038288 ], [ 729293.91669130010996, 1479048.820104685379192 ], [ 728536.54346060345415, 1478506.948319344781339 ], [ 727753.630438239895739, 1478120.059780167415738 ], [ 726968.657777040498331, 1477584.835541592910886 ], [ 725846.248102501034737, 1476200.195130731444806 ], [ 725661.563903794856742, 1475840.450469022383913 ], [ 725118.035378209897317, 1475716.333611867390573 ], [ 724365.0537772718817, 1475026.513702888274565 ], [ 723854.159801930072717, 1474160.945313624106348 ], [ 723432.387727600056678, 1474589.174098358722404 ], [ 722458.003939234418795, 1474492.969976810505614 ], [ 721600.182640433195047, 1474150.082591858226806 ], [ 719501.747872747364454, 1474002.696377993561327 ], [ 718746.591835536295548, 1473559.249719737097621 ], [ 717850.182089096168056, 1473206.121564666507766 ], [ 716973.895977828302421, 1472376.98786748945713 ], [ 716469.259600894525647, 1471832.548883070237935 ], [ 716061.948107693344355, 1470987.430360083002597 ], [ 715535.030571258743294, 1470142.584160803817213 ], [ 714953.343144181533717, 1469394.561735135270283 ], [ 714163.595674612326548, 1468689.412424281705171 ], [ 713392.180959003278986, 1468268.221610300708562 ], [ 712317.110064899781719, 1468085.750996141461655 ], [ 711329.572098876233213, 1467584.675817039562389 ], [ 710673.73634617170319, 1466965.247491432353854 ], [ 709646.020322540192865, 1466280.592771912459284 ], [ 708952.562638307921588, 1465733.590599111281335 ], [ 708274.604157484020106, 1465252.31254564342089 ], [ 707654.487193512846716, 1464704.245032521896064 ], [ 706919.075954792904668, 1463968.648417638847604 ], [ 706366.2931791174924, 1463305.537329396465793 ], [ 705644.481410404550843, 1461948.662179333856329 ], [ 705218.038476819288917, 1461691.407135708723217 ], [ 705283.768585579353385, 1461257.950146968243644 ], [ 704749.655144594726153, 1461521.975325766252354 ], [ 701869.406895762891509, 1463293.952271169284359 ], [ 701421.959926556563005, 1463534.822641399456188 ], [ 700125.463742474443279, 1464372.439349971013144 ], [ 699609.209203724865802, 1464819.812086308840662 ], [ 699128.025755434879102, 1465183.060841591563076 ], [ 698904.768650713493116, 1465166.438802024582401 ], [ 698365.45731857069768, 1465261.178720100782812 ], [ 697617.148257571854629, 1465216.174291213275865 ], [ 696919.029230720596388, 1465240.420794050209224 ], [ 695987.21173436648678, 1465405.170063638361171 ], [ 695638.843505633762106, 1465432.66842919960618 ], [ 695241.464494261075743, 1465391.030707874102518 ], [ 694811.967977978056297, 1465278.909482148010284 ], [ 694625.664578792639077, 1465206.282533219549805 ], [ 694548.789693291997537, 1465142.409166488563642 ], [ 694219.096467957133427, 1465306.029162822058424 ], [ 693945.540174553752877, 1465297.153360338415951 ], [ 693710.411523561226204, 1465366.403302803169936 ], [ 693431.281961516942829, 1465336.769435757072642 ], [ 693174.596401711576618, 1465272.52376601845026 ], [ 692715.855892890249379, 1465033.388626146363094 ], [ 692449.851858940906823, 1464768.390967584913597 ], [ 692285.416527188848704, 1464551.759619411546737 ], [ 691661.10944171785377, 1464598.507664278848097 ], [ 691342.984549599117599, 1464661.127941267099231 ], [ 691128.66770896455273, 1464623.258439170895144 ], [ 690920.798535446054302, 1464700.87891339766793 ], [ 690804.489917338010855, 1464596.123428792692721 ], [ 690557.171076776110567, 1464622.62934729619883 ], [ 690212.799167083576322, 1464594.253049455117434 ], [ 690036.923206533421762, 1464499.627210597041994 ], [ 689866.240586989442818, 1464471.124555910937488 ], [ 689541.986319972667843, 1464340.124453239841387 ], [ 689188.620966681162827, 1464079.620492900256068 ], [ 688541.692253810469992, 1463218.607174633070827 ], [ 688260.510328468866646, 1462902.360488204751164 ], [ 688095.884396653273143, 1462592.855745150242001 ], [ 687803.266451529925689, 1462220.110312047414482 ], [ 687801.569023782270961, 1462145.859767274465412 ], [ 687871.577522622887045, 1462014.860836363397539 ], [ 687851.884854456293397, 1461943.981922717299312 ], [ 687667.640975171234459, 1461815.981588381109759 ], [ 687576.328648323309608, 1461615.10515176714398 ], [ 687454.084539272123948, 1461461.977591973729432 ], [ 687129.832732966169715, 1461234.347987902583554 ], [ 686897.269614143529907, 1461148.594832207541913 ], [ 686723.525007973774336, 1461134.975031668320298 ], [ 686639.027595881489106, 1461086.222291076788679 ], [ 686466.456893739057705, 1461114.721181768691167 ], [ 686321.393432059325278, 1461088.599677360150963 ], [ 686181.588569026440382, 1461131.840852480148897 ], [ 686063.7749781194143, 1461039.469434469938278 ], [ 685915.584321456728503, 1460844.59487916296348 ], [ 685666.710292570409365, 1460851.090948652708903 ], [ 685625.525319261243567, 1460826.336406809277833 ], [ 685561.406678871135227, 1460637.592938255285844 ], [ 685501.344381500268355, 1460599.211921541718766 ], [ 685377.344443073961884, 1460604.207233586581424 ], [ 685001.278743159491569, 1460726.088835133705288 ], [ 684868.973586345207877, 1460627.96006982633844 ], [ 684630.469075191416778, 1460698.827694076113403 ], [ 684591.34413239476271, 1460669.077009865315631 ], [ 684594.401555058546364, 1460570.077496194513515 ], [ 684697.654871875653043, 1460467.587864216649905 ], [ 684681.036389247747138, 1460427.83358706580475 ], [ 684565.72585106594488, 1460377.584224442951381 ], [ 684400.159326404682361, 1460193.333696851041168 ], [ 684158.657078355317935, 1460215.206462361617014 ], [ 684015.416825196240097, 1460114.331101274816319 ], [ 683918.911571709206328, 1460099.328269821591675 ], [ 683794.035933252424002, 1460240.076398300472647 ], [ 683817.906946000410244, 1460315.205316543579102 ], [ 683795.531443704268895, 1460352.327487737638876 ], [ 683622.661941803875379, 1460327.327650467399508 ], [ 683558.345629179733805, 1460359.829643472097814 ], [ 683555.038073912262917, 1460583.072018314152956 ], [ 683720.344239271595143, 1461133.080372393131256 ], [ 683629.21487300703302, 1461192.451288955984637 ], [ 683593.088446257752366, 1461390.954833992058411 ], [ 683613.025662092026323, 1461645.321819803211838 ], [ 683421.771316347410902, 1461788.575785703025758 ], [ 683582.96007329726126, 1461856.445747574325651 ], [ 683747.714624759508297, 1461877.829181217821315 ], [ 683977.151418138877489, 1462056.955631941091269 ], [ 684028.017911049770191, 1462221.9504928374663 ], [ 684021.329311191220768, 1462401.081800408894196 ], [ 683921.961184338084422, 1462544.202966547338292 ], [ 683822.017098629381508, 1462615.705175424227491 ], [ 683628.70316461334005, 1462615.579857315169647 ], [ 683076.084698055754416, 1462199.569113131146878 ], [ 682889.774830874288455, 1462113.576448573730886 ], [ 682667.467432546312921, 1461948.569887975230813 ], [ 682374.531002114410512, 1461815.440913883736357 ], [ 682274.222090129274875, 1461573.56951641314663 ], [ 682232.350191248813644, 1461313.437637962400913 ], [ 682084.226177544798702, 1461304.068863201420754 ], [ 681953.280977473943494, 1461356.440180615289137 ], [ 681827.911524276249111, 1461362.935548277106136 ], [ 681364.906688669230789, 1461278.190086858579889 ], [ 681090.227202433510683, 1461284.178879019804299 ], [ 680998.407228909432888, 1461323.052473171148449 ], [ 680851.221600370015949, 1461457.677474209340289 ], [ 680802.099049001466483, 1461595.810366146499291 ], [ 680832.968690200941637, 1461787.935013095382601 ], [ 680961.717367865610868, 1462075.68160620261915 ], [ 681102.651348949875683, 1462274.935771569842473 ], [ 681387.151879309094511, 1462557.562860183184966 ], [ 681603.456968379206955, 1462830.808788177091628 ], [ 681738.526117889676243, 1462936.684712123591453 ], [ 682273.020864581456408, 1463496.439360993681476 ], [ 682651.201996200834401, 1463818.325352876679972 ], [ 682695.705021866247989, 1463983.949315229663625 ], [ 682582.696087109856308, 1464226.32237635855563 ], [ 682441.320775483269244, 1464367.947278078179806 ], [ 681797.4496072960319, 1464712.189573554554954 ], [ 681256.764190623071045, 1464690.189840354025364 ], [ 680784.642853096360341, 1464383.683534764219075 ], [ 680606.263336090487428, 1464312.80472630658187 ], [ 680484.200623513781466, 1464290.428609349764884 ], [ 680319.888580358820036, 1464315.555253007914871 ], [ 680146.894506164593622, 1464407.681100975023583 ], [ 679968.014645722927526, 1464581.683024872094393 ], [ 679676.323524467647076, 1465056.428680529585108 ], [ 679618.199631256051362, 1465295.047812853939831 ], [ 679600.880803098203614, 1465935.432011710712686 ], [ 679520.069337405380793, 1466158.677249056752771 ], [ 679416.383458391530439, 1466262.29623521049507 ], [ 679250.821321995928884, 1466291.678900953615084 ], [ 678938.450918175163679, 1466164.671683681663126 ], [ 678683.38179086544551, 1465971.046433082316071 ], [ 678181.949321700143628, 1465673.918169850483537 ], [ 677879.828839221620001, 1465421.909313972340897 ], [ 677764.456409332575276, 1465381.533553348854184 ], [ 677567.081940476316959, 1465462.417323365807533 ], [ 677478.140766780357808, 1465605.790960552636534 ], [ 677445.580614660750143, 1465824.665786828147247 ], [ 677661.944457340519875, 1466149.158471781527624 ], [ 677815.137663579545915, 1466533.910123329376802 ], [ 677902.066557776881382, 1466890.911776356166229 ], [ 677950.758106335648336, 1467302.537023437209427 ], [ 678225.368465718813241, 1467997.293364969547838 ], [ 678234.063178814365529, 1468070.668166212970391 ], [ 678176.056738738785498, 1468228.172089861240238 ], [ 678050.18019211338833, 1468349.792536545544863 ], [ 677835.437094254884869, 1468462.917996664065868 ], [ 677191.249049158301204, 1468659.0325621382799 ], [ 676632.124225229374133, 1468711.163461827905849 ], [ 676375.248741785762832, 1468766.284291637362912 ], [ 675948.815733055816963, 1468765.649510273011401 ], [ 675640.184107564971782, 1468708.280050415312871 ], [ 675464.936089043039829, 1468712.396206145174801 ], [ 675241.370399996987544, 1468803.268163518980145 ], [ 674956.813925280002877, 1469059.142790262354538 ], [ 674911.748934016446583, 1469065.522038083057851 ], [ 674784.681835795054212, 1469322.274648318067193 ], [ 674791.872453156393021, 1469445.145759505685419 ], [ 674847.118836402893066, 1469554.775566125521436 ], [ 675583.799274458899163, 1470133.522218176862225 ], [ 675682.302997382823378, 1470305.401611224049702 ], [ 675751.544259390444495, 1470589.527627903269604 ], [ 675892.86160386283882, 1470785.407000249018893 ], [ 676082.235123273916543, 1470846.285146059468389 ], [ 676200.419442053185776, 1470812.660945944720879 ], [ 676267.046629970078357, 1470840.787886260775849 ], [ 676467.174140419112518, 1470844.408737144665793 ], [ 676622.608979670447297, 1470791.281912569189444 ], [ 676887.236170017626137, 1470764.162665768060833 ], [ 677137.421539114788175, 1470763.293089983751997 ], [ 677232.419673802098259, 1470792.416478340514004 ], [ 677371.102732911822386, 1470892.909972585970536 ], [ 677945.843566736672074, 1471717.549096133792773 ], [ 678464.155228055547923, 1472132.803052712464705 ], [ 678552.71405176713597, 1472222.052553212968633 ], [ 678645.342835871153511, 1472398.421307287877426 ], [ 678722.902273925486952, 1472647.798248070990667 ], [ 678781.334498669020832, 1473284.304935299092904 ], [ 678778.265479924040847, 1473485.430392774287611 ], [ 678750.082626924966462, 1473547.807454436318949 ], [ 678756.143022657022811, 1474049.677944938652217 ], [ 678665.829583080019802, 1474375.927766091423109 ], [ 678481.443910105735995, 1474746.681416981620714 ], [ 678337.013184666633606, 1474941.680301245767623 ], [ 677864.753934620530345, 1475795.176669063512236 ], [ 677443.066305469837971, 1476221.043723637238145 ], [ 677267.49863525328692, 1476300.415867497213185 ], [ 676646.380536109209061, 1476322.788955534109846 ], [ 676504.94130908860825, 1476354.286338897654787 ], [ 675946.317612667451613, 1476268.410227567888796 ], [ 675629.135585463489406, 1475478.910257969750091 ], [ 675655.587071645655669, 1474635.279636676190421 ], [ 675547.588405506452546, 1474221.280616684583947 ], [ 675110.714532722369768, 1473682.526008202461526 ], [ 674885.3476937887026, 1473151.271656573750079 ], [ 674798.343028743867762, 1473068.528453899780288 ], [ 674417.221790883806534, 1472991.523927529109642 ], [ 673827.845768411410972, 1472962.267841930733994 ], [ 673198.600947339786217, 1473104.635686432477087 ], [ 672931.291266020503826, 1473213.505711613688618 ], [ 672414.72572092723567, 1473749.756334122503176 ], [ 672126.653472981415689, 1474225.134256628574803 ], [ 672100.033802766702138, 1474365.875810727942735 ], [ 671918.784983192919753, 1474530.377110521309078 ], [ 671375.529264687094837, 1474619.122270308202133 ], [ 671150.468255786108784, 1474623.121398831252009 ], [ 670711.786896143225022, 1474569.742234479170293 ], [ 670341.222052617231384, 1474463.997457965277135 ], [ 670215.844920240924694, 1474462.241414272924885 ], [ 670122.973785883514211, 1474497.365638930583373 ], [ 669728.155988077283837, 1474940.116314943879843 ], [ 669697.726163830142468, 1475027.488528473069891 ], [ 669605.600187511066906, 1475059.985929838847369 ], [ 669431.40956050530076, 1475345.609301899326965 ], [ 669341.3429610284511, 1475431.488631829153746 ], [ 669121.529616673476994, 1475544.740304424893111 ], [ 669114.342939983238466, 1475495.486642662901431 ], [ 669008.217725249822251, 1475430.60934154689312 ], [ 668906.844688594341278, 1475255.862147094216198 ], [ 668751.230361166992225, 1474674.983212372753769 ], [ 668660.536680777440779, 1474468.730709332739934 ], [ 668523.672724058269523, 1474322.361214685253799 ], [ 668245.484160384512506, 1474151.478036348242313 ], [ 668105.291991826379672, 1474101.980016857618466 ], [ 667630.925430881092325, 1474088.853960915701464 ], [ 667284.543773623066954, 1474231.46824092627503 ], [ 666700.041593270143494, 1474967.463692022254691 ], [ 666541.914034377667122, 1475087.346415962325409 ], [ 666442.609457432990894, 1475078.091445005964488 ], [ 666018.916702305548824, 1474765.213415690232068 ], [ 665828.928364043938927, 1474414.587011996423826 ], [ 665780.297027864959091, 1474194.832955613499507 ], [ 665705.613586323335767, 1474087.085170498816296 ], [ 665591.558657514862716, 1473954.956206932198256 ], [ 665259.119204595685005, 1473688.588063689414412 ], [ 665087.303773438557982, 1473441.960814265999943 ], [ 665041.314235578523949, 1473196.327256218995899 ], [ 665072.950792890274897, 1471670.082861768081784 ], [ 664996.692985625937581, 1471426.576885272050276 ], [ 664926.14178534434177, 1471369.326584241585806 ], [ 664604.571042536757886, 1471301.947073885472491 ], [ 664281.266661853413098, 1471065.444262823555619 ], [ 663855.960640433826484, 1470821.445114739006385 ], [ 663519.712507752585225, 1470723.567914442392066 ], [ 663354.018900124821812, 1470771.439113712171093 ], [ 663238.702428427757695, 1470866.688031198224053 ], [ 662352.385748738772236, 1471979.688071732642129 ], [ 662286.321028030244634, 1472218.565217383438721 ], [ 662373.010318810120225, 1472891.688823795877397 ], [ 662526.382205910049379, 1473086.067626241128892 ], [ 662696.442722639301792, 1473196.814655062975362 ], [ 663386.445939959026873, 1472996.696750233881176 ], [ 663710.879146056598984, 1472967.82403965992853 ], [ 663885.750829973141663, 1472985.326929049333557 ], [ 663965.063698293059133, 1473040.824922824976966 ], [ 664108.94018524303101, 1473276.818818194791675 ], [ 664140.935656335554086, 1473501.953645733650774 ], [ 664102.561655431054533, 1473621.19787322753109 ], [ 664027.686073985300027, 1473680.56908970978111 ], [ 663444.995132969808765, 1473829.569088202435523 ], [ 662218.244913687813096, 1474409.566136029548943 ], [ 661761.622831971501, 1474539.557977934135124 ], [ 661514.378098414745182, 1474566.558779016602784 ], [ 661168.752093367627822, 1474708.554894552798942 ], [ 660921.938913743011653, 1474747.179267851170152 ], [ 660572.750947721069679, 1474719.305372041184455 ], [ 660325.255318403476849, 1474683.678684861166403 ], [ 660041.191995191620663, 1474585.299806087976322 ], [ 659795.383076046593487, 1474539.04602346313186 ], [ 659346.815349962562323, 1474497.544484815793112 ], [ 659097.945672543719411, 1474521.670284912455827 ], [ 658818.754769487772137, 1474622.913382716011256 ], [ 658207.377366718603298, 1475095.663173903245479 ], [ 657994.75740777165629, 1475164.781781973084435 ], [ 657903.501831266563386, 1475133.536182855023071 ], [ 657812.259105035802349, 1474983.77828490617685 ], [ 657773.448078326415271, 1474682.285220880992711 ], [ 657641.204651898238808, 1474247.030127458740026 ], [ 657469.455009326105937, 1473893.78366464888677 ], [ 657367.076338694896549, 1473575.901768715120852 ], [ 657262.584595359396189, 1472658.400174623355269 ], [ 657085.786165682133287, 1471789.275375036522746 ], [ 657085.974588200682774, 1471439.028158553177491 ], [ 657057.721944355173036, 1471347.399218613980338 ], [ 656881.666889478685334, 1470997.144050563452765 ], [ 656736.97248629364185, 1470829.647171722259372 ], [ 656596.108632071292959, 1470367.76929883658886 ], [ 656544.673047945601866, 1470282.522499022539705 ], [ 656408.049682174692862, 1470177.643938754685223 ], [ 655905.360104325925931, 1469992.891281220130622 ], [ 655805.232278495328501, 1469995.51004744740203 ], [ 655554.109640353126451, 1470077.515910773072392 ], [ 654980.108021320891567, 1470323.381515896413475 ], [ 654406.486759452265687, 1470523.750001151114702 ], [ 654306.550687470589764, 1470523.631735702045262 ], [ 653990.299746759585105, 1470625.124437209917232 ], [ 653299.418839902733453, 1471043.746100075077266 ], [ 652991.547327066888101, 1471285.743642113171518 ], [ 652812.918914708541706, 1471573.743243869161233 ], [ 652812.17156660289038, 1471948.240849467460066 ], [ 652887.980899731162935, 1472151.619195890147239 ], [ 652996.978395613143221, 1472313.868758304044604 ], [ 653220.912469174712896, 1472509.627381433034316 ], [ 653638.344036504160613, 1472719.998336574062705 ], [ 653806.599404520005919, 1472763.625949776964262 ], [ 653967.719993318081833, 1472876.508274508174509 ], [ 654092.279308694298379, 1473000.255881131393835 ], [ 654163.721802809042856, 1473131.510049779433757 ], [ 654170.28276022861246, 1473330.879824658157304 ], [ 654132.335924781160429, 1473468.631993520073593 ], [ 653930.654661095584743, 1473568.875325044849887 ], [ 653327.52736061764881, 1473428.37131162150763 ], [ 652885.846562228281982, 1473403.624219039920717 ], [ 652664.600191602599807, 1473302.365786196663976 ], [ 652523.352693453198299, 1473159.614303234033287 ], [ 652265.980630281730555, 1472802.362565219169483 ], [ 652111.604686280712485, 1472439.743976367171854 ], [ 652109.172009215690196, 1472214.370361558860168 ], [ 652337.293884379323572, 1471551.614834386622533 ], [ 652766.673201879835688, 1470639.73826815164648 ], [ 653122.247054198756814, 1469661.748461829964072 ], [ 653232.18366806791164, 1469501.991622982081026 ], [ 653376.742189667420462, 1469185.248010268434882 ], [ 653454.058305906830356, 1468731.747107734205201 ], [ 653450.309974968549795, 1468531.36605840572156 ], [ 653397.12953885900788, 1468346.501256085932255 ], [ 652987.510321870911866, 1467508.747327519580722 ], [ 651768.90021806419827, 1465991.106095049995929 ], [ 651408.782192659447901, 1465737.601948257768527 ], [ 651141.283786263666116, 1465614.60041321371682 ], [ 650718.781362400390208, 1465357.229674323229119 ], [ 650467.406075548380613, 1465252.843277941225097 ], [ 650221.221973343752325, 1465077.723998526344076 ], [ 650309.786046432564035, 1464990.227497056359425 ], [ 650413.659109044470824, 1464794.097909036325291 ], [ 650664.534892281051725, 1464689.096855487907305 ], [ 650663.533093907870352, 1464613.979548468021676 ], [ 650573.098046701401472, 1464464.470148196211085 ], [ 650568.222351456293836, 1464390.227386263199151 ], [ 650743.852542893146165, 1464037.725298072909936 ], [ 650806.04028316156473, 1463997.72776305815205 ], [ 650878.349330905592069, 1464002.599325096001849 ], [ 651006.223588536726311, 1464123.346618383191526 ], [ 651077.290157213108614, 1464144.982008655788377 ], [ 651212.286713228444569, 1464090.225203732959926 ], [ 651188.23230925120879, 1463941.980148061877117 ], [ 651096.038198851980269, 1463793.100799153326079 ], [ 651078.045353071764112, 1463706.229219540255144 ], [ 651335.228021994000301, 1463516.22258577728644 ], [ 651361.856779323541559, 1463445.982899328460917 ], [ 651343.672409347258508, 1463199.350751953432336 ], [ 651542.357074977480806, 1462977.226471446920186 ], [ 651584.358612047857605, 1462888.731792142381892 ], [ 651551.73223278450314, 1462827.729844788787887 ], [ 651477.989552945364267, 1462838.357917308807373 ], [ 651190.733250399818644, 1463075.730158257065341 ], [ 651049.113472149707377, 1463065.726234477711841 ], [ 650914.48125850665383, 1462826.344880415592343 ], [ 650842.423138573998585, 1462625.719973310129717 ], [ 650950.986404377850704, 1462143.728449232876301 ], [ 650996.363693519961089, 1462124.223984528100118 ], [ 651093.431453119032085, 1462148.470367044676095 ], [ 651269.924132412066683, 1462323.106766545912251 ], [ 651362.615256137214601, 1462356.599875752814114 ], [ 651406.301396407885477, 1462302.229910054942593 ], [ 651427.053124107886106, 1462156.978329524863511 ], [ 651568.680418438510969, 1462020.974712446564808 ], [ 651664.737625000881962, 1461997.229970105923712 ], [ 651824.680651672882959, 1462066.975023747421801 ], [ 651896.9883564687334, 1462063.353026600088924 ], [ 651952.23744566179812, 1462011.36049331817776 ], [ 651970.736283692880534, 1461916.727851107018068 ], [ 651960.741293746046722, 1461866.859046397730708 ], [ 651832.366467054001987, 1461723.72663312847726 ], [ 651841.492209587828256, 1461624.860035577323288 ], [ 651903.865146122639999, 1461489.100407863035798 ], [ 652051.497351119294763, 1461321.10742845502682 ], [ 652345.805230952100828, 1461318.863243540981784 ], [ 652409.870902675553225, 1461245.106300453422591 ], [ 652413.930486856028438, 1461195.736541694495827 ], [ 652343.499302580254152, 1461100.107215351192281 ], [ 652011.999092540820129, 1460986.975517302984372 ], [ 651978.053722434560768, 1460950.236234717071056 ], [ 651981.61859929189086, 1460878.728394678561017 ], [ 652082.623221507994458, 1460707.731001134961843 ], [ 652056.374492554925382, 1460459.604081441415474 ], [ 652130.62999930488877, 1460188.23403897555545 ], [ 652096.812004708102904, 1460043.351980348816141 ], [ 651955.00403425260447, 1459812.101376028032973 ], [ 651909.624379168846644, 1459782.732207545777783 ], [ 651874.061947776470333, 1459796.482826324412599 ], [ 651862.623380511067808, 1459996.975248065311462 ], [ 651766.318352180183865, 1460397.605200056219473 ], [ 651612.311932009761222, 1460470.231047790264711 ], [ 651440.190566509962082, 1460444.602582436986268 ], [ 651354.250705805257894, 1460324.475945790531114 ], [ 651282.622608360019512, 1460306.477243321947753 ], [ 651104.315945331938565, 1460420.353891120292246 ], [ 650938.259062437573448, 1460153.597837817855179 ], [ 650840.875496114138514, 1460151.718599704327062 ], [ 650758.937941916752607, 1460208.222555564716458 ], [ 650684.691049477201886, 1460212.843983688624576 ], [ 650474.384112193249166, 1459905.347863933071494 ], [ 650476.51213817531243, 1459781.342841723468155 ], [ 650559.198694959864952, 1459730.59440138656646 ], [ 651004.698277875315398, 1459769.349196901777759 ], [ 651446.069750915165059, 1459689.104412936139852 ], [ 651507.821468580397777, 1459649.481116963783279 ], [ 651540.637835926609114, 1459529.47422111267224 ], [ 651645.510765043087304, 1459372.47919982415624 ], [ 651621.009863653453067, 1459328.724662255728617 ], [ 651465.01067063305527, 1459320.355123871238902 ], [ 651246.258083836873993, 1458880.724635613849387 ], [ 651248.633850965532474, 1458755.603487455286086 ], [ 651288.078439146047458, 1458726.098998998990282 ], [ 651437.824135931907222, 1458725.228668497875333 ], [ 651503.328293918515556, 1458689.475656781345606 ], [ 651535.946249411441386, 1458622.720563460607082 ], [ 651523.953881020890549, 1458574.854431400774047 ], [ 651352.448262828984298, 1458393.477035101968795 ], [ 651315.830858118715696, 1458072.35113731957972 ], [ 651264.082575659151189, 1457932.227663985919207 ], [ 651198.833270479692146, 1457857.472627087496221 ], [ 651079.335637358948588, 1457821.222403591265902 ], [ 650711.32966100575868, 1457873.972714898409322 ], [ 650618.773214306333102, 1457846.468972311122343 ], [ 650540.584775259834714, 1457690.470811997307464 ], [ 650421.654288116260432, 1457602.345798431430012 ], [ 650397.84039596375078, 1457457.091295592021197 ], [ 650690.403509506839328, 1457454.096071304986253 ], [ 650775.148537852801383, 1457402.850111957173795 ], [ 650790.654078052844852, 1457331.475082844495773 ], [ 650479.15319445671048, 1457191.22186257247813 ], [ 650340.843478287803009, 1456943.221431549405679 ], [ 650200.589274740545079, 1456840.964571700431406 ], [ 650184.401991038117558, 1456770.841621371451765 ], [ 650420.595875481842086, 1456341.588315018452704 ], [ 650562.595274082617834, 1456297.095639020204544 ], [ 650862.589497964363545, 1456289.473804763518274 ], [ 650905.724410939379595, 1456312.467294566100463 ], [ 650978.535318538080901, 1456443.723707905272022 ], [ 651070.967482949257828, 1456478.849244883982465 ], [ 651120.650227471254766, 1456407.851881996495649 ], [ 651086.46760361851193, 1456236.598580849822611 ], [ 651151.715098103508353, 1456132.722580654313788 ], [ 651220.348900250624865, 1456110.226978111779317 ], [ 651367.595545265474357, 1456128.599921442335472 ], [ 651459.969456657301635, 1456090.47330786450766 ], [ 651476.661263205111027, 1456020.598436789819971 ], [ 651417.471699884161353, 1455855.223393452586606 ], [ 651396.221768900053576, 1455656.718166782287881 ], [ 651321.159879469079897, 1455594.973319537937641 ], [ 651272.600587540771812, 1455582.347512076376006 ], [ 651181.413434375426732, 1455617.350920635508373 ], [ 651068.287072544801049, 1455810.597437070915475 ], [ 650993.218085579224862, 1455875.348073010798544 ], [ 650876.350773551384918, 1455916.471238644560799 ], [ 650779.535022162599489, 1455893.468484145822003 ], [ 650752.789269381319173, 1455799.967955102911219 ], [ 650768.910637020599097, 1455701.593861462548375 ], [ 650928.16689572785981, 1455481.720839651301503 ], [ 650944.40820527728647, 1455383.347448258660734 ], [ 650860.918081531184725, 1455069.46450057043694 ], [ 650948.478961195214652, 1454986.718145688297227 ], [ 651214.037776450044475, 1454924.217258620541543 ], [ 651296.356351907248609, 1454973.84460419183597 ], [ 651383.098881755606271, 1455179.471914023626596 ], [ 651475.668191938661039, 1455192.596688021207228 ], [ 651811.478835331043229, 1454899.228051415178925 ], [ 651857.732644053176045, 1454603.72965200105682 ], [ 651838.169025055831298, 1454507.60189902363345 ], [ 651655.041409138590097, 1454378.097425924381241 ], [ 651537.795195217477158, 1454185.474948944058269 ], [ 651501.547259510611184, 1454151.60077473660931 ], [ 651426.987372531788424, 1454147.094008234795183 ], [ 651120.984130394761451, 1454303.596180796390399 ], [ 650996.986085529206321, 1454460.599188988562673 ], [ 650901.164207955822349, 1454715.591150621185079 ], [ 650829.419318397878669, 1454733.590554513968527 ], [ 650789.167804822092876, 1454706.221795319346711 ], [ 650729.988277314696461, 1454337.46268881065771 ], [ 650542.364533506100997, 1453984.344913681736216 ], [ 650517.857554548769258, 1453918.711541569791734 ], [ 650533.492572894319892, 1453849.461028000805527 ], [ 650612.618254270171747, 1453724.08912251656875 ], [ 650684.175981860375032, 1453710.966212722240016 ], [ 650839.862297498388216, 1453828.840160048799589 ], [ 651188.736263665254228, 1453818.723634782247245 ], [ 651231.857741760788485, 1453793.973331212066114 ], [ 651283.60716111259535, 1453681.471406758995727 ], [ 651313.485841832007281, 1453434.842651244485751 ], [ 651278.491910694399849, 1453373.973419804824516 ], [ 650908.49086708156392, 1453313.972109109628946 ], [ 650382.744448239565827, 1453126.092852212255821 ], [ 650330.055254817474633, 1453041.587744222953916 ], [ 650281.677208825014532, 1452847.338268412975594 ], [ 650281.118316549924202, 1452473.959564029006287 ], [ 650329.626513336552307, 1452337.334174256771803 ], [ 650527.253094668034464, 1452233.587458127411082 ], [ 650615.314399161259644, 1452261.959977081278339 ], [ 650676.741918829968199, 1452399.710923847043887 ], [ 650746.874732960015535, 1452470.595974811119959 ], [ 650867.807799058151431, 1452484.969284568214789 ], [ 650984.558335200883448, 1452392.96970128454268 ], [ 651053.11980516940821, 1452230.216878399718553 ], [ 651268.868277307134122, 1452231.974406824214384 ], [ 651512.499202127568424, 1452060.092377283610404 ], [ 651578.868339306791313, 1452088.093373657902703 ], [ 651663.554370285943151, 1452242.093428248539567 ], [ 651751.86782897321973, 1452289.343008772470057 ], [ 651810.496128368075006, 1452285.97391306119971 ], [ 652164.430890061776154, 1452017.220207836246118 ], [ 652483.428601849940605, 1452034.352152432315052 ], [ 652769.116064931033179, 1451945.603274206165224 ], [ 652837.121230668853968, 1451872.851867658086121 ], [ 652859.368200383032672, 1451779.855469026369974 ], [ 652787.685102281626314, 1451620.226870346814394 ], [ 652716.181832719710656, 1451556.353071581106633 ], [ 652568.554730135248974, 1451566.723737049615011 ], [ 652355.687571533955634, 1451696.600272401468828 ], [ 652282.681035846006125, 1451680.595985428895801 ], [ 652239.371415343601257, 1451619.60186057491228 ], [ 652183.123851000098512, 1451376.100125790107995 ], [ 652194.873693068046123, 1451259.726159784011543 ], [ 652284.061405830085278, 1451218.59607057296671 ], [ 652430.746807355084457, 1451208.229494186351076 ], [ 652508.379589467076585, 1451114.225295658921823 ], [ 652524.254004266578704, 1451016.724117531441152 ], [ 652501.75703171256464, 1450886.353728244546801 ], [ 652456.31876628822647, 1450864.728512400994077 ], [ 652297.18946777144447, 1450920.977714423555881 ], [ 652200.064875877229497, 1450911.35517490725033 ], [ 652172.883132430026308, 1450843.227549084695056 ], [ 652194.38042927859351, 1450748.224429662106559 ], [ 652359.314323855447583, 1450568.720075467601418 ], [ 652298.12660143931862, 1450460.479997518705204 ], [ 652111.067780770361423, 1450354.471609889762476 ], [ 652102.442524957470596, 1450281.347705435240641 ], [ 652130.818375937291421, 1450242.102375626796857 ], [ 652272.699403523583896, 1450275.723652070388198 ], [ 652365.440913034952246, 1450245.354539708932862 ], [ 652430.692152278148569, 1450065.970290697645396 ], [ 652431.077001355355605, 1449891.722696450538933 ], [ 652483.94657378597185, 1449846.729024921543896 ], [ 652558.132494104211219, 1449858.22655425989069 ], [ 652720.008605507900938, 1449971.597355687292293 ], [ 652844.761427843361162, 1449967.979459239402786 ], [ 652883.200037604314275, 1449936.600791364442557 ], [ 652924.509600660181604, 1449771.72982728574425 ], [ 652870.943263947963715, 1449611.229504785267636 ], [ 652880.012771470122971, 1449538.480548820691183 ], [ 653224.384471444413066, 1449219.482878926675767 ], [ 653273.633120038895868, 1449217.479662519646809 ], [ 653305.015750321443193, 1449282.73366774735041 ], [ 653295.137440387508832, 1449381.606764024822041 ], [ 653224.26308948174119, 1449535.725538180442527 ], [ 653239.321798090357333, 1449681.353904067538679 ], [ 653309.511710669496097, 1449686.227007945533842 ], [ 653528.570864536100999, 1449575.229378067422658 ], [ 653733.633682003477588, 1449647.730691139353439 ], [ 653844.692748941248283, 1449603.862627550493926 ], [ 653903.637206306331791, 1449396.856356334406883 ], [ 653896.199751696782187, 1449321.481449088314548 ], [ 653988.136465600109659, 1449209.606976483482867 ], [ 654007.323205534368753, 1449114.115901661571115 ], [ 653942.568843491841108, 1448982.986434248276055 ], [ 653719.948388822958805, 1448825.107674048980698 ], [ 653653.637627321761101, 1448706.238294754642993 ], [ 653692.518179723760113, 1448652.605996761936694 ], [ 653844.447335480246693, 1448574.231750553939492 ], [ 654020.517812672187574, 1448396.85514264064841 ], [ 654143.144719907781109, 1448215.484053726540878 ], [ 654179.638630723347887, 1448071.737787176622078 ], [ 654172.955966811161488, 1447946.985722982790321 ], [ 654127.51839267811738, 1447887.857558181276545 ], [ 654036.584251874941401, 1447845.609050843631849 ], [ 653937.767656680196524, 1447843.737601740285754 ], [ 653867.022250917507336, 1447780.485493706073612 ], [ 653865.209510574350134, 1447655.230043368646875 ], [ 654018.460497328895144, 1447466.109616027446464 ], [ 654027.706156535306945, 1447416.614307632204145 ], [ 654006.582456595497206, 1447345.23349434742704 ], [ 653923.711302369134501, 1447295.729879402322695 ], [ 653890.840902135474607, 1447230.61080743232742 ], [ 653884.019540376728401, 1447105.106054635718465 ], [ 653945.398030674201436, 1447000.238707632757723 ], [ 654013.025671289069578, 1446966.358950567431748 ], [ 654192.71580422273837, 1447090.235423068981618 ], [ 654220.651500282459892, 1447166.986645182594657 ], [ 654138.08673859143164, 1447317.60901513393037 ], [ 654145.022548265638761, 1447416.731456741690636 ], [ 654352.645015400019474, 1447470.732062632683665 ], [ 654408.328972874558531, 1447522.362815843429416 ], [ 654706.327603823388927, 1448007.491798150120303 ], [ 654842.136562254512683, 1448111.988523341249675 ], [ 654916.012526780483313, 1448123.490259998012334 ], [ 655054.83011919609271, 1448083.112871257122606 ], [ 655327.58130081393756, 1447915.372571917017922 ], [ 655623.577944077318534, 1447901.619583076331764 ], [ 655617.011500401655212, 1447763.249558588024229 ], [ 655523.07553857867606, 1447588.995902359252796 ], [ 655439.205309880198911, 1447538.364372274139896 ], [ 655326.329874025657773, 1447583.123928736662492 ], [ 655071.262433973723091, 1447815.866334849270061 ], [ 654976.707759420387447, 1447848.363282702630386 ], [ 654911.019355076830834, 1447815.491380091523752 ], [ 654891.824891604250297, 1447744.7399592990987 ], [ 654945.703619248815812, 1447608.990855498006567 ], [ 654870.828776627546176, 1447438.111027543898672 ], [ 654870.521261331043206, 1447313.991878932341933 ], [ 654947.956369486753829, 1447262.116314553888515 ], [ 655270.086820937227458, 1447253.241029615979642 ], [ 655322.459467275533825, 1447201.998900939477608 ], [ 655319.649703088216484, 1447125.620786044048145 ], [ 655197.894380254903808, 1446947.616070789052173 ], [ 655019.465558456722647, 1446817.865755107020959 ], [ 655047.65046277816873, 1446600.742072435095906 ], [ 655019.780692838830873, 1446481.865524699678645 ], [ 654749.526007696171291, 1446466.490332234883681 ], [ 654637.339561408036388, 1446417.36148941423744 ], [ 654588.342005623970181, 1446360.358791545033455 ], [ 654559.720833944855258, 1446264.742416217457503 ], [ 654608.156032789964229, 1446103.983699910342693 ], [ 654582.84649943956174, 1445805.362658541183919 ], [ 654393.841712524183095, 1445687.7375134434551 ], [ 654269.59312137553934, 1445646.230970555217937 ], [ 654034.90951029653661, 1445756.729186925804242 ], [ 653910.655941844568588, 1445756.729269334115088 ], [ 653758.846096861292608, 1445660.10304300673306 ], [ 653634.597130805137567, 1445494.482856208458543 ], [ 653565.594527182518505, 1445494.484062408329919 ], [ 653399.91626591887325, 1445356.35510559566319 ], [ 653289.480207714717835, 1445314.974734822288156 ], [ 652985.787441498134285, 1445397.850792269222438 ], [ 652833.915445609716699, 1445356.352129367180169 ], [ 652695.849585468648002, 1445273.603313921717927 ], [ 652544.040549281984568, 1445245.978524558944628 ], [ 652309.353585650445893, 1445328.725345426006243 ], [ 652198.914996962994337, 1445314.971406073076651 ], [ 652074.662877368391491, 1445245.975149211706594 ], [ 651826.171152564929798, 1445383.970601553563029 ], [ 651688.166501783765852, 1445370.221200180007145 ], [ 651508.673239077208564, 1445273.588377261534333 ], [ 651080.73489868955221, 1445204.460913582472131 ], [ 650252.491043424932286, 1444569.453590993303806 ], [ 649962.556664687814191, 1444445.204126581549644 ], [ 649838.305582244764082, 1444348.575334458379075 ], [ 649741.682194503839128, 1444182.949726454913616 ], [ 649534.623908089008182, 1443989.699427017243579 ], [ 649396.554204958840273, 1443906.82524649403058 ], [ 649037.682779871625826, 1443824.070377911673859 ], [ 648706.371849994407967, 1443796.446916135959327 ], [ 647712.444643031805754, 1443768.810449289157987 ], [ 647491.563506603473797, 1443644.562038336647674 ], [ 646690.883834678563289, 1443327.053704674821347 ], [ 646262.943899056059308, 1443023.308626747457311 ], [ 645835.008716642623767, 1442899.047853816999123 ], [ 645379.453082743682899, 1442650.66853847191669 ], [ 645199.9530703331111, 1442636.800671942764893 ], [ 644910.075326562160626, 1442733.42292221984826 ], [ 644606.387033051112667, 1443023.289341173833236 ], [ 644201.7046750606969, 1443022.038857932435349 ], [ 644069.268548035644926, 1443193.541778336279094 ], [ 643894.391535970498808, 1443285.5331637179479 ], [ 643731.011637979187071, 1443477.040901786880568 ], [ 643588.141133537283167, 1443529.412539084674791 ], [ 643385.580317938933149, 1443673.661206149496138 ], [ 641384.324678565375507, 1444552.392495712963864 ], [ 640252.197549990261905, 1445261.142502360977232 ], [ 640005.19880468735937, 1445386.138330221408978 ], [ 639808.572083719540387, 1445436.506209482904524 ], [ 639735.695752325234935, 1445373.792662445921451 ], [ 639855.667392544215545, 1442706.072396164992824 ], [ 639976.218418168369681, 1440357.039257901720703 ], [ 640010.632252716924995, 1439998.28043415187858 ], [ 640065.453054628451355, 1439860.567073287907988 ], [ 644091.256928048562258, 1435681.427025786601007 ], [ 645061.97159554483369, 1434719.748035999247804 ], [ 647351.611888865474612, 1429946.3716348730959 ], [ 648184.413211549748667, 1428136.459801713004708 ], [ 652953.767788468743674, 1425511.200132990255952 ], [ 655827.998778925626539, 1423905.713225704850629 ], [ 656358.707879241672345, 1423580.185071188723668 ], [ 656421.742855537100695, 1423022.525054099271074 ], [ 656496.903496965533122, 1422892.536046207882464 ], [ 656705.516526405815966, 1421788.044330038363114 ], [ 656807.260665904264897, 1421654.465898915892467 ], [ 656773.255374952917919, 1421497.835697261383757 ], [ 656991.814071150380187, 1420579.110075022093952 ], [ 657068.714426706545055, 1420393.976199350552633 ], [ 657102.209145882399753, 1419949.857413888443261 ], [ 657263.212979658506811, 1419243.233716359129176 ], [ 657239.1913322142791, 1419104.126318564871326 ], [ 657031.932326893787831, 1418848.159922883613035 ], [ 657039.760183172882535, 1418557.615409183315933 ], [ 657143.961475891526788, 1418400.267398152966052 ], [ 657180.781997215468436, 1418208.79116011923179 ], [ 657171.990267895977013, 1417825.564197653206065 ], [ 657068.523280953522772, 1417481.751508400775492 ], [ 657011.398750356864184, 1416982.368539455579594 ], [ 656932.879019051673822, 1416926.286943497136235 ], [ 656853.793361140298657, 1416748.16639772313647 ], [ 656859.292312467820011, 1416553.052346142008901 ], [ 656498.59080892894417, 1415797.406072023557499 ], [ 655963.566335988231003, 1414530.23372717644088 ], [ 656022.834079609019682, 1414211.348294683266431 ], [ 656880.947344882180914, 1412818.723166729090735 ], [ 656966.543833686038852, 1412566.235563229303807 ], [ 657079.116246831836179, 1412474.264257036149502 ], [ 657922.638046651612967, 1411112.497417189879343 ], [ 657984.190730307018384, 1410824.356585765024647 ], [ 657913.831893716240302, 1410558.816721622133628 ], [ 657771.705769518041052, 1410383.063648520503193 ], [ 657733.990440041176043, 1410285.009085412602872 ], [ 657804.438891726080328, 1410073.710216445382684 ], [ 657025.876396556501277, 1408839.613708591321483 ], [ 656625.956308263004757, 1408270.952439370332286 ], [ 656595.702859392738901, 1408136.017043854575604 ], [ 656580.286777912639081, 1407933.78587941499427 ], [ 656800.200115834013559, 1406673.681662057992071 ], [ 656789.564930403837934, 1406418.036910281516612 ], [ 656670.608969836379401, 1405222.790091278962791 ], [ 656313.808496852987446, 1402369.461015068227425 ], [ 656039.086660432280041, 1402337.515592254232615 ], [ 656092.90462442766875, 1401858.236298403935507 ], [ 656169.561734939343296, 1401829.178697640774772 ], [ 656181.786713055567816, 1401735.463623022427782 ], [ 660793.4137630215846, 1401761.24697340442799 ], [ 660905.145448444527574, 1401725.320819781161845 ], [ 661385.347874662606046, 1401728.050563111901283 ], [ 661492.199463007738814, 1401702.419774531153962 ], [ 662852.926686793100089, 1401683.964644914260134 ], [ 663039.9802659554407, 1401632.571931747253984 ], [ 663311.332714734482579, 1401634.13377297972329 ], [ 665068.580452423542738, 1401460.644162666285411 ], [ 666109.204662524163723, 1401440.492785804904997 ], [ 666296.257497834041715, 1401389.109563963953406 ], [ 666990.207437017466873, 1401340.719134914455935 ], [ 667070.556981792673469, 1401288.712591578252614 ], [ 667390.70840435125865, 1401290.600601648911834 ], [ 667711.159662363934331, 1401240.025083812884986 ], [ 667925.060877774842083, 1401162.581918492680416 ], [ 668432.275054636178538, 1401113.109614028828219 ], [ 668539.305200569331646, 1401061.276349467458203 ], [ 669206.596709275851026, 1401012.769179595867172 ], [ 669260.263910531182773, 1400960.620129398768768 ], [ 669794.321158176637255, 1400885.102450596867129 ], [ 669901.355238016578369, 1400833.273934020660818 ], [ 670163.832123405300081, 1400786.902318428270519 ], [ 672876.669099103426561, 1400408.092034955276176 ], [ 679264.181099855457433, 1399764.046057589817792 ], [ 679718.315635222010314, 1399266.029936028877273 ], [ 680045.138650933862664, 1399155.943337650271133 ], [ 680341.769432790344581, 1399144.173457733821124 ], [ 680494.81370987300761, 1399207.917131087975577 ], [ 680624.979911123751663, 1399696.712409568950534 ], [ 680719.827570667257532, 1399811.265177632914856 ], [ 680839.996411106316373, 1399890.102242694701999 ], [ 681147.56507159024477, 1399944.015322358813137 ], [ 681354.441065518651158, 1399778.427805877989158 ], [ 681399.080821415758692, 1399701.647689005592838 ], [ 681437.319084289600141, 1399446.833055713679641 ], [ 681456.959340031957254, 1399457.214011122938246 ], [ 681336.917737037409097, 1399206.919921522028744 ], [ 681243.457658987492323, 1399176.231866851681843 ], [ 681252.185256631230004, 1399156.871903658844531 ], [ 681027.568963239435107, 1398977.623185428325087 ], [ 681159.345211911015213, 1398342.26080748368986 ], [ 681321.261311578331515, 1398269.237318531842902 ], [ 681419.52613065589685, 1398316.981931480113417 ], [ 681911.176485494361259, 1398369.974790740758181 ], [ 682270.467455225298181, 1398184.425422672647983 ], [ 682543.714583108434454, 1398102.752041317988187 ], [ 682662.594546026084572, 1398122.411524021299556 ], [ 682914.715939018409699, 1398254.688389584189281 ], [ 683110.741492637898773, 1398313.135994974058121 ], [ 683519.536005453206599, 1398644.78019735054113 ], [ 683611.926604191074148, 1398635.929125711554661 ], [ 683805.854187188437209, 1398440.413194496883079 ], [ 683948.511952532106079, 1398415.094357713125646 ], [ 684112.184047241695225, 1398441.345133522059768 ], [ 684237.856275658356026, 1398565.990034420741722 ], [ 684366.659390712156892, 1398619.829284004634246 ], [ 684544.401390495011583, 1398617.310115112224594 ], [ 684777.570218580542132, 1398543.263541822088882 ], [ 685264.739406144944951, 1398513.422774996375665 ], [ 685691.843051144387573, 1398535.051253544166684 ], [ 685988.536706143291667, 1398622.521936621284112 ], [ 686088.626259962678887, 1398578.050033712526783 ], [ 686129.277217378141358, 1398401.004698022035882 ], [ 686170.23114070110023, 1398381.768341290997341 ], [ 686212.751114510116167, 1398476.704575172625482 ], [ 686151.859711549594067, 1398653.75000742985867 ], [ 685719.579584741732106, 1399139.951684773201123 ], [ 685714.318789235549048, 1399341.390826978255063 ], [ 685830.174861785606481, 1399392.30966192507185 ], [ 685983.132116267690435, 1399379.968624720117077 ], [ 686212.158631504164077, 1399578.031376589322463 ], [ 686615.95007349376101, 1399739.319525779690593 ], [ 686824.889275199500844, 1399670.58518785610795 ], [ 686953.989235903602093, 1399704.448017051676288 ], [ 687000.402673789300025, 1399633.029908423079178 ], [ 687006.02742415945977, 1399489.929205057676882 ], [ 687056.132044612662867, 1399428.857555194990709 ], [ 687126.660278054652736, 1399423.967539822682738 ], [ 687376.85387833614368, 1399617.024795913835987 ], [ 687548.927653828519396, 1399608.668470232980326 ], [ 687702.406036911066622, 1399524.206828266382217 ], [ 687925.148313219775446, 1399079.393280532443896 ], [ 687992.549317283905111, 1399003.866845560027286 ], [ 688517.386674823937938, 1399229.609443324850872 ], [ 689017.056397930718958, 1399265.910538674332201 ], [ 689223.125218349276111, 1399344.39514551544562 ], [ 689695.413274511927739, 1399148.546608514152467 ], [ 690096.835279984748922, 1398742.48849190142937 ], [ 690301.1965398642933, 1398638.277239623479545 ], [ 690729.129139769705944, 1398771.884460652479902 ], [ 690889.210954482434317, 1398871.248242377536371 ], [ 691061.973915525246412, 1399060.5456734362524 ], [ 691189.571397284744307, 1399138.561623223125935 ], [ 691353.197597469668835, 1399054.783578204922378 ], [ 691506.542478370945901, 1398808.921686671674252 ], [ 691569.358415741939098, 1398638.423590417485684 ], [ 691714.700346307246946, 1398545.484865149483085 ], [ 692232.998528483672999, 1398016.172723103547469 ], [ 692328.828357216203585, 1397978.839426429243758 ], [ 692442.988040228025056, 1398058.57320230291225 ], [ 692492.784474565181881, 1398175.211413068464026 ], [ 692588.523739919997752, 1398268.29674662463367 ], [ 692890.37613292154856, 1398324.500322276959196 ], [ 693099.533770343288779, 1398487.350792341632769 ], [ 693334.254472570610233, 1398902.319637047126889 ], [ 693372.401257173158228, 1399115.953839957015589 ], [ 693476.830597805324942, 1399221.117439688416198 ], [ 693580.516305090859532, 1399228.052794322138652 ], [ 693818.285405198344961, 1399090.791324696270749 ], [ 694070.632858158205636, 1399092.514268801780418 ], [ 694156.911072917515412, 1399166.688848432153463 ], [ 694155.020032831700519, 1399243.07110388414003 ], [ 694199.993778594536707, 1399266.026071332627907 ], [ 694311.96379492233973, 1399467.455275025684386 ], [ 694354.743625928880647, 1399466.431440345942974 ], [ 694416.986776206525974, 1399542.389825464691967 ], [ 694568.271574411774054, 1399583.698148069437593 ], [ 694803.117902392987162, 1399534.060847823973745 ], [ 694928.442841622862034, 1399373.477994390763342 ], [ 694967.661500858259387, 1399231.300853892229497 ], [ 694979.166164296446368, 1398946.509276440832764 ], [ 694737.961810261243954, 1398507.481601099716499 ], [ 694830.031101051950827, 1398394.708921656711027 ], [ 695040.362973226234317, 1398386.658854222623631 ], [ 695376.16316917585209, 1398460.592426527757198 ], [ 695394.534927423577756, 1398422.747733920114115 ], [ 695442.511252801748924, 1398435.7567564828787 ], [ 695501.862152288667858, 1398401.502037035301328 ], [ 695595.442462754203007, 1398276.516226399457082 ], [ 695824.197623267071322, 1398168.327053805347532 ], [ 695833.751193803502247, 1398131.572431538254023 ], [ 696213.519037447869778, 1398000.042047167662531 ], [ 696650.300869932048954, 1397770.995203161379322 ], [ 696951.782781853689812, 1397390.226948605384678 ], [ 697243.37294188386295, 1397232.141839845804498 ], [ 697275.398299787892029, 1397168.724330129567534 ], [ 697349.206949772429653, 1397151.467646648408845 ], [ 697507.857889310223982, 1396770.343515985412523 ], [ 697612.525570472236723, 1396648.304928953526542 ], [ 697760.454792861011811, 1396633.500074273906648 ], [ 697909.33210494031664, 1396763.629105987027287 ], [ 697955.802909831516445, 1397016.796669841511175 ], [ 698344.432764603756368, 1397521.022115610307083 ], [ 698397.432578882668167, 1397714.292207494145259 ], [ 698382.773746453924105, 1397837.553257739171386 ], [ 698442.117429702659138, 1397912.549666879232973 ], [ 698551.082246638135985, 1397936.146498108049855 ], [ 698671.119098409311846, 1397905.242466378491372 ], [ 698781.317570627550595, 1397767.922963419463485 ], [ 698925.824404007056728, 1397663.969354818807915 ], [ 698919.443219851353206, 1397467.162464106688276 ], [ 698955.722820068127476, 1397274.52637812285684 ], [ 698998.912814790499397, 1397201.540529580088332 ], [ 699084.581481770728715, 1397171.271382645936683 ], [ 699165.609426224487834, 1397237.41499769850634 ], [ 699144.748311984119937, 1397778.863621100550517 ], [ 699269.052837803843431, 1397770.241566334618255 ], [ 699391.971753551042639, 1397706.677404641406611 ], [ 699589.706513022305444, 1397516.645629578270018 ], [ 699762.125041374703869, 1397446.072636019904166 ], [ 699874.744862688472494, 1397443.002522000111639 ], [ 699952.027365098707378, 1397497.549438258633018 ], [ 699995.860749628627673, 1397708.871523854089901 ], [ 699925.115625511854887, 1398177.180589079624042 ], [ 699867.73913215729408, 1398258.750747371232137 ], [ 699856.779161957325414, 1398341.775864470517263 ], [ 699996.500360009027645, 1398408.689503415022045 ], [ 700250.42141820397228, 1398204.475265830988064 ], [ 700374.915186858852394, 1398167.358491237275302 ], [ 700627.358581978012808, 1398127.062309965258464 ], [ 701043.849363877438009, 1398181.585829435149208 ], [ 701311.838724711327814, 1398126.502142096869648 ], [ 702015.587799599627033, 1397276.808622417971492 ], [ 702149.717539146891795, 1397230.285110811935738 ], [ 702209.32116158423014, 1397301.331483605550602 ], [ 702226.952085775323212, 1397466.932903214124963 ], [ 702182.294727568048984, 1398545.551503625232726 ], [ 702345.151207060553133, 1398536.542623198125511 ], [ 703084.985394025105052, 1397868.460919436067343 ], [ 703291.729053917340934, 1397955.65321541717276 ], [ 703423.981602697400376, 1398124.39988869568333 ], [ 703261.03793521085754, 1398266.64925958449021 ], [ 703214.290886033908464, 1398382.777388462563977 ], [ 703621.282224997878075, 1398708.778460760135204 ], [ 703670.09871866798494, 1399002.907328854314983 ], [ 703793.467142216279171, 1399191.287665912881494 ], [ 703841.531744337407872, 1399501.908803624333814 ], [ 703791.27340592793189, 1399842.162648051278666 ], [ 703840.335296840872616, 1399919.787980707595125 ], [ 703857.276537449797615, 1400043.40944339777343 ], [ 703789.770353164989501, 1400278.528071552747861 ], [ 703789.212139643495902, 1400430.403817739104852 ], [ 703855.525335565209389, 1400535.282952588517219 ], [ 703946.647810156457126, 1400820.655860239872709 ], [ 703937.330868099234067, 1401093.534627761226147 ], [ 703992.077255838783458, 1401209.66114878281951 ], [ 703966.012822795775719, 1401382.032918979646638 ], [ 703998.705418864497915, 1401448.156151699367911 ], [ 704167.699510319624096, 1401592.666636145208031 ], [ 704174.382659923401661, 1401743.289374271640554 ], [ 704115.578822026611306, 1401880.163328618975356 ], [ 704107.319086620933376, 1402129.538329061353579 ], [ 704154.947535804472864, 1402322.412008975865319 ], [ 704137.88621267164126, 1402470.916443484835327 ], [ 704208.064541119383648, 1402683.658471967326477 ], [ 704306.06554361176677, 1402796.6682385050226 ], [ 704430.379819339839742, 1403038.790352259762585 ], [ 704612.626379060558975, 1403114.0384825412184 ], [ 705018.806992851663381, 1403445.168124650837854 ], [ 705217.182393512688577, 1403437.91958312666975 ], [ 705488.057400689460337, 1403480.54581502545625 ], [ 706635.98952695610933, 1403461.305019237333909 ], [ 706856.492038635304198, 1403417.428808618336916 ], [ 707164.427137042046525, 1403253.059233468491584 ], [ 707557.989871730329469, 1403095.184051373507828 ], [ 707713.307926363777369, 1403061.192694853059947 ], [ 707937.808709493838251, 1403074.313921953551471 ], [ 708241.491190650616772, 1403232.821347916731611 ], [ 708716.921611093333922, 1403589.315905654802918 ], [ 708944.984225649386644, 1403895.076494561275467 ], [ 708930.045807056478225, 1404065.948134593432769 ], [ 708991.602259425446391, 1404378.702265313128009 ], [ 709113.540079906350002, 1404642.200625216821209 ], [ 709781.658560044597834, 1405670.709289315855131 ], [ 709988.906811602646485, 1406153.828868925338611 ], [ 710037.219856291078031, 1406398.452805752633139 ], [ 710203.900151169043966, 1406762.837075614836067 ], [ 710234.149960864917375, 1406984.954553823219612 ], [ 710313.579683551914059, 1407168.213877282105386 ], [ 710365.327170505770482, 1407513.830732437549159 ], [ 710460.332786175771616, 1407744.840787245891988 ], [ 710574.450019030831754, 1407840.959556104848161 ], [ 710609.76288630720228, 1407934.089679320575669 ], [ 710612.82917196454946, 1408058.834703083848581 ], [ 710582.206813001539558, 1408179.964621497085318 ], [ 710515.077091611456126, 1408283.716001483844593 ], [ 710500.075278200558387, 1408406.21280341478996 ], [ 710571.077413016348146, 1408872.082923190202564 ], [ 710736.258545293472707, 1409315.841922654770315 ], [ 710755.566384675912559, 1409513.96861718269065 ], [ 710667.505364700569771, 1409747.463506929343566 ], [ 710660.756247507408261, 1409846.841284586582333 ], [ 710576.312639304320328, 1409872.588679704349488 ], [ 710525.753318991046399, 1409927.833630063803867 ], [ 710428.439578768680803, 1410315.71299766516313 ], [ 710361.05911847227253, 1410407.091736914590001 ], [ 710447.683000311022624, 1410496.334425858454779 ], [ 710425.502535074949265, 1410592.58725902531296 ], [ 710490.930449036881328, 1410657.838312660576776 ], [ 710541.865884830243886, 1410873.218987968517467 ], [ 710659.304964777780697, 1411061.966474420158193 ], [ 710676.058259933255613, 1411310.839676905889064 ], [ 710614.861459483159706, 1411577.463998817838728 ], [ 710502.617235605721362, 1411708.08521403837949 ], [ 710323.111373335123062, 1411786.841219364432618 ], [ 710303.681962283095345, 1411879.839400094468147 ], [ 710418.115229041548446, 1412102.588201396400109 ], [ 710548.050604403368197, 1412217.096162323374301 ], [ 710562.921060715103522, 1412406.836101529421285 ], [ 710790.426068040076643, 1412560.094797395402566 ], [ 710969.924805393908173, 1412768.596370470244437 ], [ 711036.922615683753975, 1412781.469532296760008 ], [ 711116.546087700873613, 1412686.466899804538116 ], [ 711163.923714033910073, 1412677.096574876224622 ], [ 711555.664625340024941, 1412837.349758620606735 ], [ 711952.85443142009899, 1412800.09752708603628 ], [ 712115.915915664983913, 1412856.972355244448408 ], [ 712180.036566030001268, 1412990.600135187618434 ], [ 712209.105758048943244, 1413287.480883535230532 ], [ 712461.7245793530019, 1413528.601650061784312 ], [ 712515.531889913254417, 1413639.735228847479448 ], [ 712525.350838259793818, 1413814.735064097912982 ], [ 712460.279200671589933, 1413910.85096372384578 ], [ 712399.3448128917953, 1413946.72754480689764 ], [ 712250.469066481571645, 1413934.980274437461048 ], [ 712215.529759129276499, 1413968.475450532045215 ], [ 712217.839787418721244, 1414091.103282820433378 ], [ 712044.657115290174261, 1414161.850422126241028 ], [ 712055.030538745108061, 1414236.351316010579467 ], [ 712124.839028445770964, 1414339.605026194592938 ], [ 712150.906832944485359, 1414512.978943727910519 ], [ 712244.656168583664112, 1414658.350060935132205 ], [ 712245.835222859168425, 1414758.109295595670119 ], [ 712189.280523882713169, 1414895.849637754494324 ], [ 712066.343045166926458, 1415017.730441041057929 ], [ 711647.151676838635467, 1415010.097208308987319 ], [ 711542.715718944906257, 1415118.354631268419325 ], [ 711508.085157196968794, 1415226.474278767360374 ], [ 711852.521918742218986, 1415396.107331940671429 ], [ 712142.519811438862234, 1415446.230843049474061 ], [ 712309.455682013183832, 1415417.982862878823653 ], [ 712812.650326568284072, 1415239.35428011813201 ], [ 713071.150661237537861, 1415190.23914475296624 ], [ 713739.145763371838257, 1415217.491286175791174 ], [ 713990.32774262316525, 1415306.862886646995321 ], [ 714098.833591396571137, 1415469.372708381153643 ], [ 714092.266243582009338, 1415570.114132057642564 ], [ 714036.514717542100698, 1415644.123461778508499 ], [ 713605.387834241730161, 1415925.486377449939027 ], [ 713469.821730054914951, 1416259.4922206166666 ], [ 713473.138038533972576, 1416761.116825776407495 ], [ 713549.198642970761284, 1416941.491546192904934 ], [ 713746.693266391404904, 1417162.869830466574058 ], [ 714100.07245234795846, 1417290.247589937411249 ], [ 714411.193839001003653, 1417452.250542669789866 ], [ 714651.0607652857434, 1417521.749628257239237 ], [ 714803.372329787467606, 1417609.877272133715451 ], [ 714915.880122735630721, 1417744.129825856536627 ], [ 715386.990898580523208, 1418599.75243076402694 ], [ 715503.295306536951102, 1419341.504082275554538 ], [ 715618.486115130363032, 1419699.630378945032135 ], [ 715748.798741878592409, 1419970.381898930529132 ], [ 715933.101562399067916, 1420207.636387577513233 ], [ 716155.979370821034536, 1420411.010293442755938 ], [ 716266.795132843777537, 1420466.761557498946786 ], [ 716668.350651117041707, 1420609.889366254908964 ], [ 717259.973325970117003, 1420711.267742457799613 ], [ 717659.593988460255787, 1420697.644903214415535 ], [ 718034.348632964072749, 1420639.904422492720187 ], [ 718554.655169126926921, 1420465.149926984217018 ], [ 718730.53419556946028, 1420370.034876347053796 ], [ 718866.161112809670158, 1420224.02588274050504 ], [ 718941.157086287392303, 1420067.152346070157364 ], [ 718990.858566127368249, 1419339.527482072124258 ], [ 718923.734517597826198, 1419213.03411161666736 ], [ 718769.980881111114286, 1419089.526527327252552 ], [ 717666.985360612394288, 1418461.648318080697209 ], [ 717382.114450441906229, 1418179.019628830486909 ], [ 717078.868546692770906, 1417572.140178691130131 ], [ 717021.807312806253321, 1417262.015258422121406 ], [ 717070.37549216800835, 1417098.393313042121008 ], [ 717350.066231766249985, 1416901.263880025828257 ], [ 718061.756879565306008, 1416205.769605604698882 ], [ 718265.069242442958057, 1416069.897405097493902 ], [ 718415.185683439252898, 1416069.018563138786703 ], [ 718562.194017015979625, 1416156.27379500027746 ], [ 718659.130041353870183, 1416329.770138941472396 ], [ 718751.747029043966904, 1416577.902296757092699 ], [ 718752.501078335451894, 1416677.529492009896785 ], [ 718829.931716635474004, 1416926.030684022465721 ], [ 718924.366853400599211, 1417152.15819659573026 ], [ 719066.247877407353371, 1417292.900450678775087 ], [ 719262.552357090055011, 1417301.782686204649508 ], [ 719597.745727684348822, 1417156.52854634472169 ], [ 720451.433711035992019, 1416551.541371556930244 ], [ 720873.623482677852735, 1416097.914127462310717 ], [ 721321.124422934604809, 1415368.163103086175397 ], [ 721516.568457831046544, 1415211.423672357108444 ], [ 721610.434970058267936, 1415199.914949357509613 ], [ 721751.683469013893045, 1415258.548876595683396 ], [ 722160.429809878580272, 1415545.423874249449 ], [ 722409.993990038638003, 1415564.054033351130784 ], [ 722674.689289591391571, 1415493.296974289463833 ], [ 723014.247342945775017, 1415285.425397210055962 ], [ 723531.93084876309149, 1415044.42776999855414 ], [ 723724.557224914315157, 1415088.05569681385532 ], [ 723842.805369924288243, 1415061.809859733330086 ], [ 723970.309636370977387, 1414884.060835822485387 ], [ 723938.813930004718713, 1413846.061153059126809 ], [ 724065.44963231892325, 1413336.434603951172903 ], [ 724417.517614560085349, 1412489.56482704100199 ], [ 724657.822438283474185, 1412274.562259178608656 ], [ 724752.331361672491767, 1412242.684346614871174 ], [ 724928.01664625108242, 1412246.312516504898667 ], [ 725333.390105380443856, 1412513.938668366987258 ], [ 725568.948180778650567, 1412829.573789594927803 ], [ 726120.436343125184067, 1413407.321051143109798 ], [ 726664.126525116735138, 1413753.32382832840085 ], [ 727884.675031820079312, 1414334.339017323916778 ], [ 728524.923864259384573, 1414676.343416419811547 ], [ 728885.551295003388077, 1415040.097521198913455 ], [ 729296.976865205913782, 1415653.468434041831642 ], [ 729507.41507241257932, 1415864.845547739649191 ], [ 729720.033414250588976, 1415992.60545230191201 ], [ 729932.663164827856235, 1416036.597295603016391 ], [ 730146.853730477392673, 1415994.852631716057658 ], [ 730314.289358161156997, 1415900.482693641446531 ], [ 730512.59695613454096, 1415719.476130144437775 ], [ 730904.034778381697834, 1415476.860049620037898 ], [ 731399.036617728299461, 1415355.35762786003761 ], [ 732024.288712976500392, 1415358.238910130690783 ], [ 732193.4124899613671, 1415332.989845773437992 ], [ 732560.159255016827956, 1415227.499123066430911 ], [ 732713.785388200660236, 1415144.746145782759413 ], [ 732931.043378044851124, 1414901.242076687049121 ], [ 733085.794812212465331, 1414624.375624795909971 ], [ 733126.725031949114054, 1414436.500312025658786 ], [ 732945.299806982045993, 1413889.241105276858434 ], [ 732795.919199115829542, 1413697.243502868339419 ], [ 732764.676002060412429, 1413506.490633744746447 ], [ 732789.549812617246062, 1412936.99601861811243 ], [ 732842.618892547325231, 1412826.872653592610732 ], [ 732862.492450996302068, 1412559.621730444720015 ], [ 732917.058532298658974, 1412350.11386218899861 ], [ 732881.994611896108836, 1411582.491478042677045 ], [ 733019.185396293294616, 1411361.748844671295956 ], [ 733239.505572254885919, 1411248.749823291553184 ], [ 733542.121439758921042, 1411404.127584468340501 ], [ 733651.993680128129199, 1411567.624914823099971 ], [ 733842.305433355737478, 1412157.754728980362415 ], [ 734045.734766743844375, 1412650.502407131018117 ], [ 734116.48972295538988, 1412710.373477430548519 ], [ 734261.046792604727671, 1412692.377012519864365 ], [ 734536.738925561774522, 1412403.375183056574315 ], [ 734609.181567495688796, 1412363.753040397306904 ], [ 734624.549039965146221, 1412267.626116092316806 ], [ 734839.489137286320329, 1411892.377408559666947 ], [ 734912.555189947946928, 1411541.386778799351305 ], [ 734908.627572280587628, 1411065.633449546294287 ], [ 734932.432071299641393, 1410898.375930679962039 ], [ 734997.620702196611091, 1410765.26029248861596 ], [ 735522.812910683802329, 1410258.888620293932036 ], [ 735633.873166565899737, 1410205.757791043724865 ], [ 735876.62879670644179, 1409993.764377210754901 ], [ 736136.381933756521903, 1409850.017639468889683 ], [ 736374.625367864966393, 1409636.761206492083147 ], [ 736697.124455673387274, 1409413.512126721208915 ], [ 737077.009992531850003, 1409002.772937604226172 ], [ 737257.004578795516863, 1408745.894901110557839 ], [ 737673.698070570244454, 1408356.27552279504016 ], [ 738099.699172450462356, 1408076.530121098738164 ], [ 738647.381425338797271, 1407874.398912810720503 ], [ 739545.764199684606865, 1407426.538784310454503 ], [ 740269.888221683795564, 1406977.916665684897453 ], [ 741051.947441017604433, 1406655.167377599515021 ], [ 741304.137962434208021, 1406494.672078398056328 ], [ 741439.197850537719205, 1406355.919765801168978 ], [ 742191.323721803724766, 1405972.671136572491378 ], [ 742498.197412073146552, 1406032.927106648450717 ], [ 742968.944315256201662, 1406280.429721163352951 ], [ 743319.193872542586178, 1406278.053561912383884 ], [ 743951.327711486723274, 1406125.434106751345098 ], [ 744317.637187165208161, 1405931.063956105615944 ], [ 744408.889457948273048, 1405900.068455761298537 ], [ 744451.255568235879764, 1405918.562479232670739 ], [ 744535.884524464956485, 1405831.821057519409806 ], [ 744947.951798428897746, 1405627.948509196285158 ], [ 745132.57802319759503, 1405554.824081531958655 ], [ 745307.256080176332034, 1405547.69560802471824 ], [ 745599.073718893574551, 1405581.825179032748565 ], [ 745857.632255151518621, 1405682.203874457161874 ], [ 745993.442251384723932, 1405654.201284388778731 ], [ 746227.819557123933919, 1405702.701080042403191 ], [ 746506.064625914907083, 1405806.710710332263261 ], [ 746869.563767293002456, 1405882.582603090442717 ], [ 747100.258689382579178, 1405979.211282019037753 ], [ 747249.318804920767434, 1405990.46407488361001 ], [ 747512.379905727808364, 1405914.587652302114293 ], [ 747820.380205013323575, 1405700.092128058662638 ], [ 748179.694717927603051, 1405290.967379851965234 ], [ 748626.007185321883298, 1405234.592967903474346 ], [ 748920.56329095910769, 1405289.10046237334609 ], [ 749168.688178978627548, 1405431.353156526573002 ], [ 749292.566823314176872, 1405585.472639718325809 ], [ 749842.501845268299803, 1406000.482558442512527 ], [ 749997.058107764227316, 1406233.234466697787866 ], [ 749917.496866918634623, 1406467.225302177947015 ], [ 749730.303531817509793, 1406754.350726123200729 ], [ 749661.558935745386407, 1406796.230687825474888 ], [ 749539.613641416886821, 1407180.606611960101873 ], [ 749512.924396950518712, 1407403.731888224370778 ], [ 749551.230011416366324, 1407852.851287472760305 ], [ 749637.168264220817946, 1408269.478118248283863 ], [ 749863.418766841175966, 1408629.47685154597275 ], [ 750066.536803774302825, 1408810.103406192036346 ], [ 750376.480790311470628, 1408935.73421230004169 ], [ 750980.165459885029122, 1409062.243745351675898 ], [ 751419.223541025887243, 1409243.123463017400354 ], [ 751617.096285357722081, 1409396.491033443016931 ], [ 751923.284527647076175, 1409567.993778206873685 ], [ 752252.398584718350321, 1409687.876309406012297 ], [ 752626.278291853377596, 1409684.506217033369467 ], [ 753405.341294029727578, 1409508.505916902795434 ], [ 753880.838702929904684, 1409510.260083100525662 ], [ 754127.213100183289498, 1409552.25692000426352 ], [ 754303.777889038668945, 1409646.640588960144669 ], [ 754452.40281911753118, 1409780.263003001920879 ], [ 754555.335616571945138, 1409919.395024416502565 ], [ 754675.773785035824403, 1410248.021605466725305 ], [ 754823.331863493542187, 1410524.26742424047552 ], [ 755063.890686330967583, 1410814.018104179529473 ], [ 755237.073548824992031, 1410935.152100289706141 ], [ 755398.326051378506236, 1410985.644173671491444 ], [ 755743.574493807856925, 1410949.530510690296069 ], [ 756418.382731745252386, 1410968.659562817541882 ], [ 756764.568529931595549, 1411024.408055293839425 ], [ 757087.819413958583027, 1411011.164535104529932 ], [ 757332.628337675821967, 1411129.159845955437049 ], [ 757454.758292053127661, 1411154.537033624015749 ], [ 757882.941756050568074, 1411087.165906887035817 ], [ 758318.009006895590574, 1410942.42113154893741 ], [ 758647.876473441836424, 1410717.922734020510688 ], [ 758952.132855715230107, 1410372.671766311395913 ], [ 759143.077095559798181, 1409993.298234487418085 ], [ 759198.510480804019608, 1409700.050304680829868 ], [ 759381.519737827708013, 1409207.178472677944228 ], [ 759387.328024897607975, 1408711.426323750056326 ], [ 759306.897356651024893, 1408474.549718188121915 ], [ 759174.019713949644938, 1408291.923481203848496 ], [ 758959.643688377924263, 1408118.290230232523754 ], [ 758611.275859420653433, 1407901.671634204220027 ], [ 758542.335584444575943, 1407767.537866746075451 ], [ 758545.524682869901881, 1407643.539020804222673 ], [ 758598.903561029816046, 1407559.667522199684754 ], [ 758754.651262028957717, 1407435.040715018752962 ], [ 759423.843011243152432, 1407231.551400837721303 ], [ 760078.840276202536188, 1406778.425890426384285 ], [ 760993.909264012356289, 1406613.558927080594003 ], [ 761579.652649472467601, 1406665.683305132668465 ], [ 761739.463974885526113, 1406720.434683693572879 ], [ 762110.336359517648816, 1406695.693049363326281 ], [ 762279.340171163203195, 1406597.060287367785349 ], [ 762485.64819778862875, 1406304.316044257953763 ], [ 762583.216555119259283, 1406224.811214676126838 ], [ 763072.466999018215574, 1406313.192302559502423 ], [ 763279.780220736283809, 1406401.323078627930954 ], [ 763529.216134971706197, 1406420.073425885057077 ], [ 763712.150951056974009, 1406386.327883528545499 ], [ 763811.339920541155152, 1406314.080512133426964 ], [ 764052.401979772839695, 1406249.954473162069917 ], [ 764155.836134302895516, 1406180.581225705333054 ], [ 764489.900858439970762, 1405844.20308445696719 ], [ 764795.962242868961766, 1405421.585430986713618 ], [ 765193.970726218307391, 1405279.089042288949713 ], [ 765652.529333761893213, 1405277.216018784791231 ], [ 766043.274424016126432, 1405364.843654395779595 ], [ 766509.839482621755451, 1405545.592120682122186 ], [ 767059.774385746335611, 1405575.219819154124707 ], [ 767382.463813557755202, 1405705.602958689909428 ], [ 767656.273649778449908, 1405720.977847582427785 ], [ 768006.640872919233516, 1405826.981006115209311 ], [ 768480.706928382045589, 1405859.482684936374426 ], [ 768721.267854112549685, 1405798.986124379793182 ], [ 768917.149466970935464, 1405574.613860741257668 ], [ 769154.643337088637054, 1405391.482176520628855 ], [ 769375.149954639840871, 1405359.48962044226937 ], [ 769722.013640470337123, 1405397.861451574135572 ], [ 770125.140295017161407, 1405534.867326160427183 ], [ 770333.643653639825061, 1405620.739715789211914 ], [ 770666.132955352077261, 1405843.627051392570138 ], [ 770891.321885666693561, 1406077.246121873147786 ], [ 771027.884264114545658, 1406345.128434239188209 ], [ 771243.070347574772313, 1406652.131603214424103 ], [ 771681.877441386692226, 1406984.133517155656591 ], [ 771856.628036849666387, 1407315.881602339679375 ], [ 771845.68582653044723, 1407514.509376066038385 ], [ 771643.74672415619716, 1408180.259403329575434 ], [ 771719.810077410074882, 1408465.885819386690855 ], [ 771580.869397787260823, 1408885.259034158894792 ], [ 771638.364429103443399, 1409065.506942557869479 ], [ 771779.929112365469337, 1409185.884771815966815 ], [ 772670.979327514418401, 1409584.017818557331339 ], [ 773150.044823219068348, 1409946.265367968939245 ], [ 773343.418333166511729, 1409998.272054648958147 ], [ 773542.669388172449544, 1409982.01833282969892 ], [ 773690.227744059171528, 1410007.647907907608896 ], [ 773853.349095626967028, 1410123.521684587234631 ], [ 774035.096851436770521, 1410328.397138429339975 ], [ 774687.033181959763169, 1410583.160703424364328 ], [ 774782.843760245712474, 1410662.531807622406632 ], [ 774784.160374062834308, 1410832.779008623212576 ], [ 774571.154798958217725, 1411047.65953403711319 ], [ 774085.711859922856092, 1411385.656692705117166 ], [ 773861.842699239612557, 1411491.901410455582663 ], [ 773504.84416615171358, 1411564.653729035053402 ], [ 773288.399879716453142, 1411679.896162123885006 ], [ 773183.337749775964767, 1411816.145079671405256 ], [ 773174.147297714953311, 1411915.645088987890631 ], [ 773184.149097974644974, 1412040.403014459414408 ], [ 773278.148468369618058, 1412213.153295361902565 ], [ 773420.585108037572354, 1412354.274149989942089 ], [ 773556.956835019751452, 1412416.148062188411132 ], [ 773648.894092319067568, 1412501.156880885129794 ], [ 773837.330862473929301, 1412728.027387222042307 ], [ 773913.711189413676038, 1412908.656933894380927 ], [ 773939.895442458218895, 1413451.780052001355216 ], [ 773812.3249482200481, 1414170.025797625770792 ], [ 773836.443503250717185, 1414387.405864007072523 ], [ 774118.564885133993812, 1414774.658446375979111 ], [ 774177.508013890706934, 1414913.156707416288555 ], [ 774242.256613473407924, 1415216.909660658566281 ], [ 774243.129438459058292, 1415466.784798672422767 ], [ 774351.185295183677226, 1415784.156274622771889 ], [ 774623.052129399264231, 1416360.913373860297725 ], [ 774728.490274011623114, 1416902.416153675643727 ], [ 774869.61542329727672, 1417192.664254676550627 ], [ 775075.855409938143566, 1417370.545546867884696 ], [ 775560.733110424131155, 1417650.79107844340615 ], [ 775870.917335565085523, 1417935.304259598720819 ], [ 775939.599995203781873, 1418036.048055411083624 ], [ 776290.040880691260099, 1418127.049377559917048 ], [ 776361.599688737653196, 1418201.422313827555627 ], [ 777650.065924365073442, 1418358.463330357102677 ], [ 777465.486134592676535, 1419565.308334094239399 ], [ 777955.7682741060853, 1420060.068828166695312 ], [ 778294.052248737076297, 1420643.103639382170513 ], [ 778997.87083710776642, 1420739.005025818943977 ], [ 779600.988119469489902, 1420627.157444867771119 ], [ 780573.720016715233214, 1420642.355620542075485 ], [ 781568.532389723579399, 1420993.958603928796947 ], [ 782354.083183910232037, 1422057.932655244832858 ], [ 782524.491898611770011, 1422711.179530922090635 ], [ 782433.405360486125574, 1423462.906843666452914 ], [ 782995.195238650776446, 1424482.524283194448799 ], [ 783268.561774961999618, 1425266.580659371102229 ], [ 783625.595944434637204, 1425754.328905089525506 ], [ 786085.72668021521531, 1425600.40332615817897 ], [ 783730.528426914010197, 1428655.848705957178026 ], [ 784658.072772641666234, 1429585.163890338037163 ], [ 784327.582240836229175, 1431063.250769795151427 ], [ 783944.745066122151911, 1431645.863737894687802 ], [ 783538.48944111703895, 1432502.624469669768587 ], [ 782833.184291005250998, 1434321.879335277248174 ], [ 782582.366723298793659, 1435214.004500196781009 ], [ 782238.127038514707237, 1435955.308999319793656 ], [ 781784.437379576032981, 1436720.33988380106166 ], [ 781608.990861352533102, 1437663.358176959911361 ], [ 781090.081591788679361, 1438569.677903459174559 ], [ 780528.059542254544795, 1439237.325843181461096 ], [ 780158.106309083523229, 1439942.232276098104194 ], [ 779902.18647887208499, 1440865.999115803977475 ], [ 779438.275892373174429, 1441611.897895989473909 ], [ 779409.193795012542978, 1441871.280711177969351 ], [ 778956.710553370183334, 1442336.034736975794658 ], [ 779012.694827739731409, 1443205.37722446443513 ], [ 779542.107827388681471, 1444069.588636627420783 ], [ 779876.155827942420729, 1445018.10660887346603 ], [ 779345.584074254380539, 1445635.823611357016489 ], [ 779433.468272407539189, 1446356.662166722351685 ], [ 779571.177600062917918, 1446823.766108802054077 ], [ 780004.512653599260375, 1447364.52484537800774 ], [ 780298.433931264327839, 1448076.948716127080843 ], [ 780520.358891003299505, 1449234.743269467493519 ], [ 780292.365186480805278, 1449905.169579787179828 ], [ 779884.979451771010645, 1450691.081101713702083 ], [ 779637.939112612977624, 1451517.942710212199017 ], [ 779243.063558167079464, 1452458.067225334001705 ], [ 779166.360711654881015, 1453947.369725606404245 ], [ 779194.045864862971939, 1454557.542945644818246 ], [ 779133.263800244778395, 1458071.426635607145727 ], [ 779304.613383146235719, 1459053.114733486669138 ], [ 779170.718904992798343, 1459827.628290013875812 ], [ 779419.172545010456815, 1460771.246122349053621 ], [ 779046.992559956153855, 1460886.103737200377509 ], [ 778434.434073548181914, 1460573.048616564134136 ], [ 777500.764987779781222, 1460202.631709372159094 ], [ 776211.430319749051705, 1460508.976006807992235 ], [ 775699.228097379440442, 1460005.304157993989065 ], [ 774785.962928738910705, 1459708.169688094872981 ], [ 774495.956357841612771, 1460565.974048137664795 ], [ 774904.3469546494307, 1461609.724503426812589 ], [ 774932.398508127080277, 1462452.170536194462329 ], [ 774918.540649965289049, 1462429.436868182616308 ], [ 773987.94044335745275, 1462649.17992723127827 ], [ 773177.639782602433115, 1463034.125524162314832 ], [ 772596.360490035265684, 1463763.606737516354769 ], [ 772118.994436892913654, 1464106.859776841942221 ], [ 771782.522814796073362, 1464299.458761953748763 ], [ 771289.295636486611329, 1465169.713308463105932 ], [ 771119.288635292905383, 1466037.926115580834448 ], [ 770316.078263124218211, 1468481.833070758963004 ], [ 769219.033972445409745, 1469883.783333413535729 ], [ 768723.802034075488336, 1471106.048244018573314 ], [ 767958.297817748156376, 1471417.670748999807984 ], [ 767266.520718071027659, 1472124.305248969234526 ], [ 766533.354520662338473, 1472640.594856263371184 ], [ 766204.200065608136356, 1473406.4687245702371 ], [ 766391.292547416174784, 1474043.068106739083305 ], [ 765712.436507400590926, 1475403.139324044343084 ], [ 766593.145013782661408, 1476548.505575113464147 ], [ 764354.642657011980191, 1477057.206733726663515 ], [ 763325.421469927299768, 1478167.596931777894497 ], [ 762580.674096955102868, 1478718.815796816488728 ], [ 762649.162166476948187, 1478917.719241069629788 ], [ 761173.702691610320471, 1478932.292941163759679 ], [ 760153.334560373565182, 1479063.682044095126912 ], [ 759213.944292538915761, 1479290.970248809317127 ], [ 758529.496530735399574, 1478779.834917333908379 ], [ 756569.486786723253317, 1478318.968342029489577 ], [ 755781.238635270507075, 1478255.571193189825863 ], [ 753695.222632848890498, 1477984.280037405900657 ], [ 752815.969836179632694, 1478162.727177843684331 ], [ 751678.810725470306352, 1478327.115371902938932 ], [ 750854.258762817597017, 1478534.292464999249205 ], [ 749739.26759603084065, 1478587.300474208081141 ], [ 748974.369129042956047, 1478354.606359681114554 ], [ 748267.786677601747215, 1478224.91963496687822 ], [ 747060.493359706597403, 1478242.079380705254152 ], [ 745971.986853102920577, 1478537.792878641746938 ], [ 745054.12371982797049, 1478719.33724471135065 ], [ 744036.769735099398531, 1478980.488791420590132 ], [ 743444.234207176137716, 1479232.966633486095816 ] ], [ [ 664761.651772717596032, 1401511.338276496855542 ], [ 664828.179083804250695, 1401511.724955585552379 ], [ 664905.274858594522811, 1401495.347563044400886 ], [ 664761.651772717596032, 1401511.338276496855542 ] ] ] ] } },
{ "type": "Feature", "properties": { "site_id": 866, "name_eng": "Delta du Saloum", "desig_eng": "National Park", "iucn_cat": "II", "realm": "Coastal", "gis_area": 760.88577121000003, "gov_type": "Federal or national ministry or agency", "mang_auth": "Direction des Parcs Nationaux" }, "geometry": { "type": "MultiPolygon", "coordinates": [ [ [ [ 338355.642778836539946, 1512048.696002861484885 ], [ 338218.307231976999901, 1512088.595775565365329 ], [ 337465.945620326150674, 1512095.717886559432372 ], [ 337170.400186343758833, 1512128.783409488620237 ], [ 336120.182972600101493, 1512081.795148559380323 ], [ 335394.831514092278667, 1512000.03721408941783 ], [ 334546.901030878012534, 1512015.509976275032386 ], [ 333918.400212794309482, 1511851.30214981501922 ], [ 333575.672182502341457, 1511732.488490907708183 ], [ 333375.101617851119954, 1511626.924960361560807 ], [ 332969.129110132809728, 1511510.722211874322966 ], [ 332467.264760585268959, 1511244.920757243409753 ], [ 332291.117938256007619, 1511197.567386156879365 ], [ 331750.65297581377672, 1510945.820985324447975 ], [ 331189.53790773183573, 1510652.597193500725552 ], [ 331050.730896861816291, 1510538.100168978562579 ], [ 330860.262354517763015, 1510564.584972100332379 ], [ 330499.354445592965931, 1510368.459615581668913 ], [ 329848.980230139102787, 1509769.017258414532989 ], [ 329288.53904261183925, 1509327.486361951800063 ], [ 328644.727565785986371, 1508657.639792122179642 ], [ 328423.464302832493559, 1508508.676397676812485 ], [ 328167.964453022868838, 1508265.434409471228719 ], [ 327936.807482438045554, 1508158.093511486891657 ], [ 327686.3105638611014, 1508172.502037971979007 ], [ 326899.10185288352659, 1508324.001571712084115 ], [ 326444.332118968479335, 1508447.715626075165346 ], [ 326265.996263451466803, 1508516.260178141761571 ], [ 326063.609451333992183, 1508666.658627321477979 ], [ 325596.456461612484418, 1508873.071303763659671 ], [ 325446.28988207585644, 1508969.414858235744759 ], [ 325235.696503670886159, 1509299.968707396881655 ], [ 325198.15215842355974, 1509410.478575033368543 ], [ 324618.442131339339539, 1510135.350997854257002 ], [ 324416.877721651631873, 1510458.806174946017563 ], [ 323993.370995586854406, 1511482.921605269424617 ], [ 323801.744528610259295, 1511814.072947951266542 ], [ 323790.837252901575994, 1511929.65135598112829 ], [ 323707.869198385975324, 1512059.9865668322891 ], [ 323510.614623001543805, 1512774.957536385394633 ], [ 323275.212877914309502, 1513247.140764392679557 ], [ 323062.301761666836683, 1513514.661722005577758 ], [ 322822.498639598255977, 1513962.341368027962744 ], [ 322665.953135747928172, 1514975.948051531566307 ], [ 322439.318875610246323, 1515589.734279132448137 ], [ 322370.185582868172787, 1515914.46204275963828 ], [ 322345.867707583587617, 1516256.477073837071657 ], [ 322396.263229125761427, 1517164.960848016897216 ], [ 322747.1903747926699, 1519546.463776647346094 ], [ 322808.85734345857054, 1519741.71941830101423 ], [ 322897.875871908152476, 1520311.067306047072634 ], [ 323002.585084491060115, 1520686.260301608359441 ], [ 323165.547129680635408, 1521043.223072696942836 ], [ 323250.11492000403814, 1521342.113332696259022 ], [ 323316.983547160634771, 1521702.4505066415295 ], [ 323342.283233869238757, 1522152.498618211131543 ], [ 323399.007177053950727, 1522285.100741418078542 ], [ 323620.871450157486834, 1522603.650000845780596 ], [ 323867.952855279785581, 1522842.890511181671172 ], [ 323951.918582108977716, 1522976.227275296114385 ], [ 324033.740977385896258, 1523029.43263800512068 ], [ 324174.007095044478774, 1523243.364976935787126 ], [ 324643.529775683651678, 1523671.936403394676745 ], [ 325600.374996577680577, 1524887.444687119917944 ], [ 325879.686154995462857, 1525131.982247678097337 ], [ 326622.751491926028393, 1526116.92370060714893 ], [ 327216.148302748799324, 1526639.88490411057137 ], [ 328106.608618166181259, 1527213.82629085262306 ], [ 328303.586214174516499, 1527416.767013153992593 ], [ 328360.057464855373837, 1527544.211091474397108 ], [ 328728.603062223468442, 1527889.403622056124732 ], [ 329464.72195793245919, 1528848.895612084772438 ], [ 329446.400440130266361, 1529164.7814569582697 ], [ 329307.994078493036795, 1529602.649022027850151 ], [ 329173.284603890962899, 1529910.175615606363863 ], [ 328752.94161856896244, 1530166.36429218808189 ], [ 328451.216547287767753, 1530274.915760920383036 ], [ 328095.605301495292224, 1530343.291674277978018 ], [ 327064.675833213434089, 1530210.944362137466669 ], [ 326274.924383457633667, 1529930.33435073425062 ], [ 325500.422119787835982, 1529545.942976734833792 ], [ 324398.360878997249529, 1529073.83050496946089 ], [ 324070.496625047642738, 1528974.466743449913338 ], [ 323415.40785699186381, 1528675.784368321299553 ], [ 323138.694727106019855, 1528476.585402885917574 ], [ 322887.563026131072547, 1528352.459627723088488 ], [ 322361.503719316795468, 1527930.408567041857168 ], [ 321737.293749303556979, 1527535.029891276732087 ], [ 321140.279498299467377, 1527042.533997953869402 ], [ 320991.91106512141414, 1526870.350752555998042 ], [ 320768.835997554473579, 1526723.257144180592149 ], [ 320497.43204081337899, 1526453.655813672579825 ], [ 319909.4008066104725, 1525696.635105564724654 ], [ 319716.81734373094514, 1525258.806861391756684 ], [ 319499.160265058628283, 1524895.393259957199916 ], [ 319327.86823132506106, 1524774.835089207626879 ], [ 319157.536424739402719, 1524606.031906188698485 ], [ 319133.999151123280171, 1524533.593392641283572 ], [ 318963.170552240626421, 1524413.410107104107738 ], [ 318578.069263354234863, 1523884.853670921409503 ], [ 318435.814686728641391, 1523597.317534716334194 ], [ 318291.072331041912548, 1523454.063878550892696 ], [ 318193.714986066450365, 1523406.515909060835838 ], [ 317900.337734182190616, 1523335.733387039508671 ], [ 316621.460280980216339, 1523387.846969381440431 ], [ 315308.873398065567017, 1523703.680979987606406 ], [ 315183.455991148715839, 1523776.080385989742354 ], [ 314810.830541734001599, 1523873.364428190048784 ], [ 314759.04797785228584, 1523945.640074525028467 ], [ 314232.679367434524465, 1524187.99768649879843 ], [ 313928.39511881605722, 1524406.005899577634409 ], [ 313575.208055591094308, 1524600.436942426254973 ], [ 313013.316776157647837, 1525038.230911149410531 ], [ 312861.694438422564417, 1525111.562087472528219 ], [ 312730.519411333487369, 1525282.069319100817665 ], [ 312431.923607107193675, 1525868.060084054712206 ], [ 312372.246579741477035, 1526088.396751086460426 ], [ 312233.558790256036445, 1526407.535231822403148 ], [ 312080.901222282438539, 1527023.369793449761346 ], [ 311997.94395629002247, 1527196.521014256868511 ], [ 311901.240747341187671, 1527667.306898548733443 ], [ 311590.270581810153089, 1528415.056296979775652 ], [ 311392.193547854782082, 1529393.559105231659487 ], [ 311352.628427322371863, 1530227.138016520068049 ], [ 311158.472757018287666, 1530583.083290235605091 ], [ 310935.254126471583731, 1534565.830844902433455 ], [ 310970.719271835812833, 1535940.544683737447485 ], [ 310908.854301446466707, 1537197.051357687683776 ], [ 310808.009534309152514, 1537655.058795644436032 ], [ 302757.18673844251316, 1537880.043835468124598 ], [ 302178.065846917917952, 1503522.963620574912056 ], [ 304126.134033146663569, 1503419.304466577712446 ], [ 331224.547821379615925, 1503077.666989439167082 ], [ 331945.619335943600163, 1503267.443040855228901 ], [ 332664.665574770187959, 1503878.326788141625002 ], [ 332918.835913404356688, 1504189.846809141570702 ], [ 333093.418284368410241, 1504265.198097275337204 ], [ 334199.528934872476384, 1504411.284483629046008 ], [ 335550.770279999822378, 1504345.277014433639124 ], [ 338235.612667928333394, 1504386.416570050874725 ], [ 339214.861588528961875, 1504251.860715021612123 ], [ 339539.334866984048858, 1504263.257830155314878 ], [ 340078.27973036991898, 1504397.691739437868819 ], [ 340243.821739811915904, 1504492.812516082078218 ], [ 340323.378906687197741, 1504584.184984746389091 ], [ 340514.657311619259417, 1504633.937455932144076 ], [ 340615.893938914407045, 1504704.978689545067027 ], [ 340671.104993237298913, 1504691.225476945051923 ], [ 340835.059763795055915, 1504732.107081241905689 ], [ 341059.499710553442128, 1504695.516829179832712 ], [ 341394.460085919126868, 1504733.84389757597819 ], [ 341844.839114959700964, 1504717.373834086349234 ], [ 342007.49097822769545, 1504795.872676480095834 ], [ 342316.969729626376648, 1504809.738350298488513 ], [ 342513.325648161349818, 1504862.914853454334661 ], [ 343333.838731060735881, 1504949.631833328166977 ], [ 343508.570106990635395, 1505000.786839611828327 ], [ 344258.020496752345935, 1505112.358395914081484 ], [ 345486.387431344366632, 1505254.32383599691093 ], [ 345328.26930487935897, 1505499.216127729974687 ], [ 345295.268896764726378, 1505624.649989957222715 ], [ 345286.604434177745134, 1505925.139704457949847 ], [ 345292.689652292639948, 1511317.879926394671202 ], [ 345348.965590020059608, 1515149.982871836749837 ], [ 345154.081361283897422, 1515170.650634358637035 ], [ 344649.791013087960891, 1515324.935274126473814 ], [ 344227.960187542717904, 1515606.768154387129471 ], [ 344085.621455386921298, 1515599.784167817793787 ], [ 343739.288183846045285, 1515655.860286999726668 ], [ 343171.969247097265907, 1515606.985526086296886 ], [ 342381.026828735542949, 1515639.786197601584718 ], [ 341929.104068226064555, 1515621.959862290415913 ], [ 341811.62868039048044, 1515534.322344728279859 ], [ 341679.273429470253177, 1515356.270031380467117 ], [ 340997.345326697453856, 1514682.063938902691007 ], [ 340802.960758070345037, 1514634.370167006738484 ], [ 340685.534751643426716, 1514557.998615261400118 ], [ 340535.914520541904494, 1514246.869554309407249 ], [ 340265.660998126957566, 1513974.931642806623131 ], [ 340030.223632655455731, 1513643.043363473145291 ], [ 339888.734737377031706, 1513604.026398355374113 ], [ 339632.564118397946004, 1513413.552560339216143 ], [ 339649.558495836681686, 1513228.144143434008583 ], [ 339504.757550467795227, 1513033.958162631606683 ], [ 339118.773942465544678, 1512775.682741362834349 ], [ 338879.169413247553166, 1512472.060612712753937 ], [ 338808.213089151540771, 1512448.689513488439843 ], [ 338328.16833125136327, 1511998.318634911905974 ], [ 338355.642778836539946, 1512048.696002861484885 ] ] ] ] } },
{ "type": "Feature", "properties": { "site_id": 867, "name_eng": "Parc National des Oiseaux du Djoudj", "desig_eng": "National Park", "iucn_cat": "II", "realm": "Terrestrial", "gis_area": 239.67556702, "gov_type": "Federal or national ministry or agency", "mang_auth": "Direction des Parcs Nationaux" }, "geometry": { "type": "MultiPolygon", "coordinates": [ [ [ [ 374317.36289506329922, 1825378.890472825616598 ], [ 371006.774517845595255, 1822426.342829793225974 ], [ 370877.117459001252428, 1822279.940194821916521 ], [ 370341.463139054074418, 1821477.398727202555165 ], [ 370243.966769644408487, 1821501.906402156455442 ], [ 370141.429637418827042, 1821593.484343291493133 ], [ 370149.077419992652722, 1821666.795548963127658 ], [ 370004.950400079076644, 1821792.448751098709181 ], [ 369735.242049006337766, 1821912.455074680270627 ], [ 369287.96133009553887, 1821991.440499982796609 ], [ 368642.281093571917154, 1821814.371486607706174 ], [ 368332.967652919702232, 1821613.8105860541109 ], [ 368041.687023593403865, 1821222.368894081097096 ], [ 367978.104368096566759, 1820692.922322513069957 ], [ 367838.576193343498744, 1820266.531067865667865 ], [ 367175.461462910694536, 1819786.251548571512103 ], [ 367009.818374368245713, 1819704.995353975100443 ], [ 366548.467821154277772, 1819563.040258879074827 ], [ 366145.077340650488622, 1819240.183417805237696 ], [ 365928.246313142124563, 1818898.814105893950909 ], [ 365883.030577289988287, 1818777.329082034062594 ], [ 365849.699624187196605, 1818339.588857509428635 ], [ 365906.286506242700852, 1818118.421852336963639 ], [ 365850.321773355128244, 1817920.359228984918445 ], [ 365853.940194681403227, 1817465.903699478367344 ], [ 365923.725285773281939, 1817295.850951672066003 ], [ 365568.074033861164935, 1817064.430903114611283 ], [ 364894.116709032503422, 1816915.021656811004505 ], [ 364543.866443019593135, 1817035.626349698053673 ], [ 364231.549660190124996, 1817043.980465569533408 ], [ 363978.372197857592255, 1817237.598510274430737 ], [ 363796.944128906354308, 1817574.774200260639191 ], [ 363528.119105293124449, 1817838.890428285114467 ], [ 363178.295277310302481, 1818023.514544272096828 ], [ 362631.533429716830142, 1818126.200370979728177 ], [ 362138.21323311177548, 1818023.729185718111694 ], [ 361921.345023230765946, 1817849.095964955631644 ], [ 361525.370914639555849, 1817361.981116173556075 ], [ 361169.524111196049489, 1817108.235893909120932 ], [ 360847.410207767738029, 1816595.031341294758022 ], [ 360637.933966584387235, 1816071.489448361331597 ], [ 360295.06864357390441, 1815838.463455238612369 ], [ 360001.293971369508654, 1815728.342225306667387 ], [ 360086.294853964238428, 1814927.620462498627603 ], [ 360050.435294324008282, 1814782.715504410676658 ], [ 359917.040922824933659, 1814651.851873249746859 ], [ 359734.944319668691605, 1814384.156275803223252 ], [ 359289.721517856931314, 1814265.420113543979824 ], [ 359090.553647018212359, 1814343.526959088398144 ], [ 358619.555206256452948, 1814224.971919734729454 ], [ 358473.93929083715193, 1814129.846936592366546 ], [ 358351.439635529939551, 1814091.079817523015663 ], [ 358014.595944651926402, 1813807.800858415663242 ], [ 357906.141179809405003, 1813671.772404856979847 ], [ 357771.139669363503344, 1813406.559324986767024 ], [ 357671.453721164376475, 1813059.622195652453229 ], [ 357578.660944639472291, 1812663.301850725663826 ], [ 357567.448266313062049, 1812229.555483597097918 ], [ 357522.331697206827812, 1811933.811552453320473 ], [ 357566.930127897416241, 1811721.305737647227943 ], [ 357550.141960003995337, 1810281.746435280423611 ], [ 357637.976628222153522, 1809922.60317292320542 ], [ 357724.147640781127848, 1809307.342932772124186 ], [ 357709.125908958027139, 1808980.874131973367184 ], [ 357778.064590037683956, 1808685.866206081118435 ], [ 357677.059077237267047, 1808020.569408482639119 ], [ 357306.694431677111425, 1807549.124161325162277 ], [ 357291.62545418785885, 1807216.238245912827551 ], [ 357522.122225736209657, 1806990.587031457573175 ], [ 358107.035158173937816, 1806769.030494937673211 ], [ 358319.709061653120443, 1806774.050780240213498 ], [ 358629.57649521069834, 1806861.692531187552959 ], [ 358867.103142827516422, 1806725.669081578031182 ], [ 359426.60720402863808, 1806555.544289353303611 ], [ 359568.520959001616575, 1806580.242605578387156 ], [ 359922.665258913883008, 1806539.531741859624162 ], [ 360154.995196383679286, 1806595.673096200451255 ], [ 360852.560797112877481, 1806853.75373385543935 ], [ 361648.428865896363277, 1807373.782735768705606 ], [ 361991.577145385905169, 1807634.154777495656163 ], [ 362251.857128460658714, 1808035.920295962365344 ], [ 362441.452474846737459, 1808470.145557142328471 ], [ 362881.782413025270216, 1808819.549071024172008 ], [ 362952.648407752567437, 1808819.101947123417631 ], [ 363310.581179123139009, 1808362.214342106599361 ], [ 363817.911967646563426, 1808096.489398533245549 ], [ 364545.122093502839562, 1807957.478101394604892 ], [ 365002.760553293162957, 1807986.651894414331764 ], [ 365545.26789173996076, 1808194.599111657124013 ], [ 365959.466474308166653, 1808492.983447854639962 ], [ 366368.77681331767235, 1809047.536270870594308 ], [ 366536.832056755840313, 1809136.147410999517888 ], [ 367632.96447765105404, 1808220.200018717208877 ], [ 367989.862246278556995, 1807577.699710563989356 ], [ 368444.836014549131505, 1807165.117774061392993 ], [ 368791.403085829690099, 1806938.893458362435922 ], [ 369467.433273877482861, 1806851.588883050251752 ], [ 370138.390997954236809, 1806994.849625667091459 ], [ 370500.310950700659305, 1807178.394694285234436 ], [ 371076.008036182611249, 1807559.180878945160657 ], [ 372186.970311503508128, 1808026.458374564768746 ], [ 372498.015296595287509, 1808331.984632578212768 ], [ 372705.755948207050096, 1808599.693692422704771 ], [ 372836.475990750070196, 1808919.071356026688591 ], [ 372979.561186043370981, 1809148.74610035168007 ], [ 373692.314447400975041, 1809848.880957461660728 ], [ 374131.046271117520519, 1809961.588774750707671 ], [ 376491.324731239292305, 1810383.394842779496685 ], [ 376865.828465733735356, 1810534.925112797413021 ], [ 377060.09374792361632, 1810713.095094450749457 ], [ 377242.199173118511681, 1811019.368852591142058 ], [ 377270.506737540359609, 1811467.359069091733545 ], [ 377277.687295714800712, 1825201.848179513588548 ], [ 377119.599725575768389, 1825701.790792756946757 ], [ 376998.379788042919245, 1825894.425700465682894 ], [ 376562.774636920716148, 1826267.993525819154456 ], [ 375442.501584949088283, 1827349.248960132477805 ], [ 375267.620841184398159, 1827164.736873847665265 ], [ 375118.278418891015463, 1826941.695576179772615 ], [ 374747.303040836646687, 1826629.228738614125177 ], [ 374722.181077281304169, 1826653.594882825622335 ], [ 374525.364769694395363, 1826470.842345031443983 ], [ 374561.943625822779723, 1826436.218901718501002 ], [ 374114.280944373516832, 1825879.123190805315971 ], [ 374022.966354440432042, 1825674.923274846980348 ], [ 374317.36289506329922, 1825378.890472825616598 ] ] ] ] } },
{ "type": "Feature", "properties": { "site_id": 868, "name_eng": "Basse Casamance", "desig_eng": "National Park", "iucn_cat": "II", "realm": "Terrestrial", "gis_area": 80.64683032000001, "gov_type": "Federal or national ministry or agency", "mang_auth": "Direction des Parcs Nationaux" }, "geometry": { "type": "MultiPolygon", "coordinates": [ [ [ [ 324696.555176218273118, 1366439.047052195062861 ], [ 330953.367296684591565, 1368188.102290115086362 ], [ 334031.166382720926777, 1375824.229913295246661 ], [ 326360.117791506811045, 1375624.833450864534825 ], [ 323871.12651670066407, 1372327.177012640517205 ], [ 318966.334796537528746, 1369301.38977779680863 ], [ 324696.555176218273118, 1366439.047052195062861 ] ] ] ] } },
{ "type": "Feature", "properties": { "site_id": 869, "name_eng": "Langue de Barbarie", "desig_eng": "National Park", "iucn_cat": "II", "realm": "Coastal", "gis_area": 20.06033299, "gov_type": "Federal or national ministry or agency", "mang_auth": "Direction des Parcs Nationaux" }, "geometry": { "type": "MultiPolygon", "coordinates": [ [ [ [ 336860.119513104727957, 1756706.649870794266462 ], [ 336782.773172227549367, 1755385.114135906798765 ], [ 336484.149802155734506, 1752881.275389335351065 ], [ 335703.143308637139853, 1748700.556273178663105 ], [ 335197.776984550640918, 1747391.213007088983431 ], [ 334715.388470570556819, 1745967.005805405322462 ], [ 334324.884030144661665, 1744359.044131740927696 ], [ 334210.025831624108832, 1743761.798612652812153 ], [ 334003.284076886367984, 1743003.752886872505769 ], [ 334210.025201674376149, 1742819.990103363059461 ], [ 334324.885331629484426, 1742842.960059913573787 ], [ 334600.527745945029892, 1743072.66887058224529 ], [ 334899.149539821664803, 1743440.207006605574861 ], [ 335220.750878813560121, 1744037.449352382449433 ], [ 335473.415363230800722, 1744588.756599186453968 ], [ 335588.276375829940662, 1745208.965516567230225 ], [ 336001.761509503470734, 1746173.751537058735266 ], [ 336461.184194802772254, 1747414.17484761448577 ], [ 336713.858054415206425, 1747988.462107229512185 ], [ 336918.960407798818778, 1748362.362313130637631 ], [ 337007.232537522329949, 1748444.745253704721108 ], [ 337042.545145741081797, 1748627.164620106574148 ], [ 337019.004957776109222, 1748715.435918171424419 ], [ 337219.224409696587827, 1749182.951438372256234 ], [ 337248.495862799405586, 1749350.9746088469401 ], [ 337372.069000036339276, 1749480.417945310939103 ], [ 337311.096404318115674, 1749596.434321403736249 ], [ 337389.717981389025226, 1749768.770359353395179 ], [ 337311.096941448864527, 1749918.021383908111602 ], [ 337330.879159588483162, 1750098.295987649122253 ], [ 337448.572530792094767, 1750133.606250477954745 ], [ 337501.531497225107159, 1750357.215814473107457 ], [ 337448.572651191381738, 1750521.993713174946606 ], [ 337678.644047033856623, 1751204.391578660812229 ], [ 337825.181641600560397, 1751522.364781182026491 ], [ 337816.459839480579831, 1751686.778598199598491 ], [ 337884.02426097978605, 1751775.398902725195512 ], [ 338031.139015995198861, 1752305.012107429560274 ], [ 338113.517319256847259, 1752463.900494252564386 ], [ 338237.0950018093572, 1752546.27558122901246 ], [ 338242.97632310539484, 1752940.540026473812759 ], [ 338275.886502381879836, 1753110.994111624313518 ], [ 338436.679562299745157, 1753340.688918847823516 ], [ 338619.592322510492522, 1753493.687980881426483 ], [ 338660.787012491840869, 1753587.843962566228583 ], [ 338620.449141385965049, 1753708.234986025840044 ], [ 338578.398617895320058, 1753740.825430992990732 ], [ 338735.292404018691741, 1754075.757193962112069 ], [ 338601.9389581400319, 1754235.135573812760413 ], [ 338597.46610102429986, 1754420.332016825908795 ], [ 338649.007478508399799, 1754870.667174726724625 ], [ 338837.3227707776241, 1755635.663654929958284 ], [ 338831.432504527561832, 1755871.050788840278983 ], [ 338754.926863749162294, 1756088.76577435596846 ], [ 338466.598966514808126, 1756100.534754887456074 ], [ 338443.051893422030844, 1756212.352098832838237 ], [ 338507.794452216941863, 1756288.854907406494021 ], [ 338431.292860589572228, 1756365.335513297468424 ], [ 338413.633012090343982, 1756683.122101065702736 ], [ 336860.119513104727957, 1756706.649870794266462 ] ] ] ] } },
{ "type": "Feature", "properties": { "site_id": 870, "name_eng": "Iles de la Madeleine", "desig_eng": "National Park", "iucn_cat": "II", "realm": "Coastal", "gis_area": 0.44806258, "gov_type": "Federal or national ministry or agency", "mang_auth": "Direction des Parcs Nationaux" }, "geometry": { "type": "MultiPolygon", "coordinates": [ [ [ [ 234082.815263717900962, 1621465.676862199092284 ], [ 234069.619650753738824, 1621671.85294180479832 ], [ 233931.130942452116869, 1621775.134943671757355 ], [ 233786.953545304597355, 1621831.13165449956432 ], [ 233744.25530397350667, 1621787.039380931295455 ], [ 233596.759119292837568, 1621822.371739712543786 ], [ 233575.369712670973968, 1621773.48576849210076 ], [ 233523.41800255770795, 1621785.079895391594619 ], [ 233382.348060321353842, 1621689.60067744506523 ], [ 233574.814143294934183, 1621299.575315517839044 ], [ 233607.9753644457669, 1621153.315088317496702 ], [ 234011.888969149964396, 1621083.623309090733528 ], [ 234247.497160349797923, 1620955.969685913296416 ], [ 234301.970437537704129, 1620967.896790717262775 ], [ 234301.968797988491133, 1621105.247595171676949 ], [ 234235.002346135966945, 1621175.245056893210858 ], [ 234082.815263717900962, 1621465.676862199092284 ] ] ] ] } },
{ "type": "Feature", "properties": { "site_id": 2332, "name_eng": "Ferlo-Sud", "desig_eng": "Wildlife Reserve", "iucn_cat": "IV", "realm": "Terrestrial", "gis_area": 6686.7959280499999, "gov_type": "Federal or national ministry or agency", "mang_auth": "Not Reported" }, "geometry": { "type": "MultiPolygon", "coordinates": [ [ [ [ 619291.652501235133968, 1685996.18887706915848 ], [ 616204.632429994060658, 1688210.886883417610079 ], [ 612837.332629050011747, 1689886.954996723681688 ], [ 611628.719771000323817, 1690676.54013631073758 ], [ 610199.556614718167111, 1688391.975003623170778 ], [ 608256.280614411574788, 1686438.114191962173209 ], [ 606285.328476392664015, 1685304.033166300039738 ], [ 600948.363737786654383, 1685103.40872363676317 ], [ 598179.730618647183292, 1684554.013617787044495 ], [ 595621.005873097572476, 1682546.731453354004771 ], [ 592468.214111278299242, 1681543.290462200995535 ], [ 587340.89457810332533, 1679222.030129422666505 ], [ 586413.590522515703924, 1679694.664114440791309 ], [ 584801.581643130164593, 1678396.783387663541362 ], [ 582661.135962996864691, 1676093.873257583240047 ], [ 580514.73285160260275, 1673524.580412747804075 ], [ 578089.022093028761446, 1670136.039515015901998 ], [ 575738.679717679740861, 1667156.196053806925192 ], [ 572710.492022203281522, 1667349.12139606801793 ], [ 568914.069218678050674, 1667128.704722950235009 ], [ 563658.023740315344185, 1666135.076555902836844 ], [ 560917.430264634778723, 1664843.680823651375249 ], [ 558664.101539106108248, 1663298.305751312989742 ], [ 558163.577292011119425, 1663143.325776820769534 ], [ 558715.182737318566069, 1663071.681788079207763 ], [ 560228.74719703476876, 1663037.867786091286689 ], [ 560567.513247617636807, 1662972.363907010294497 ], [ 561000.427400127868168, 1662662.657895451178774 ], [ 561932.723875201772898, 1662125.293443488655612 ], [ 562411.375068400520831, 1662013.7241232895758 ], [ 562848.444101385888644, 1661774.852084432495758 ], [ 563131.344913679989986, 1661302.189265503548086 ], [ 563878.108647008659318, 1660637.20337407104671 ], [ 565163.027493787463754, 1659760.229659549193457 ], [ 565398.503623993368819, 1658965.584538840223104 ], [ 565902.993582576396875, 1658094.257368113379925 ], [ 566330.531459438730963, 1657456.114291518228129 ], [ 566767.607419726322405, 1656875.522619501454756 ], [ 566544.744228431256488, 1656211.23444659053348 ], [ 566815.436779100447893, 1655155.659249792573974 ], [ 566884.349803422577679, 1653971.212304347660393 ], [ 567009.48776957008522, 1653446.162961276015267 ], [ 566739.577775341458619, 1652674.451745436294004 ], [ 566602.82918190327473, 1651965.057355041848496 ], [ 566610.749075377243571, 1651438.574162783566862 ], [ 566737.32948512758594, 1651169.037995532620698 ], [ 578213.966882456908934, 1633573.383264614734799 ], [ 572984.548429756890982, 1626364.079773254459724 ], [ 572558.726749939029105, 1626194.677811444504187 ], [ 571988.554165221634321, 1625325.805510968435556 ], [ 571838.33908864913974, 1624058.887432681629434 ], [ 571663.661637842888013, 1623048.512798249721527 ], [ 571504.222868819138967, 1622343.465805192943662 ], [ 571207.065639385487884, 1621965.419430318055674 ], [ 571595.837219658889808, 1620847.198830140288919 ], [ 571601.343193669454195, 1620439.069080095039681 ], [ 571745.912789690773934, 1619980.468181756790727 ], [ 572121.785821187891997, 1619236.074332581600174 ], [ 572892.812328326748684, 1618165.460480754263699 ], [ 573959.782079191179946, 1617193.098445384763181 ], [ 574553.327798214158975, 1616800.028304468374699 ], [ 574896.520007080514915, 1616219.274291487177834 ], [ 575008.631258084438741, 1615835.804824066115543 ], [ 575361.022650533006527, 1615423.210474735591561 ], [ 575943.404042418813333, 1614831.040695297298953 ], [ 576694.750608440139331, 1614637.605620920425281 ], [ 577216.134124533738941, 1614618.229277744889259 ], [ 578039.82623612403404, 1614036.823665613308549 ], [ 578443.721836170181632, 1613374.457093471894041 ], [ 579040.031175778247416, 1612844.341729680541903 ], [ 608513.961870874394663, 1603153.139831660548225 ], [ 625156.118872943101451, 1594886.65949060744606 ], [ 659144.126081286696717, 1594363.513821613276377 ], [ 659226.251449027215131, 1595007.941785329254344 ], [ 658800.245279247872531, 1597209.074902745895088 ], [ 658804.065793482703157, 1599301.22628885647282 ], [ 659079.51421536586713, 1601394.023544660303742 ], [ 658738.898748593986966, 1603232.819766350090504 ], [ 657652.478034459869377, 1606584.760909752454609 ], [ 657298.115141215384938, 1608909.171168497996405 ], [ 657274.245936879655346, 1611793.308403907343745 ], [ 657108.505775149678811, 1613779.277621808694676 ], [ 656720.87253483873792, 1615592.338942256988958 ], [ 656095.887617501197383, 1619489.384564348030835 ], [ 656436.633300487184897, 1620105.601067932322621 ], [ 656752.460798313375562, 1622248.456291777547449 ], [ 656971.60859604307916, 1623339.645272927358747 ], [ 656661.163376887910999, 1624050.149201273918152 ], [ 656007.21908663015347, 1624588.068563597509637 ], [ 655194.370717907208018, 1625055.286841120803729 ], [ 654418.670444225659594, 1625782.760893727885559 ], [ 653878.173040514346212, 1626616.848778079031035 ], [ 653731.364694285672158, 1627183.482980186119676 ], [ 653875.882753278128803, 1627657.921937990467995 ], [ 654257.066720697795972, 1628167.056800461607054 ], [ 655073.911943097831681, 1628909.105616800487041 ], [ 657368.991113989846781, 1630656.481796116800979 ], [ 658350.70440090878401, 1631679.648360505467281 ], [ 658839.572739975876175, 1632489.409183799987659 ], [ 659133.306195399956778, 1633335.51637346483767 ], [ 659454.36479399818927, 1635094.586176552576944 ], [ 659846.908119978033938, 1637915.178159791044891 ], [ 660414.088581383461133, 1641320.031226355582476 ], [ 660553.101092091063038, 1642905.333443924086168 ], [ 660639.357974446727894, 1644490.287415977101773 ], [ 660960.072568015661091, 1645768.127772443229333 ], [ 661429.782933284062892, 1646963.998818184016272 ], [ 662063.917849154910073, 1648021.587821301305667 ], [ 663018.263539620675147, 1649130.06090198806487 ], [ 663779.550693863653578, 1650610.126729587558657 ], [ 663996.424289287184365, 1652086.486251098802313 ], [ 663985.970304021378979, 1652982.625152858439833 ], [ 663525.407883704057895, 1653476.25520022213459 ], [ 662771.275904046138749, 1654117.256523624528199 ], [ 662132.460036781150848, 1654573.181631406536326 ], [ 660676.214048536145128, 1655506.000392221612856 ], [ 659710.972579610301182, 1656052.724053526530042 ], [ 659298.357406637398526, 1656636.362722461577505 ], [ 658454.120504095684737, 1657436.201161070959643 ], [ 657409.576815431471914, 1658936.201325661037117 ], [ 656585.905356595641933, 1659410.94620922463946 ], [ 656019.025031507597305, 1659925.0175600128714 ], [ 655843.065847241436131, 1660683.961792670423165 ], [ 655444.65665532136336, 1661258.894006886286661 ], [ 654624.788226172095165, 1661828.870994339231402 ], [ 654394.019332938827574, 1661930.264672095421702 ], [ 654071.920155902625993, 1662353.028792434837669 ], [ 653194.241870770929381, 1662561.989778185728937 ], [ 651645.87661724165082, 1663407.284715705784038 ], [ 650061.619219242595136, 1663826.487502041039988 ], [ 649411.952897664392367, 1664721.870812137844041 ], [ 648746.597241983166896, 1665555.212468017358333 ], [ 648347.894531528814696, 1666389.131395518546924 ], [ 647856.424362889258191, 1666933.712143131764606 ], [ 646702.904726827284321, 1667458.698997985105962 ], [ 645640.5720371294301, 1667673.410530971130356 ], [ 644414.673680425970815, 1668096.270841078367084 ], [ 644016.089623801410198, 1668589.489078821381554 ], [ 643914.661826348979957, 1669005.968290058895946 ], [ 644064.592042184667662, 1669626.441953213885427 ], [ 643809.159489885671064, 1670798.732144406298175 ], [ 643383.564511733246036, 1671677.911082973470911 ], [ 641735.179295444628224, 1673412.671752414898947 ], [ 640211.583670994848944, 1676247.980958844302222 ], [ 638563.271284374408424, 1677880.031695279525593 ], [ 636277.43325920321513, 1678510.558669538469985 ], [ 630523.210598647827283, 1680562.192624008981511 ], [ 629266.200114518171176, 1680377.120850296923891 ], [ 626798.028742269263603, 1681852.740157805616036 ], [ 625689.649776493082754, 1683409.972699161851779 ], [ 623526.656510864268057, 1685373.199776126071811 ], [ 620885.159093852969818, 1685234.396174627589062 ], [ 619291.652501235133968, 1685996.18887706915848 ] ] ] ] } },
{ "type": "Feature", "properties": { "site_id": 2333, "name_eng": "Ferlo-Nord", "desig_eng": "Wildlife Reserve", "iucn_cat": "IV", "realm": "Terrestrial", "gis_area": 5160.9610158900005, "gov_type": "Federal or national ministry or agency", "mang_auth": "Direction des Parcs Nationaux" }, "geometry": { "type": "MultiPolygon", "coordinates": [ [ [ [ 658357.321403180714697, 1709238.055751710664481 ], [ 656742.149694297462702, 1706815.304004251724109 ], [ 655069.831913773552515, 1708487.621375894639641 ], [ 654233.669442686252296, 1710159.943232882302254 ], [ 652561.352498640073463, 1710159.944005010416731 ], [ 653397.506651727249846, 1716013.058412438491359 ], [ 651725.190716066397727, 1718521.54670201218687 ], [ 651725.194827813189477, 1721030.018655695486814 ], [ 649216.714408388128504, 1725210.819258417235687 ], [ 649216.706749126780778, 1727719.302262172102928 ], [ 647544.388764230534434, 1729391.617611444555223 ], [ 645035.911983569269069, 1734408.579739805310965 ], [ 644199.758316537365317, 1738589.376220378559083 ], [ 643363.590966166346334, 1739425.534154440509155 ], [ 640855.112563686096109, 1742770.170066572027281 ], [ 635838.155112976790406, 1741934.009803059976548 ], [ 629985.033979155938141, 1741934.016043455572799 ], [ 626640.402562114642933, 1740261.694744104053825 ], [ 623295.758440378122032, 1740261.699648548848927 ], [ 619951.124136135331355, 1741097.854199890512973 ], [ 617442.6407735273242, 1746950.975923016434535 ], [ 614097.99975481198635, 1751967.930601153755561 ], [ 611589.526538081583567, 1757821.048376983962953 ], [ 610753.366278671077453, 1762001.850738207111135 ], [ 609081.046522969030775, 1766182.651195054408163 ], [ 607408.729752487386577, 1768691.12332310480997 ], [ 604900.250881550833583, 1774544.241300435969606 ], [ 604900.250853114994243, 1777888.882347709964961 ], [ 603227.925562491989695, 1780397.365844656713307 ], [ 601555.605056664790027, 1783741.996835579629987 ], [ 595702.491615352919325, 1779561.201167539926246 ], [ 594030.165247906115837, 1777888.888442553812638 ], [ 594030.165888153831474, 1773708.085042344871908 ], [ 589849.366843106108718, 1772035.766931900754571 ], [ 586504.729482269263826, 1768691.124738277401775 ], [ 583160.088944478309713, 1767018.802243228070438 ], [ 576470.817588290432468, 1759493.366363486042246 ], [ 573126.179703841917217, 1754476.416477158898488 ], [ 573126.178691981360316, 1749459.455820068484172 ], [ 569781.531962578534149, 1746114.813808185048401 ], [ 568109.219414963386953, 1740261.699741426389664 ], [ 563092.262903415365145, 1734408.580821980023757 ], [ 563928.416974719031714, 1730227.77994853653945 ], [ 564130.937184699578211, 1726811.375554186990485 ], [ 566436.900644105509855, 1721030.017804034985602 ], [ 568717.787591824075207, 1716355.117573525989428 ], [ 574893.477971061714925, 1703201.842580622062087 ], [ 578369.095071509480476, 1696129.308169509284198 ], [ 581177.620812052744441, 1690155.430109652457759 ], [ 587340.887312629842199, 1678385.872940979665145 ], [ 587340.89457810332533, 1679222.030129422666505 ], [ 596902.927505413419567, 1683552.302474161144346 ], [ 599047.123962223762646, 1685075.152792790904641 ], [ 606285.328476392664015, 1685304.033166300039738 ], [ 607140.422948919353075, 1685796.015039971563965 ], [ 609785.242879191646352, 1687975.358131708810106 ], [ 610753.366525656776503, 1689255.954882157500833 ], [ 611589.527562870411202, 1693436.75159256067127 ], [ 616606.482487727305852, 1698453.710447551449761 ], [ 621623.435500425286591, 1698453.710619324119762 ], [ 628312.717979191918857, 1697617.553474391112104 ], [ 634165.840181057690643, 1696781.384294149000198 ], [ 639182.792339263483882, 1700962.182948388857767 ], [ 643363.58971766452305, 1703470.670454479753971 ], [ 650889.032586844288744, 1700962.188890079502016 ], [ 655905.991837482899427, 1701798.345267380820587 ], [ 657276.948716995539144, 1702973.109817763790488 ], [ 656947.824216379900463, 1703173.588214523624629 ], [ 655103.222922276472673, 1702448.609233215451241 ], [ 659187.208975384826772, 1708277.485051041003317 ], [ 658357.321403180714697, 1709238.055751710664481 ] ] ] ] } },
{ "type": "Feature", "properties": { "site_id": 2578, "name_eng": "Djoudj National Bird Sanctuary", "desig_eng": "World Heritage Site (natural or mixed)", "iucn_cat": "Not Applicable", "realm": "Terrestrial", "gis_area": 209.0328571, "gov_type": "Not Reported", "mang_auth": "Not Reported" }, "geometry": { "type": "MultiPolygon", "coordinates": [ [ [ [ 365282.46599942271132, 1817021.452217988437042 ], [ 364496.177630462974776, 1817317.021872662240639 ], [ 364042.717115023522638, 1817430.603729435242712 ], [ 363230.705007005890366, 1817878.644863070687279 ], [ 362549.132188080111519, 1817827.612072435906157 ], [ 362120.363862598023843, 1817622.713590427767485 ], [ 361798.198086942080408, 1817375.626355970744044 ], [ 360842.044140653510112, 1816177.559148892527446 ], [ 360638.727170521160588, 1815722.092191133415326 ], [ 360339.563332141784485, 1814907.374217814067379 ], [ 359988.101063247187994, 1814272.943602604791522 ], [ 359678.773973371309694, 1813956.589400724740699 ], [ 359037.131894593476318, 1813905.387002297211438 ], [ 358528.277700299979188, 1813728.767862693872303 ], [ 358218.004217939684168, 1813274.017263234592974 ], [ 358108.035717424470931, 1812804.127047241432592 ], [ 358010.257253650808707, 1812154.209848400903866 ], [ 357922.56317294749897, 1811005.944208689965308 ], [ 358057.243228168110363, 1809122.616405695443973 ], [ 358047.570043373270892, 1807641.633758971700445 ], [ 358313.033432959346101, 1807363.072386813350022 ], [ 359032.904890672536567, 1807081.564855270087719 ], [ 360062.835390698281117, 1807213.32207756745629 ], [ 361482.689173467340879, 1807716.370451264549047 ], [ 361966.416265141917393, 1808128.527454901952296 ], [ 362756.429688525444362, 1808372.666465392336249 ], [ 364116.276183299720287, 1807851.998690355103463 ], [ 364623.484059806040023, 1807751.942139790859073 ], [ 365279.748744311160408, 1807983.174183105351403 ], [ 365977.721622076933272, 1808477.1371648570057 ], [ 366433.337039984297007, 1808681.945537487510592 ], [ 366767.241754712420516, 1808652.212291213450953 ], [ 367259.890976598486304, 1808358.534596464829519 ], [ 368215.396171898697503, 1807259.281727615045384 ], [ 368653.635164081410039, 1806799.882571247406304 ], [ 369120.547919271164574, 1806658.653335019247606 ], [ 369842.365814112767112, 1806682.005469709867612 ], [ 370632.484257815580349, 1806954.10952345142141 ], [ 372482.845773251494393, 1807995.079541854793206 ], [ 372899.765990888234228, 1808449.39031068701297 ], [ 373290.518701327731833, 1809000.738700119778514 ], [ 373720.202515505952761, 1809358.08830379229039 ], [ 375033.911146219877992, 1810084.053609768394381 ], [ 375142.719058586051688, 1810415.595280001405627 ], [ 375125.315853121399414, 1812035.067016758257523 ], [ 375248.620034347113688, 1814885.538750349078327 ], [ 375462.303014007280581, 1817195.716878630686551 ], [ 375741.944697879487649, 1819367.105545157101005 ], [ 376155.245883141760714, 1821565.412627808284014 ], [ 376404.672989338287152, 1823141.827174577163532 ], [ 376494.40201123803854, 1824816.049359604716301 ], [ 376604.241631815501023, 1825341.368816894711927 ], [ 376619.657839684572536, 1825701.144742386415601 ], [ 376515.142142189899459, 1826103.121999563649297 ], [ 376303.029697713907808, 1826367.316040803445503 ], [ 375970.595707183878403, 1826604.52349650580436 ], [ 375582.770308335719164, 1826496.043694465886801 ], [ 375019.835064436658286, 1826125.600124999182299 ], [ 372843.600748590950388, 1823896.116158891934901 ], [ 371662.575973577215336, 1822906.572979879332706 ], [ 369451.561187308747321, 1821660.307579500135034 ], [ 368445.641357116168365, 1820960.527343926252797 ], [ 367076.340926614589989, 1819820.099521500524133 ], [ 366659.906112699361984, 1819435.120403901208192 ], [ 366094.137202218058519, 1818663.503739731153473 ], [ 365862.863966821925715, 1817986.724152614129707 ], [ 365793.239449135493487, 1817530.399663355201483 ], [ 365684.838369579985738, 1817281.931869319174439 ], [ 365537.124027569312602, 1817158.273951703216881 ], [ 365282.46599942271132, 1817021.452217988437042 ] ] ] ] } },
{ "type": "Feature", "properties": { "site_id": 2580, "name_eng": "Niokolo-Koba National Park", "desig_eng": "World Heritage Site (natural or mixed)", "iucn_cat": "Not Applicable", "realm": "Terrestrial", "gis_area": 8233.5558667000005, "gov_type": "Not Reported", "mang_auth": "Not Reported" }, "geometry": { "type": "MultiPolygon", "coordinates": [ [ [ [ 742695.041575656738132, 1479231.876387777971104 ], [ 737866.859180435305461, 1480415.964770930819213 ], [ 734611.294136609183624, 1479377.962375704897568 ], [ 732099.60505347349681, 1478881.342856576899067 ], [ 729610.344095279462636, 1478922.999986613634974 ], [ 726872.558109123026952, 1476838.039512883173302 ], [ 724520.107981304521672, 1474498.799241945380345 ], [ 722263.663068093243055, 1474003.119026663945988 ], [ 719032.751268729101866, 1473529.573759383754805 ], [ 717342.125887588830665, 1472600.738553138449788 ], [ 714683.00780167861376, 1469979.016857675043866 ], [ 711767.193297042744234, 1467406.528927247505635 ], [ 707544.961437352001667, 1464087.469835981726646 ], [ 705320.998021170031279, 1461748.007971976185217 ], [ 703323.21159816312138, 1460716.119898277334869 ], [ 700005.664797770907171, 1462956.414750833297148 ], [ 697585.38179025973659, 1465302.046236161142588 ], [ 694962.980798417236656, 1466878.515615368029103 ], [ 693195.440389760187827, 1465949.714759433176368 ], [ 691226.922010353766382, 1464149.987451944500208 ], [ 688610.318598416633904, 1464011.053700592834502 ], [ 687092.900506931822747, 1464952.030749790603295 ], [ 685736.35655044275336, 1464101.844646887853742 ], [ 683349.779486113227904, 1464092.2319357895758 ], [ 681322.023390750167891, 1464237.904953605029732 ], [ 679499.886726023745723, 1464435.980118367355317 ], [ 678877.713069730205461, 1466250.697925845859572 ], [ 677187.583854937809519, 1465347.870198710821569 ], [ 676875.105605536256917, 1466728.747319068294019 ], [ 677073.429308917373419, 1468547.758844830561429 ], [ 673968.422639542957768, 1468612.772718258434907 ], [ 675296.360291853081435, 1470537.522309774532914 ], [ 676424.044963223277591, 1470747.333111558575183 ], [ 677603.125871196738444, 1471213.097063758876175 ], [ 678289.449161469354294, 1473110.588225349551067 ], [ 677589.382591227651574, 1475104.023938629776239 ], [ 676149.927771446527913, 1475713.000526636140421 ], [ 674797.100830765906721, 1473838.892283368622884 ], [ 673005.181147672003135, 1472653.506466667633504 ], [ 671230.966729742125608, 1473772.822590148774907 ], [ 669973.130955234984867, 1473947.390907128807157 ], [ 668453.319059904664755, 1475477.806433962425217 ], [ 667099.680017962469719, 1473653.929313510889187 ], [ 665838.19658751541283, 1474954.866973334923387 ], [ 664896.992210731143132, 1472800.677133964374661 ], [ 664670.819090862176381, 1471340.108940355014056 ], [ 662516.955157898482867, 1470793.818075619172305 ], [ 661689.140926871099509, 1472787.866611152421683 ], [ 663430.708337921183556, 1473588.258779163239524 ], [ 659835.561039743712172, 1474597.706320622237399 ], [ 657138.091808030731045, 1475534.293314055772498 ], [ 656533.701508579426445, 1472356.951212427811697 ], [ 655745.674401610158384, 1470177.518530394881964 ], [ 653976.219049644540064, 1470016.91609766613692 ], [ 652996.098602225771174, 1471472.666481525404379 ], [ 653373.368409754126333, 1473522.440748428925872 ], [ 651321.979344391264021, 1473257.506626729620621 ], [ 651454.693412619526498, 1472003.798205135390162 ], [ 652077.034611507784575, 1470188.673279272625223 ], [ 652903.068050289177336, 1468579.359594403766096 ], [ 650553.049308247747831, 1466029.614273863378912 ], [ 650575.335081750759855, 1465529.730601149378344 ], [ 651125.896114910487086, 1465321.511656447779387 ], [ 651262.006473766639829, 1464622.038263656431809 ], [ 650987.588984772795811, 1464666.968264257535338 ], [ 650917.13809933536686, 1463501.734679242130369 ], [ 651333.491699624806643, 1463464.231939677149057 ], [ 651725.373867297777906, 1463152.257272637449205 ], [ 651923.511702413437888, 1462604.68387573864311 ], [ 651994.252517633372918, 1461971.21892853663303 ], [ 650930.513936694362201, 1461876.785625010728836 ], [ 650592.909090327448212, 1461780.882634453941137 ], [ 650597.63748045777902, 1461123.821163776097819 ], [ 651468.867123476462439, 1460956.097618474625051 ], [ 651628.354364815168083, 1460149.452771907672286 ], [ 651311.394939359161071, 1459456.304808770073578 ], [ 650792.231066943146288, 1459454.526669377693906 ], [ 650567.4307889995398, 1458750.839849489508197 ], [ 650553.863635697984137, 1457676.639250344596803 ], [ 651313.153588251792826, 1457775.982984804781154 ], [ 651534.571318353293464, 1457333.624795345356688 ], [ 651339.174363242113031, 1457189.837242736248299 ], [ 650969.835688006831333, 1457332.700247205095366 ], [ 651131.777170669520274, 1456668.76818368351087 ], [ 651851.681978495675139, 1456254.624244570033625 ], [ 651780.9721429530764, 1455715.506511695217341 ], [ 651448.826971913920715, 1455598.613673217128962 ], [ 650997.388302402454428, 1456273.107425273861736 ], [ 650705.83753142436035, 1455284.759318738011643 ], [ 651279.569327199016698, 1455234.838261389173567 ], [ 651292.95580010919366, 1454775.83699083677493 ], [ 650557.631036134669557, 1454640.130565907573327 ], [ 650444.765093554975465, 1453679.324818045366555 ], [ 650889.989760064752772, 1453544.612775358371437 ], [ 651068.274537419434637, 1453847.592368720564991 ], [ 651245.423749192152172, 1453767.820372085785493 ], [ 651414.982888208003715, 1453297.516802505590022 ], [ 651782.993404882028699, 1453403.543271221220493 ], [ 651980.789405567804351, 1453705.532034187112004 ], [ 652333.982383551076055, 1453551.525035279570147 ], [ 652939.938560817972757, 1453562.656136776786298 ], [ 652981.054073066567071, 1452996.505872293142602 ], [ 652465.992477472056635, 1453208.230603413423523 ], [ 652213.301721305935644, 1453029.82764613814652 ], [ 652388.425278358510695, 1452537.434891205979511 ], [ 652107.65417157812044, 1451559.089314656797796 ], [ 653048.270473083248362, 1450672.732549247564748 ], [ 653311.822690444183536, 1450657.614981254562736 ], [ 653445.274732915800996, 1451027.838011481333524 ], [ 653890.228380060638301, 1450566.834093385608867 ], [ 653678.700346310855821, 1450391.969750502379611 ], [ 653664.918950433726422, 1450142.994490667479113 ], [ 654053.818879630183801, 1449433.885075424565002 ], [ 653870.308258960605599, 1449095.45836740382947 ], [ 654034.321413200697862, 1448273.357692923163995 ], [ 654393.29106831131503, 1448455.690582002047449 ], [ 654406.089678966556676, 1448878.336732148891315 ], [ 654663.968792583560571, 1449103.247139901388437 ], [ 655015.025973314652219, 1449148.374232623493299 ], [ 655151.898585292627104, 1448529.667042369022965 ], [ 654972.987002229434438, 1448145.903491409961134 ], [ 654530.094825328560546, 1447846.937311226734892 ], [ 654596.540835755877197, 1446639.325742103392258 ], [ 654880.466165379271843, 1446288.044340032851323 ], [ 655308.234456738573499, 1446006.163999859243631 ], [ 655686.203962686122395, 1445902.108106727479026 ], [ 648680.030093677574769, 1444059.078930223360658 ], [ 644272.12421048397664, 1442531.203814110253006 ], [ 641751.754255462437868, 1444210.52498252177611 ], [ 639470.043862532242201, 1445506.319423910230398 ], [ 639438.676112727029249, 1445277.187322004698217 ], [ 639936.852854828117415, 1442206.837920738151297 ], [ 640203.827196415979415, 1439186.199805403361097 ], [ 642160.847228588536382, 1437222.837360272184014 ], [ 646536.248130087507889, 1433399.548405525507405 ], [ 648094.718751671724021, 1428004.181666341610253 ], [ 652231.89298222202342, 1426279.851462440332398 ], [ 656708.76162354205735, 1422917.485975667368621 ], [ 657467.674676975118928, 1418824.368408793583512 ], [ 656017.384796338854358, 1415131.50640786648728 ], [ 656843.222724257851951, 1413829.688068744493648 ], [ 658059.28653622418642, 1410915.021913600387052 ], [ 656836.687698051333427, 1408376.105395793681964 ], [ 657128.776779855717905, 1405842.333771065808833 ], [ 656227.339086587307975, 1402706.824554427526891 ], [ 663050.120092501747422, 1403130.23889181134291 ], [ 671914.837541960296221, 1402126.188109853537753 ], [ 679311.091669867979363, 1401247.155398087808862 ], [ 679658.302326292265207, 1400967.246763055212796 ], [ 679787.335627184715122, 1400661.619518730323762 ], [ 679993.138971287407912, 1400412.900666886474937 ], [ 680303.570333738811314, 1400282.115273536648601 ], [ 680510.655701257404871, 1400345.384630693588406 ], [ 681059.399297648575157, 1401002.706931056221947 ], [ 681368.784189192811027, 1401035.660119641339406 ], [ 681330.452554069226608, 1400744.456299885641783 ], [ 681165.449053970747627, 1400386.065338476095349 ], [ 681079.035434135934338, 1399798.065806596307084 ], [ 681487.363173367572017, 1399479.844208388123661 ], [ 682137.406571287661791, 1399417.627601936459541 ], [ 682660.055745384888723, 1399401.070940896170214 ], [ 683705.816371191293001, 1399465.345189290121198 ], [ 685690.674742914037779, 1399458.341125619597733 ], [ 685902.619174648658372, 1399609.082384653389454 ], [ 685844.529519876465201, 1399853.201023661997169 ], [ 685573.154397097532637, 1400152.347196907037869 ], [ 685576.885954848723486, 1400412.358884968794882 ], [ 685970.987186501966789, 1400615.184841983253136 ], [ 686328.036812931764871, 1401000.318695712834597 ], [ 686814.968874364509247, 1401126.324810433899984 ], [ 687730.42034880630672, 1400846.933417574036866 ], [ 687858.732848633779213, 1400664.130138675915077 ], [ 688265.751542846206576, 1400555.087318728677928 ], [ 688696.780873609473929, 1400593.353553847176954 ], [ 689296.660367471864447, 1400561.946161503903568 ], [ 689902.013554063625634, 1400362.42232389212586 ], [ 690300.339489120058715, 1400094.033786460524425 ], [ 690554.846806452143937, 1400050.380669077858329 ], [ 690818.143141975975595, 1400153.934291582554579 ], [ 691211.810912284883671, 1400417.684442687779665 ], [ 691613.924622173188254, 1400394.950460694264621 ], [ 691701.50089486525394, 1400135.546839857939631 ], [ 691980.250716383568943, 1399559.909244053531438 ], [ 692495.931839381344616, 1399293.447141802869737 ], [ 692870.311880509019829, 1399357.943645936669782 ], [ 692919.815857871901244, 1399587.298092028126121 ], [ 693030.290366749279201, 1399797.15261438023299 ], [ 693250.592055442510173, 1400151.583467038348317 ], [ 693462.023414024966769, 1400372.085417628986761 ], [ 693745.73875692684669, 1400506.785782595630735 ], [ 693940.150439046090469, 1400355.434158862102777 ], [ 694264.301368005224504, 1400455.012341774068773 ], [ 694592.797191324643791, 1400712.836460869060829 ], [ 694978.339908193447627, 1400730.972721732687205 ], [ 695259.043508607428521, 1400512.733162226388231 ], [ 695241.734575633890927, 1400186.231430779909715 ], [ 695102.44030106253922, 1399746.04044124763459 ], [ 695332.890764194075018, 1399569.497503913938999 ], [ 695760.12164408469107, 1399531.503403355833143 ], [ 696137.035447871196084, 1399385.848525590728968 ], [ 696907.282491261605173, 1398922.069073117803782 ], [ 697336.587734417524189, 1398587.598179562017322 ], [ 697722.42114255996421, 1398100.147550249937922 ], [ 698013.474746438208967, 1397806.765844214940444 ], [ 698139.095261068316177, 1398022.281842444092035 ], [ 698167.703532037441619, 1398282.484450274379924 ], [ 698155.095754815381952, 1398532.442211720859632 ], [ 698261.155511031043716, 1398747.82307495130226 ], [ 698416.457884859410115, 1398912.654148719739169 ], [ 699042.238910958287306, 1398917.031546006677672 ], [ 699556.330766571336426, 1398735.868338501546532 ], [ 699849.821463174885139, 1398870.699922792846337 ], [ 699813.040116521646269, 1399157.000547306379303 ], [ 699824.93737259611953, 1399473.516639705514535 ], [ 700149.963823636295274, 1399603.04259885288775 ], [ 700764.863894276553765, 1399454.69853743375279 ], [ 701219.020637515117414, 1399299.69548210920766 ], [ 701505.115948330843821, 1399097.03675074968487 ], [ 701730.83824137353804, 1398828.67293229745701 ], [ 702021.681269673630595, 1398570.73096442129463 ], [ 702136.830207587569021, 1399489.878493870608509 ], [ 702868.538650027709082, 1399418.752902699168772 ], [ 703139.721854021423496, 1399176.171173542737961 ], [ 705274.322061241022311, 1402681.228923368966207 ], [ 707582.774072272935882, 1402844.100756926462054 ], [ 708630.033692894270644, 1404025.75022162264213 ], [ 710476.927355907857418, 1411586.700377459870651 ], [ 712015.504430530942045, 1411925.768112992402166 ], [ 712214.341259636450559, 1413641.221505932044238 ], [ 714290.261364458245225, 1414136.089281322900206 ], [ 713388.569612673250958, 1415464.771666941000149 ], [ 714358.084405316854827, 1416773.411258922191337 ], [ 714739.079958104644902, 1417927.096925659803674 ], [ 715504.789681830443442, 1419031.746314873220399 ], [ 716760.423525779740885, 1419676.585169579600915 ], [ 718609.447976581053808, 1418992.745239988900721 ], [ 717845.538364005857147, 1417530.596887522144243 ], [ 717719.844391066231765, 1417216.472522974945605 ], [ 718109.258293096441776, 1416991.554283380974084 ], [ 718585.994525489280932, 1416849.204520353116095 ], [ 718997.199236339656636, 1417033.885028263786808 ], [ 719144.286230520810932, 1417665.760814361972734 ], [ 719169.644109055399895, 1418033.329824317246675 ], [ 719605.910548499552533, 1417927.198554129106924 ], [ 720403.722748391679488, 1417276.174874569056556 ], [ 721311.977953800349496, 1416120.345895137405023 ], [ 721565.969292877940461, 1415998.416799417464063 ], [ 722215.046711001778021, 1416177.279205866390839 ], [ 722779.195704104728065, 1415836.506798926973715 ], [ 723525.259800666361116, 1415700.79947863263078 ], [ 723647.046996373916045, 1414726.886306731496006 ], [ 723901.039330653147772, 1413926.650080607272685 ], [ 724307.042012829799205, 1413269.267119708703831 ], [ 724856.150666036410257, 1412918.444295153720304 ], [ 725383.525366199668497, 1413112.99680086132139 ], [ 725916.46983368054498, 1413694.907433670945466 ], [ 726895.069722651154734, 1414497.318430903134868 ], [ 728869.542105732602067, 1415562.392260615713894 ], [ 729285.87629328656476, 1416179.954268736066297 ], [ 729797.880460165673867, 1416650.024404141586274 ], [ 730229.014049002667889, 1416518.554059376008809 ], [ 730772.699538062443025, 1416039.432610408868641 ], [ 731692.394231982994825, 1415928.603889059508219 ], [ 732413.125634696683846, 1415976.615815572673455 ], [ 732773.828382161213085, 1415436.252944007748738 ], [ 732496.39903306402266, 1414314.051897707395256 ], [ 732629.506114349933341, 1412666.286761559080333 ], [ 732700.257996656466275, 1412254.102076229639351 ], [ 733106.472923314431682, 1411994.088057928951457 ], [ 733568.576044469024055, 1412199.325807151151821 ], [ 734045.389423228334635, 1412985.675964021123946 ], [ 734126.475329963606782, 1413291.781348224496469 ], [ 734456.762120098574087, 1412889.5056728546042 ], [ 734650.366569579346105, 1411946.05420781346038 ], [ 734834.034609569935128, 1411543.664237777935341 ], [ 736038.569746649358422, 1410388.443061088444665 ], [ 736800.238703266717494, 1409849.257095814216882 ], [ 737319.496436412446201, 1409074.542332116980106 ], [ 738955.504813199862838, 1408179.787979366723448 ], [ 742232.421317459084094, 1406619.635365092428401 ], [ 743105.071236433577724, 1406973.523993324721232 ], [ 744070.277170203858986, 1406546.916492566931993 ], [ 745218.78683108324185, 1406160.66112767602317 ], [ 747072.500133440596983, 1406643.839284243062139 ], [ 747433.189299356075935, 1406399.090778810437769 ], [ 747738.631676301476546, 1406012.201253507751971 ], [ 748195.534564196830615, 1405824.746210684766993 ], [ 748759.309560597059317, 1405840.768632823135704 ], [ 749429.352103386307135, 1406250.629827967379242 ], [ 750073.730693152640015, 1406980.130592530593276 ], [ 750114.159461308969185, 1407322.470680081518367 ], [ 749703.437495240243152, 1407694.019377577118576 ], [ 749591.373202511342242, 1408326.080994844902307 ], [ 749732.94800715346355, 1409024.577745022252202 ], [ 750204.309743362362497, 1409531.215563147561625 ], [ 751129.010052694007754, 1409879.208387582562864 ], [ 752073.458366145379841, 1410446.549895955482498 ], [ 752718.418476674822159, 1410244.256628941744566 ], [ 753404.622778894030489, 1410168.518358430126682 ], [ 754181.834604244679213, 1410241.92393420310691 ], [ 754623.044967604801059, 1410829.176876798272133 ], [ 755099.695615569595248, 1411579.45784661010839 ], [ 756750.79887203220278, 1411719.534866513917223 ], [ 757543.700189474388026, 1411736.739176113391295 ], [ 758483.086561527568847, 1411181.986710607772693 ], [ 758956.020652376813814, 1410199.060770700452849 ], [ 758930.440447907545604, 1409790.414634587941691 ], [ 758092.992237885482609, 1409054.461536895949394 ], [ 757991.801640168065205, 1408595.321720139821991 ], [ 758332.907323986524716, 1408126.946323596639559 ], [ 759099.397438958170824, 1407837.348682812415063 ], [ 759613.056414246675558, 1407394.917225999059156 ], [ 761679.730064420262352, 1407276.746285070199519 ], [ 762106.289497358025983, 1406859.000927955145016 ], [ 762010.294667230336927, 1406078.905464673181996 ], [ 762556.438903231173754, 1406008.708639145130292 ], [ 765461.842775338795036, 1404304.729239163454622 ], [ 771102.045973132131621, 1405556.955998975085095 ], [ 771889.453291420009919, 1407864.656465041916817 ], [ 772500.407152464846149, 1409300.671693595359102 ], [ 773628.689345221733674, 1409484.27548902365379 ], [ 774779.402662909240462, 1410487.271672686096281 ], [ 773749.953938830876723, 1411430.309120099525899 ], [ 773695.196942281560041, 1412480.243701901519671 ], [ 774275.536162732052617, 1415247.67519888561219 ], [ 775884.161600259598345, 1417378.797868104884401 ], [ 777263.305053395917639, 1419073.865149881923571 ], [ 776311.875863961875439, 1419941.162369552068412 ], [ 776175.426784934476018, 1421988.774132287595421 ], [ 776780.897324292571284, 1425115.268133678939193 ], [ 779881.718057923717424, 1426176.824608341790736 ], [ 782619.291836046846583, 1428235.815510333050042 ], [ 783969.088154867524281, 1431108.987472962122411 ], [ 784084.691791964927688, 1434874.041094850981608 ], [ 783534.019744475604966, 1438072.109433491947129 ], [ 783691.519970326917246, 1439753.080054422374815 ], [ 782164.689550265902653, 1440874.32154554920271 ], [ 782285.317291521700099, 1441708.030562216648832 ], [ 782627.012874049716629, 1441834.412917535286397 ], [ 783050.542384465923533, 1441813.300341506255791 ], [ 783317.097714142641053, 1442279.882996458793059 ], [ 783012.577547349501401, 1442550.185492395190522 ], [ 782734.076866020564921, 1445146.604669814696535 ], [ 782346.71017248602584, 1445244.467438695719466 ], [ 782226.094798083184287, 1445681.60677540791221 ], [ 782447.088980261003599, 1446037.017089165514335 ], [ 781769.057504320866428, 1445907.173535916488618 ], [ 781755.071716769365594, 1446212.565631939098239 ], [ 782522.365754227619618, 1446947.761491793673486 ], [ 782133.635001663700677, 1447813.878008505096659 ], [ 782020.292534719221294, 1448704.968035641591996 ], [ 781462.841410221531987, 1449414.36859404691495 ], [ 781067.042273331666365, 1449705.87682954617776 ], [ 780910.47892467584461, 1450159.251560916891322 ], [ 780199.145155398873612, 1450537.200489981099963 ], [ 779423.574099918594584, 1450407.502959347562864 ], [ 778710.197015844751149, 1450456.687577000819147 ], [ 778452.723983636707999, 1450914.575372088933364 ], [ 777932.67063879664056, 1450946.926287383772433 ], [ 777466.310918097966351, 1451462.475688564125448 ], [ 776686.64049925794825, 1451526.532100161537528 ], [ 776407.235000765300356, 1451904.506663049105555 ], [ 775751.552452817442827, 1452155.81117152934894 ], [ 775698.127920264145359, 1452827.203080913750455 ], [ 776214.330900317523628, 1453171.149694928433746 ], [ 775945.904730207985267, 1453645.542500719893724 ], [ 775450.262513133464381, 1453199.965918868081644 ], [ 775216.814631650457159, 1453434.504192846827209 ], [ 775200.56763026304543, 1454400.722752331290394 ], [ 774641.785200077109039, 1454840.094404334202409 ], [ 774735.591381208971143, 1455328.10296096932143 ], [ 775154.716670052846894, 1455505.014197460608557 ], [ 775075.553218164830469, 1456039.988087526289746 ], [ 774792.882927657454275, 1456855.18568802671507 ], [ 774371.130130774108693, 1457049.082374575547874 ], [ 774158.847824533004314, 1457447.665646474342793 ], [ 774496.752333290642127, 1457715.633309364318848 ], [ 774417.240265286760405, 1458178.650038441410288 ], [ 773765.850815294310451, 1458451.045783422654495 ], [ 773511.537620531162247, 1458716.37290414609015 ], [ 773737.81296370155178, 1459081.730789921944961 ], [ 773668.390275764511898, 1459621.228676620405167 ], [ 773449.966186444391496, 1459662.203013158170506 ], [ 772898.632443360053003, 1459588.033900544047356 ], [ 772442.797361646778882, 1460266.45225703320466 ], [ 771877.644331313786097, 1460274.07744531147182 ], [ 771490.028918385971338, 1460315.588174293981865 ], [ 771405.309287545271218, 1460544.986255748197436 ], [ 771911.85581714194268, 1462923.345455900533125 ], [ 771408.815210010390729, 1463882.458258296130225 ], [ 769856.657229062868282, 1467613.941574225900695 ], [ 768434.653167159063742, 1470502.151539799990132 ], [ 764862.523425395716913, 1472254.503487556707114 ], [ 757748.473907765117474, 1474017.372337701264769 ], [ 755861.471909715444781, 1477876.623562732245773 ], [ 750933.882768040872179, 1478317.107279714429751 ], [ 747394.704045847058296, 1477944.468532706145197 ], [ 742695.041575656738132, 1479231.876387777971104 ] ] ] ] } },
{ "type": "Feature", "properties": { "site_id": 3044, "name_eng": "Delta du Saloum", "desig_eng": "UNESCO-MAB Biosphere Reserve", "iucn_cat": "Not Applicable", "realm": "Coastal", "gis_area": 3187.28226726, "gov_type": "Not Reported", "mang_auth": "Not Reported" }, "geometry": { "type": "MultiPolygon", "coordinates": [ [ [ [ 340383.200821603182703, 1561594.364749473985285 ], [ 341113.869995799846947, 1565332.488913173787296 ], [ 342226.487829570833128, 1569071.548827414866537 ], [ 343850.200708925025538, 1572608.31793914665468 ], [ 346034.127527869481128, 1575890.577491230098531 ], [ 348448.258793997927569, 1578793.225259810686111 ], [ 347930.266950822726358, 1582681.739440198754892 ], [ 344992.932427745778114, 1585140.348720599664375 ], [ 341370.661112173926085, 1586656.683755841106176 ], [ 337546.187425020616502, 1587538.748840614687651 ], [ 334031.279115759185515, 1586286.255352187668905 ], [ 330568.186072162585333, 1584780.502284994581714 ], [ 326952.302880739094689, 1583400.160783720901236 ], [ 324409.763084828620777, 1580522.380837497068569 ], [ 323142.917558201006614, 1576834.713487955275923 ], [ 322361.625453170447145, 1573019.723218250321224 ], [ 320610.795515146804973, 1569508.143798278644681 ], [ 319700.915998271666467, 1565744.994781301822513 ], [ 319150.889570851577446, 1561141.713525081286207 ], [ 316455.092489631846547, 1557933.572388672735542 ], [ 313162.662675970583223, 1559757.790565617615357 ], [ 309514.538292472891044, 1560893.611885735066608 ], [ 306068.862981972633861, 1562767.597543102921918 ], [ 302142.682165416539647, 1562785.792355740675703 ], [ 301589.641146883019246, 1503209.027533914195374 ], [ 343694.364809570251964, 1502735.595043268287554 ], [ 343951.490106187527999, 1510325.292018296895549 ], [ 344247.724165634484962, 1514115.834477743133903 ], [ 344952.430325487162918, 1517853.063946370733902 ], [ 342335.719161465938669, 1524201.133215345209464 ], [ 346541.999634691746905, 1524417.12608737568371 ], [ 347803.528149853344075, 1529530.626871268032119 ], [ 350575.414515857992228, 1532180.57221021130681 ], [ 350081.621659044642001, 1536119.522494156612083 ], [ 351857.279596755397506, 1539504.371930362656713 ], [ 352995.355310830520466, 1543319.966454681474715 ], [ 353877.912698939908296, 1547083.946301916847005 ], [ 354149.07202725391835, 1550872.446868900908157 ], [ 353043.911935694166459, 1554581.46456447802484 ], [ 345016.599258902482688, 1553521.647496386431158 ], [ 342130.414002367353532, 1555904.673141448060051 ], [ 340383.200821603182703, 1561594.364749473985285 ] ] ] ] } },
{ "type": "Feature", "properties": { "site_id": 3045, "name_eng": "Parc national du Niokolo-Koba", "desig_eng": "UNESCO-MAB Biosphere Reserve", "iucn_cat": "Not Applicable", "realm": "Terrestrial", "gis_area": 8233.5558669599995, "gov_type": "Not Reported", "mang_auth": "Not Reported" }, "geometry": { "type": "MultiPolygon", "coordinates": [ [ [ [ 742695.041575656738132, 1479231.876387777971104 ], [ 737866.859180435305461, 1480415.964770930819213 ], [ 734611.294136609183624, 1479377.962375704897568 ], [ 732099.60505347349681, 1478881.342856576899067 ], [ 729610.344095279462636, 1478922.999986613634974 ], [ 726872.558109123026952, 1476838.039512883173302 ], [ 724520.107981304521672, 1474498.799241945380345 ], [ 722263.663068093243055, 1474003.119026663945988 ], [ 719032.751268729101866, 1473529.573759383754805 ], [ 717342.125887588830665, 1472600.738553138449788 ], [ 714683.00780167861376, 1469979.016857675043866 ], [ 711767.193297042744234, 1467406.528927247505635 ], [ 707544.961437352001667, 1464087.469835981726646 ], [ 705320.998021170031279, 1461748.007971976185217 ], [ 703323.21159816312138, 1460716.119898277334869 ], [ 700005.664797770907171, 1462956.414750833297148 ], [ 697585.38179025973659, 1465302.046236161142588 ], [ 694962.980798417236656, 1466878.515615368029103 ], [ 693195.440389760187827, 1465949.714759433176368 ], [ 691226.922010353766382, 1464149.987451944500208 ], [ 688610.318598416633904, 1464011.053700592834502 ], [ 687092.900506931822747, 1464952.030749790603295 ], [ 685736.35655044275336, 1464101.844646887853742 ], [ 683349.779486113227904, 1464092.2319357895758 ], [ 681322.023390750167891, 1464237.904953605029732 ], [ 679499.886726023745723, 1464435.980118367355317 ], [ 678877.713069730205461, 1466250.697925845859572 ], [ 677187.583854937809519, 1465347.870198710821569 ], [ 676875.105605536256917, 1466728.747319068294019 ], [ 677073.429308917373419, 1468547.758844830561429 ], [ 673968.422639542957768, 1468612.772718258434907 ], [ 675296.360291853081435, 1470537.522309774532914 ], [ 676424.044963223277591, 1470747.333111558575183 ], [ 677603.125871196738444, 1471213.097063758876175 ], [ 678289.449161469354294, 1473110.588225349551067 ], [ 677589.382591227651574, 1475104.023938629776239 ], [ 676149.927771446527913, 1475713.000526636140421 ], [ 674797.100830765906721, 1473838.892283368622884 ], [ 673005.181147672003135, 1472653.506466667633504 ], [ 671230.966729742125608, 1473772.822590148774907 ], [ 669973.130955234984867, 1473947.390907128807157 ], [ 668453.319059904664755, 1475477.806433962425217 ], [ 667099.680017962469719, 1473653.929313510889187 ], [ 665838.19658751541283, 1474954.866973334923387 ], [ 664896.992210731143132, 1472800.677133964374661 ], [ 664670.819090862176381, 1471340.108940355014056 ], [ 662516.955157898482867, 1470793.818075619172305 ], [ 661689.140926871099509, 1472787.866611152421683 ], [ 663430.708337921183556, 1473588.258779163239524 ], [ 659835.561039743712172, 1474597.706320622237399 ], [ 657138.091808030731045, 1475534.293314055772498 ], [ 656533.701508579426445, 1472356.951212427811697 ], [ 655745.674401610158384, 1470177.518530394881964 ], [ 653976.219049644540064, 1470016.91609766613692 ], [ 652996.098602225771174, 1471472.666481525404379 ], [ 653373.368409754126333, 1473522.440748428925872 ], [ 651321.979344391264021, 1473257.506626729620621 ], [ 651454.693412619526498, 1472003.798205135390162 ], [ 652077.034611507784575, 1470188.673279272625223 ], [ 652903.068050289177336, 1468579.359594403766096 ], [ 650553.049308247747831, 1466029.614273863378912 ], [ 650575.335081750759855, 1465529.730601149378344 ], [ 651125.896114910487086, 1465321.511656447779387 ], [ 651262.006473766639829, 1464622.038263656431809 ], [ 650987.588984772795811, 1464666.968264257535338 ], [ 650917.13809933536686, 1463501.734679242130369 ], [ 651333.491699624806643, 1463464.231939677149057 ], [ 651725.373867297777906, 1463152.257272637449205 ], [ 651923.511702413437888, 1462604.68387573864311 ], [ 651994.252517633372918, 1461971.21892853663303 ], [ 650930.513936694362201, 1461876.785625010728836 ], [ 650592.909090327448212, 1461780.882634453941137 ], [ 650597.63748045777902, 1461123.821163776097819 ], [ 651468.867123476462439, 1460956.097618474625051 ], [ 651628.354364815168083, 1460149.452771907672286 ], [ 651311.394939359161071, 1459456.304808770073578 ], [ 650792.231066943146288, 1459454.526669377693906 ], [ 650567.4307889995398, 1458750.839849489508197 ], [ 650553.863635697984137, 1457676.639250344596803 ], [ 651313.153588251792826, 1457775.982984804781154 ], [ 651534.571318353293464, 1457333.624795345356688 ], [ 651339.174363242113031, 1457189.837242736248299 ], [ 650969.835688006831333, 1457332.700247205095366 ], [ 651131.777170669520274, 1456668.76818368351087 ], [ 651851.681978495675139, 1456254.624244570033625 ], [ 651780.9721429530764, 1455715.506511695217341 ], [ 651448.826971913920715, 1455598.613673217128962 ], [ 650997.388302402454428, 1456273.107425273861736 ], [ 650705.83753142436035, 1455284.759318738011643 ], [ 651279.569327199016698, 1455234.838261389173567 ], [ 651292.95580010919366, 1454775.83699083677493 ], [ 650557.631036134669557, 1454640.130565907573327 ], [ 650444.765093554975465, 1453679.324818045366555 ], [ 650889.989760064752772, 1453544.612775358371437 ], [ 651068.274537419434637, 1453847.592368720564991 ], [ 651245.423749192152172, 1453767.820372085785493 ], [ 651414.982888208003715, 1453297.516802505590022 ], [ 651782.993404882028699, 1453403.543271221220493 ], [ 651980.789405567804351, 1453705.532034187112004 ], [ 652333.982383551076055, 1453551.525035279570147 ], [ 652939.938560817972757, 1453562.656136776786298 ], [ 652981.054073066567071, 1452996.505872293142602 ], [ 652465.992477472056635, 1453208.230603413423523 ], [ 652213.301721305935644, 1453029.82764613814652 ], [ 652388.425278358510695, 1452537.434891205979511 ], [ 652107.65417157812044, 1451559.089314656797796 ], [ 653048.270473083248362, 1450672.732549247564748 ], [ 653311.822690444183536, 1450657.614981254562736 ], [ 653445.274732915800996, 1451027.838011481333524 ], [ 653890.228380060638301, 1450566.834093385608867 ], [ 653678.700346310855821, 1450391.969750502379611 ], [ 653664.918950433726422, 1450142.994490667479113 ], [ 654053.818879630183801, 1449433.885075424565002 ], [ 653870.308258960605599, 1449095.45836740382947 ], [ 654034.321413200697862, 1448273.357692923163995 ], [ 654393.29106831131503, 1448455.690582002047449 ], [ 654406.089678966556676, 1448878.336732148891315 ], [ 654663.968792583560571, 1449103.247139901388437 ], [ 655015.025973314652219, 1449148.374232623493299 ], [ 655151.898585292627104, 1448529.667042369022965 ], [ 654972.987002229434438, 1448145.903491409961134 ], [ 654530.094825328560546, 1447846.937311226734892 ], [ 654596.540835755877197, 1446639.325742103392258 ], [ 654880.466165379271843, 1446288.044340032851323 ], [ 655308.234456738573499, 1446006.163999859243631 ], [ 655686.203962686122395, 1445902.108106727479026 ], [ 648680.030093677574769, 1444059.078930223360658 ], [ 644272.12421048397664, 1442531.203814110253006 ], [ 641751.754255462437868, 1444210.52498252177611 ], [ 639470.043862532242201, 1445506.319423910230398 ], [ 639438.676112727029249, 1445277.187322004698217 ], [ 639936.852854828117415, 1442206.837920738151297 ], [ 640203.827196415979415, 1439186.199805403361097 ], [ 642160.847228588536382, 1437222.837360272184014 ], [ 646536.248130087507889, 1433399.548405525507405 ], [ 648094.718751671724021, 1428004.181666341610253 ], [ 652231.89298222202342, 1426279.851462440332398 ], [ 656708.76162354205735, 1422917.485975667368621 ], [ 657467.674676975118928, 1418824.368408793583512 ], [ 656017.384796338854358, 1415131.50640786648728 ], [ 656843.222724257851951, 1413829.688068744493648 ], [ 658059.28653622418642, 1410915.021913600387052 ], [ 656836.687698051333427, 1408376.105395793681964 ], [ 657128.776779855717905, 1405842.333771065808833 ], [ 656227.339086587307975, 1402706.824554427526891 ], [ 663050.120092501747422, 1403130.23889181134291 ], [ 671914.837541960296221, 1402126.188109853537753 ], [ 679311.091669867979363, 1401247.155398087808862 ], [ 679658.302326292265207, 1400967.246763055212796 ], [ 679787.335627184715122, 1400661.619518730323762 ], [ 679993.138971287407912, 1400412.900666886474937 ], [ 680303.570333738811314, 1400282.115273536648601 ], [ 680510.655701257404871, 1400345.384630693588406 ], [ 681059.399297648575157, 1401002.706931056221947 ], [ 681368.784189192811027, 1401035.660119641339406 ], [ 681330.452554069226608, 1400744.456299885641783 ], [ 681165.449053970747627, 1400386.065338476095349 ], [ 681079.035434135934338, 1399798.065806596307084 ], [ 681487.363173367572017, 1399479.844208388123661 ], [ 682137.406571287661791, 1399417.627601936459541 ], [ 682660.055745384888723, 1399401.070940896170214 ], [ 683705.816371191293001, 1399465.345189290121198 ], [ 685690.674742914037779, 1399458.341125619597733 ], [ 685902.619174648658372, 1399609.082384653389454 ], [ 685844.529519876465201, 1399853.201023661997169 ], [ 685573.154397097532637, 1400152.347196907037869 ], [ 685576.885954848723486, 1400412.358884968794882 ], [ 685970.987186501966789, 1400615.184841983253136 ], [ 686328.036812931764871, 1401000.318695712834597 ], [ 686814.968874364509247, 1401126.324810433899984 ], [ 687730.42034880630672, 1400846.933417574036866 ], [ 687858.732848633779213, 1400664.130138675915077 ], [ 688265.751542846206576, 1400555.087318728677928 ], [ 688696.780873609473929, 1400593.353553847176954 ], [ 689296.660367471864447, 1400561.946161503903568 ], [ 689902.013554063625634, 1400362.42232389212586 ], [ 690300.339489120058715, 1400094.033786460524425 ], [ 690554.846806452143937, 1400050.380669077858329 ], [ 690818.143141975975595, 1400153.934291582554579 ], [ 691211.810912284883671, 1400417.684442687779665 ], [ 691613.924622173188254, 1400394.950460694264621 ], [ 691701.50089486525394, 1400135.546839857939631 ], [ 691980.250716383568943, 1399559.909244053531438 ], [ 692495.931839381344616, 1399293.447141802869737 ], [ 692870.311880509019829, 1399357.943645936669782 ], [ 692919.815857871901244, 1399587.298092028126121 ], [ 693030.290366749279201, 1399797.15261438023299 ], [ 693250.592055442510173, 1400151.583467038348317 ], [ 693462.023414024966769, 1400372.085417628986761 ], [ 693745.73875692684669, 1400506.785782595630735 ], [ 693940.150439046090469, 1400355.434158862102777 ], [ 694264.301368005224504, 1400455.012341774068773 ], [ 694592.797191324643791, 1400712.836460869060829 ], [ 694978.339908193447627, 1400730.972721732687205 ], [ 695259.043508607428521, 1400512.733162226388231 ], [ 695241.734575633890927, 1400186.231430779909715 ], [ 695102.44030106253922, 1399746.04044124763459 ], [ 695332.890764194075018, 1399569.497503913938999 ], [ 695760.12164408469107, 1399531.503403355833143 ], [ 696137.035447871196084, 1399385.848525590728968 ], [ 696907.282491261605173, 1398922.069073117803782 ], [ 697336.587734417524189, 1398587.598179562017322 ], [ 697722.42114255996421, 1398100.147550249937922 ], [ 698013.474746438208967, 1397806.765844214940444 ], [ 698139.095261068316177, 1398022.281842444092035 ], [ 698167.703532037441619, 1398282.484450274379924 ], [ 698155.095754815381952, 1398532.442211720859632 ], [ 698261.155511031043716, 1398747.82307495130226 ], [ 698416.457884859410115, 1398912.654148719739169 ], [ 699042.238910958287306, 1398917.031546006677672 ], [ 699556.330766571336426, 1398735.868338501546532 ], [ 699849.821463174885139, 1398870.699922792846337 ], [ 699813.040116521646269, 1399157.000547306379303 ], [ 699824.93737259611953, 1399473.516639705514535 ], [ 700149.963823636295274, 1399603.04259885288775 ], [ 700764.863894276553765, 1399454.69853743375279 ], [ 701219.020637515117414, 1399299.69548210920766 ], [ 701505.115948330843821, 1399097.03675074968487 ], [ 701730.83824137353804, 1398828.67293229745701 ], [ 702021.681269673630595, 1398570.73096442129463 ], [ 702136.830207587569021, 1399489.878493870608509 ], [ 702868.538650027709082, 1399418.752902699168772 ], [ 703139.721854021423496, 1399176.171173542737961 ], [ 705274.322061241022311, 1402681.228923368966207 ], [ 707582.774072272935882, 1402844.100756926462054 ], [ 708630.033692894270644, 1404025.75022162264213 ], [ 710476.927355907857418, 1411586.700377459870651 ], [ 712015.504430530942045, 1411925.768112992402166 ], [ 712214.341259636450559, 1413641.221505932044238 ], [ 714290.261364458245225, 1414136.089281322900206 ], [ 713388.569612673250958, 1415464.771666941000149 ], [ 714358.084405316854827, 1416773.411258922191337 ], [ 714739.079958104644902, 1417927.096925659803674 ], [ 715504.789681830443442, 1419031.746314873220399 ], [ 716760.423525779740885, 1419676.585169579600915 ], [ 718609.447976581053808, 1418992.745239988900721 ], [ 717845.538364005857147, 1417530.596887522144243 ], [ 717719.844391066231765, 1417216.472522974945605 ], [ 718109.258293096441776, 1416991.554283380974084 ], [ 718585.994525489280932, 1416849.204520353116095 ], [ 718997.199236339656636, 1417033.885028263786808 ], [ 719144.286230520810932, 1417665.760814361972734 ], [ 719169.644109055399895, 1418033.329824317246675 ], [ 719605.910548499552533, 1417927.198554129106924 ], [ 720403.722748391679488, 1417276.174874569056556 ], [ 721311.977953800349496, 1416120.345895137405023 ], [ 721565.969292877940461, 1415998.416799417464063 ], [ 722215.046711001778021, 1416177.279205866390839 ], [ 722779.195704104728065, 1415836.506798926973715 ], [ 723525.259800666361116, 1415700.79947863263078 ], [ 723647.046996373916045, 1414726.886306731496006 ], [ 723901.039330653147772, 1413926.650080607272685 ], [ 724307.042012829799205, 1413269.267119708703831 ], [ 724856.150666036410257, 1412918.444295153720304 ], [ 725383.525366199668497, 1413112.99680086132139 ], [ 725916.46983368054498, 1413694.907433670945466 ], [ 726895.069722651154734, 1414497.318430903134868 ], [ 728869.542105732602067, 1415562.392260615713894 ], [ 729285.87629328656476, 1416179.954268736066297 ], [ 729797.880460165673867, 1416650.024404141586274 ], [ 730229.014049002667889, 1416518.554059376008809 ], [ 730772.699538062443025, 1416039.432610408868641 ], [ 731692.394231982994825, 1415928.603889059508219 ], [ 732413.125634696683846, 1415976.615815572673455 ], [ 732773.828382161213085, 1415436.252944007748738 ], [ 732496.39903306402266, 1414314.051897707395256 ], [ 732629.506114349933341, 1412666.286761559080333 ], [ 732700.257996656466275, 1412254.102076229639351 ], [ 733106.472923314431682, 1411994.088057928951457 ], [ 733568.576044469024055, 1412199.325807151151821 ], [ 734045.389423228334635, 1412985.675964021123946 ], [ 734126.475329963606782, 1413291.781348224496469 ], [ 734456.762120098574087, 1412889.5056728546042 ], [ 734650.366569579346105, 1411946.05420781346038 ], [ 734834.034609569935128, 1411543.664237777935341 ], [ 736038.569746649358422, 1410388.443061088444665 ], [ 736800.238703266717494, 1409849.257095814216882 ], [ 737319.496436412446201, 1409074.542332116980106 ], [ 738955.504813199862838, 1408179.787979366723448 ], [ 742232.421317459084094, 1406619.635365092428401 ], [ 743105.071236433577724, 1406973.523993324721232 ], [ 744070.277170203858986, 1406546.916492566931993 ], [ 745218.78683108324185, 1406160.66112767602317 ], [ 747072.500133440596983, 1406643.839284243062139 ], [ 747433.189299356075935, 1406399.090778810437769 ], [ 747738.631676301476546, 1406012.201253507751971 ], [ 748195.534564196830615, 1405824.746210684766993 ], [ 748759.309560597059317, 1405840.768632823135704 ], [ 749429.352103386307135, 1406250.629827967379242 ], [ 750073.730693152640015, 1406980.130592530593276 ], [ 750114.159461308969185, 1407322.470680081518367 ], [ 749703.437495240243152, 1407694.019377577118576 ], [ 749591.373202511342242, 1408326.080994844902307 ], [ 749732.94800715346355, 1409024.577745022252202 ], [ 750204.309743362362497, 1409531.215563147561625 ], [ 751129.010052694007754, 1409879.208387582562864 ], [ 752073.458366145379841, 1410446.549895955482498 ], [ 752718.418476674822159, 1410244.256628941744566 ], [ 753404.622778894030489, 1410168.518358430126682 ], [ 754181.834604244679213, 1410241.92393420310691 ], [ 754623.044967604801059, 1410829.176876798272133 ], [ 755099.695615569595248, 1411579.45784661010839 ], [ 756750.79887203220278, 1411719.534866513917223 ], [ 757543.700189474388026, 1411736.739176113391295 ], [ 758483.086561527568847, 1411181.986710607772693 ], [ 758956.020652376813814, 1410199.060770700452849 ], [ 758930.440447907545604, 1409790.414634587941691 ], [ 758092.992237885482609, 1409054.461536895949394 ], [ 757991.801640168065205, 1408595.321720139821991 ], [ 758332.907323986524716, 1408126.946323596639559 ], [ 759099.397438958170824, 1407837.348682812415063 ], [ 759613.056414246675558, 1407394.917225999059156 ], [ 761679.730064420262352, 1407276.746285070199519 ], [ 762106.289497358025983, 1406859.000927955145016 ], [ 762010.294667230336927, 1406078.905464673181996 ], [ 762556.438903231173754, 1406008.708639145130292 ], [ 765461.842775338795036, 1404304.729239163454622 ], [ 771102.045973132131621, 1405556.955998975085095 ], [ 771889.453291420009919, 1407864.656465041916817 ], [ 772500.407152464846149, 1409300.671693595359102 ], [ 773628.689345221733674, 1409484.27548902365379 ], [ 774779.402662909240462, 1410487.271672686096281 ], [ 773749.953938830876723, 1411430.309120099525899 ], [ 773695.196942281560041, 1412480.243701901519671 ], [ 774275.536162732052617, 1415247.67519888561219 ], [ 775884.161600259598345, 1417378.797868104884401 ], [ 777263.305053395917639, 1419073.865149881923571 ], [ 776311.875863961875439, 1419941.162369552068412 ], [ 776175.426784934476018, 1421988.774132287595421 ], [ 776780.897324292571284, 1425115.268133678939193 ], [ 779881.718057923717424, 1426176.824608341790736 ], [ 782619.291836046846583, 1428235.815510333050042 ], [ 783969.088154867524281, 1431108.987472962122411 ], [ 784084.691791964927688, 1434874.041094850981608 ], [ 783534.019744475604966, 1438072.109433491947129 ], [ 783691.519970326917246, 1439753.080054422374815 ], [ 782164.689550265902653, 1440874.32154554920271 ], [ 782285.317291521700099, 1441708.030562216648832 ], [ 782627.012874049716629, 1441834.412917535286397 ], [ 783050.542384465923533, 1441813.300341506255791 ], [ 783317.097714142641053, 1442279.882996458793059 ], [ 783012.577547349501401, 1442550.185492395190522 ], [ 782734.076866020564921, 1445146.604669814696535 ], [ 782346.71017248602584, 1445244.467438695719466 ], [ 782226.094798083184287, 1445681.60677540791221 ], [ 782447.088980261003599, 1446037.017089165514335 ], [ 781769.057504320866428, 1445907.173535916488618 ], [ 781755.071716769365594, 1446212.565631939098239 ], [ 782522.365754227619618, 1446947.761491793673486 ], [ 782133.635001663700677, 1447813.878008505096659 ], [ 782020.292534719221294, 1448704.968035641591996 ], [ 781462.841410221531987, 1449414.36859404691495 ], [ 781067.042273331666365, 1449705.87682954617776 ], [ 780910.47892467584461, 1450159.251560916891322 ], [ 780199.145155398873612, 1450537.200489981099963 ], [ 779423.574099918594584, 1450407.502959347562864 ], [ 778710.197015844751149, 1450456.687577000819147 ], [ 778452.723983636707999, 1450914.575372088933364 ], [ 777932.67063879664056, 1450946.926287383772433 ], [ 777466.310918097966351, 1451462.475688564125448 ], [ 776686.64049925794825, 1451526.532100161537528 ], [ 776407.235000765300356, 1451904.506663049105555 ], [ 775751.552452817442827, 1452155.81117152934894 ], [ 775698.127920264145359, 1452827.203080913750455 ], [ 776214.330900317523628, 1453171.149694928433746 ], [ 775945.904730207985267, 1453645.542500719893724 ], [ 775450.262513133464381, 1453199.965918868081644 ], [ 775216.814631650457159, 1453434.504192846827209 ], [ 775200.56763026304543, 1454400.722752331290394 ], [ 774641.785200077109039, 1454840.094404334202409 ], [ 774735.591381208971143, 1455328.10296096932143 ], [ 775154.716670052846894, 1455505.014197460608557 ], [ 775075.553218164830469, 1456039.988087526289746 ], [ 774792.882927657454275, 1456855.18568802671507 ], [ 774371.130130774108693, 1457049.082374575547874 ], [ 774158.847824533004314, 1457447.665646474342793 ], [ 774496.752333290642127, 1457715.633309364318848 ], [ 774417.240265286760405, 1458178.650038441410288 ], [ 773765.850815294310451, 1458451.045783422654495 ], [ 773511.537620531162247, 1458716.37290414609015 ], [ 773737.81296370155178, 1459081.730789921944961 ], [ 773668.390275764511898, 1459621.228676620405167 ], [ 773449.966186444391496, 1459662.203013158170506 ], [ 772898.632443360053003, 1459588.033900544047356 ], [ 772442.797361646778882, 1460266.45225703320466 ], [ 771877.644331313786097, 1460274.07744531147182 ], [ 771490.028918385971338, 1460315.588174293981865 ], [ 771405.309287545271218, 1460544.986255748197436 ], [ 771911.85581714194268, 1462923.345455900533125 ], [ 771408.815210010390729, 1463882.458258296130225 ], [ 769856.657229062868282, 1467613.941574225900695 ], [ 768434.653167159063742, 1470502.151539799990132 ], [ 764862.523425395716913, 1472254.503487556707114 ], [ 757748.473907765117474, 1474017.372337701264769 ], [ 755861.471909715444781, 1477876.623562732245773 ], [ 750933.882768040872179, 1478317.107279714429751 ], [ 747394.704045847058296, 1477944.468532706145197 ], [ 742695.041575656738132, 1479231.876387777971104 ] ] ] ] } },
{ "type": "Feature", "properties": { "site_id": 3217, "name_eng": "Kalissaye", "desig_eng": "Bird Reserve", "iucn_cat": "IV", "realm": "Coastal", "gis_area": 2.15409579, "gov_type": "Federal or national ministry or agency", "mang_auth": "Direction des Parcs Nationaux" }, "geometry": { "type": "MultiPolygon", "coordinates": [ [ [ [ 306753.051817769184709, 1406431.884951668791473 ], [ 306185.56706778309308, 1405122.058874998707324 ], [ 305755.060880884586368, 1404246.215258928248659 ], [ 305634.257601222663652, 1403912.254201248520985 ], [ 305651.654432696697768, 1403819.752050690818578 ], [ 305567.141880274342839, 1403598.171330403303728 ], [ 305615.481881641899236, 1403487.533352399710566 ], [ 305732.06494861363899, 1403380.410207009641454 ], [ 305920.823754361597821, 1403248.231344397179782 ], [ 306061.59272592474008, 1403214.518199632177129 ], [ 306133.428576488280669, 1403139.899126975564286 ], [ 306217.085913660470396, 1403157.692428519716486 ], [ 306337.049093121662736, 1403290.190057274885476 ], [ 306555.610762497992255, 1403290.466379923513159 ], [ 306608.047302238643169, 1403317.767570227151737 ], [ 306638.011506340350024, 1403474.33610169752501 ], [ 306623.41851588600548, 1403548.452176772523671 ], [ 306435.166870657878462, 1403595.985051471274346 ], [ 306010.551929450128227, 1403454.509076816961169 ], [ 305988.231106903403997, 1403510.312794064870104 ], [ 306012.188986394263338, 1403550.752684286562726 ], [ 306065.534139543480705, 1403536.225605362094939 ], [ 306105.396174166235141, 1403583.19487945153378 ], [ 306157.371312536182813, 1403590.694246566155925 ], [ 306220.217616582580376, 1403567.693949505221099 ], [ 306255.487680477614049, 1403610.379957107594237 ], [ 306238.928409166052006, 1403650.986649284604937 ], [ 306406.836313638370484, 1403789.683788886992261 ], [ 306337.546955426165368, 1403871.144442823948339 ], [ 306260.01715737383347, 1403780.177684360183775 ], [ 306183.417341406224295, 1403809.246558295330033 ], [ 306144.197603204287589, 1403935.310166443465278 ], [ 306102.873976158094592, 1403928.623044204898179 ], [ 306062.976997177756857, 1404019.176774815190583 ], [ 306167.334832420805469, 1404141.490990462480113 ], [ 306234.596768027404323, 1404160.723884594626725 ], [ 306501.282374698785134, 1404384.820982590783387 ], [ 306586.199593967525288, 1404508.043738503707573 ], [ 306678.480958928645123, 1404723.4879634315148 ], [ 306684.768730049370788, 1404864.729024129454046 ], [ 306786.282596621429548, 1404984.96209530136548 ], [ 306920.666865489096381, 1405385.547325400868431 ], [ 307062.186518758535385, 1405606.630333168199286 ], [ 307116.881516689434648, 1405806.399951213505119 ], [ 307182.919181926408783, 1405853.855322384508327 ], [ 307252.241616902232636, 1406000.751288433559239 ], [ 307486.431719313026406, 1406209.69747147639282 ], [ 307631.498900445818435, 1406426.553864632500336 ], [ 306753.051817769184709, 1406431.884951668791473 ] ] ] ] } },
{ "type": "Feature", "properties": { "site_id": 5178, "name_eng": "Ndiael", "desig_eng": "Wildlife Reserve", "iucn_cat": "IV", "realm": "Terrestrial", "gis_area": 486.20891684000003, "gov_type": "Federal or national ministry or agency", "mang_auth": "Not Reported" }, "geometry": { "type": "MultiPolygon", "coordinates": [ [ [ [ 395078.218916049052496, 1783771.842718975851312 ], [ 395154.99996987596387, 1783951.807756128720939 ], [ 399031.264050080615561, 1790444.360549172386527 ], [ 401858.763973933644593, 1796395.658652167534456 ], [ 403583.441320542478934, 1801907.374160582898185 ], [ 405591.17564035509713, 1807599.407501725945622 ], [ 404837.284991012653336, 1810336.401636770926416 ], [ 402658.801393363799434, 1809456.578005943680182 ], [ 399069.448147510411218, 1808878.862216783454642 ], [ 395662.219653662643395, 1807124.811441474827006 ], [ 390510.528639926633332, 1805720.725250899326056 ], [ 387187.723189571814146, 1802148.643971122801304 ], [ 384524.046443005092442, 1800755.278542766813189 ], [ 381089.960352510388475, 1799640.779317405307665 ], [ 380354.085781078378204, 1797179.774188250070438 ], [ 377010.300652497098781, 1792302.532433033222333 ], [ 373923.393418195075355, 1787347.898303345311433 ], [ 380603.867684786906466, 1784738.318036107812077 ], [ 384331.697876673424616, 1782500.190671467687935 ], [ 395078.218916049052496, 1783771.842718975851312 ] ] ] ] } },
{ "type": "Feature", "properties": { "site_id": 11653, "name_eng": "Gueumbeul", "desig_eng": "Wildlife Reserve", "iucn_cat": "IV", "realm": "Terrestrial", "gis_area": 5.37243241, "gov_type": "Federal or national ministry or agency", "mang_auth": "Direction des Parcs Nationaux" }, "geometry": { "type": "MultiPolygon", "coordinates": [ [ [ [ 342544.878938155830838, 1758987.619634526316077 ], [ 342381.507040983415209, 1758880.664562788093463 ], [ 342410.862193142645992, 1758806.875462126685306 ], [ 342720.730943245114759, 1758606.543558120261878 ], [ 343394.133193021058105, 1758450.984017371200025 ], [ 343479.076402777573094, 1758455.14782294863835 ], [ 343573.655765219475143, 1758520.467025292804465 ], [ 343479.037958153523505, 1758720.67405041703023 ], [ 343507.528295814990997, 1758838.128592330263928 ], [ 343740.850978637929074, 1759002.284445142606273 ], [ 344095.887642053421587, 1759500.496644259197637 ], [ 344424.515927104279399, 1760257.263167816912755 ], [ 344541.877641261555254, 1760787.198595392284915 ], [ 344108.010532013257034, 1761826.819065566174686 ], [ 343943.843910367810167, 1761749.226953445235267 ], [ 343178.073009568848647, 1762016.453931981697679 ], [ 343103.902282574097626, 1762000.012134107528254 ], [ 342913.14815788588021, 1761872.080174518283457 ], [ 342780.285214058705606, 1761731.006316656712443 ], [ 342598.111143964342773, 1761353.499809401342645 ], [ 342576.446309085935354, 1760937.795366427162662 ], [ 342491.223439205670729, 1760669.327402277383953 ], [ 342510.148735751747154, 1759403.720517478184775 ], [ 342565.082716080243699, 1759195.864849326899275 ], [ 342544.878938155830838, 1758987.619634526316077 ] ] ] ] } },
{ "type": "Feature", "properties": { "site_id": 12263, "name_eng": "Popenguine", "desig_eng": "Nature Reserve", "iucn_cat": "IV", "realm": "Terrestrial", "gis_area": 8.37131046, "gov_type": "Government-delegated management", "mang_auth": "Direction des Parcs Nationaux" }, "geometry": { "type": "MultiPolygon", "coordinates": [ [ [ [ 273715.92140692146495, 1607597.25283504393883 ], [ 273865.558085502358153, 1607633.12964197457768 ], [ 273982.818063377519138, 1607762.769483489450067 ], [ 274171.611022003926337, 1607875.118302758550271 ], [ 274296.39714962115977, 1607875.98690483556129 ], [ 274334.603170715738088, 1607669.051546526839957 ], [ 274381.154341862071306, 1607620.746749192941934 ], [ 274468.575406223884784, 1607297.174652266781777 ], [ 274570.994352924637496, 1607140.495244144229218 ], [ 274914.061476025846787, 1607080.279579846886918 ], [ 275019.182270726596471, 1607106.665584285510704 ], [ 275158.678265213908162, 1607219.727380258729681 ], [ 275366.223512414493598, 1607977.307095042197034 ], [ 275257.905127625330351, 1608304.751289640087634 ], [ 275567.491318188258447, 1608301.070807945448905 ], [ 276164.827781491389032, 1608756.180197790265083 ], [ 276535.577822417253628, 1608931.886231009615585 ], [ 276576.782112853950821, 1609058.973629586864263 ], [ 276475.54327333974652, 1610064.529405160807073 ], [ 276288.261829377093818, 1610371.693170844577253 ], [ 276293.036439760529902, 1610614.101658208528534 ], [ 275906.938013504375704, 1610504.769613389857113 ], [ 275517.488520752405748, 1610484.477651234716177 ], [ 275531.897609383857343, 1610550.130398808047175 ], [ 274442.317146616929676, 1610732.825524898711592 ], [ 274026.345345327747054, 1610309.358457267284393 ], [ 273798.810240784077905, 1610161.42284344881773 ], [ 273629.223304240964353, 1609986.348420056281611 ], [ 273493.962810344994068, 1609943.890068122651428 ], [ 273332.030628911452368, 1609818.373341288883239 ], [ 273199.237225603486877, 1609835.459064672002569 ], [ 273083.802422302076593, 1609687.135784956859425 ], [ 272965.31483098200988, 1609595.894245154922828 ], [ 272992.23298694496043, 1609445.403628662694246 ], [ 272863.751112417841796, 1609308.744983634212986 ], [ 273715.92140692146495, 1607597.25283504393883 ] ] ] ] } },
{ "type": "Feature", "properties": { "site_id": 13930, "name_eng": "Foret de Maka-Diama", "desig_eng": "Forest Reserve", "iucn_cat": "Not Reported", "realm": "Terrestrial", "gis_area": 21.36202799, "gov_type": "Federal or national ministry or agency", "mang_auth": "Not Reported" }, "geometry": { "type": "MultiPolygon", "coordinates": [ [ [ [ 347681.085276068246458, 1800731.154542143922299 ], [ 347759.908007343183272, 1800685.724356018705294 ], [ 347277.932846106064972, 1799798.254199947230518 ], [ 347347.17549114394933, 1799348.081109893042594 ], [ 347344.557624758803286, 1798973.366030807374045 ], [ 347053.073357298155315, 1798700.589112393325195 ], [ 346593.020006937673315, 1798478.979349796427414 ], [ 346301.519473304331768, 1798206.211243860423565 ], [ 346444.370384035632014, 1797930.402966787805781 ], [ 346027.452589166816324, 1796983.993938782252371 ], [ 345636.399913726840168, 1796287.238695592386648 ], [ 345560.654299739340786, 1795813.096774279605597 ], [ 345724.659877517959103, 1795112.430643402272835 ], [ 346010.059174490219448, 1794510.843427447834983 ], [ 347046.829408510471694, 1794353.681801491882652 ], [ 347053.806347131787334, 1795352.937933722045273 ], [ 348411.031465662876144, 1796167.917324669891968 ], [ 348416.914970293291844, 1797017.278390985447913 ], [ 348809.245622131158598, 1797913.923643299611285 ], [ 348909.913524855335709, 1798512.801328703295439 ], [ 349058.659146154299378, 1799086.373209289042279 ], [ 349475.71152616199106, 1799696.734479329548776 ], [ 349812.941217750660144, 1799502.389952131314203 ], [ 350502.90891996875871, 1801100.2085335329175 ], [ 350320.237437888747081, 1802598.830385996494442 ], [ 350545.718421088764444, 1803189.752090212656185 ], [ 350587.040001346264035, 1803797.505848846398294 ], [ 349745.097381562227383, 1804153.052317598834634 ], [ 349093.736979933746625, 1804157.554265099344775 ], [ 348534.194474750722293, 1803486.904309237841517 ], [ 348241.737900322303176, 1803064.234993095509708 ], [ 348165.711008211306762, 1802540.131080229301006 ], [ 347847.364324592403136, 1801867.827204559929669 ], [ 347794.400434224167839, 1801193.663145996164531 ], [ 347681.085276068246458, 1800731.154542143922299 ] ] ] ] } },
{ "type": "Feature", "properties": { "site_id": 68151, "name_eng": "Parc National des Oiseaux du Djoudj", "desig_eng": "Wetland of International Importance (Ramsar Site)", "iucn_cat": "II", "realm": "Terrestrial", "gis_area": 161.60845116, "gov_type": "Not Reported", "mang_auth": "Direction des Parcs Nationaux /Administration du Parc National des Oiseaux du Djoudj" }, "geometry": { "type": "MultiPolygon", "coordinates": [ [ [ [ 374798.065662517212331, 1826607.224917540326715 ], [ 374585.988559560850263, 1826371.739632934797555 ], [ 375077.55895167827839, 1825831.684683379484341 ], [ 375414.669216626149137, 1825511.056237922050059 ], [ 375841.679291712061968, 1824889.431823703227565 ], [ 375757.436982346407603, 1824580.339890498202294 ], [ 375350.105073942802846, 1823854.233975916868076 ], [ 374907.855991167714819, 1823428.831685258541256 ], [ 374403.036575757141691, 1823276.957326659699902 ], [ 373390.217993910075165, 1822436.010594881139696 ], [ 372609.516889269289095, 1822121.879579314263538 ], [ 371552.117211371310987, 1821508.890784098766744 ], [ 368577.735644190106541, 1820616.092201762599871 ], [ 368041.574282363813836, 1819854.330926432274282 ], [ 367290.684346610680223, 1818456.30564328469336 ], [ 369541.59660838288255, 1816338.485938472673297 ], [ 369611.411202234448865, 1815755.08128196792677 ], [ 368300.961787238542456, 1815799.452604691497982 ], [ 367401.623460483620875, 1815622.757102774456143 ], [ 366266.041210151859559, 1815784.604241618420929 ], [ 365792.31128290691413, 1816252.115951355313882 ], [ 364930.361850543180481, 1816193.715342683484778 ], [ 364170.022393658291548, 1816262.241369357798249 ], [ 363611.913178667193279, 1816420.613742931978777 ], [ 363057.318973857734818, 1817134.624877453781664 ], [ 362251.599934430909343, 1817267.274861342506483 ], [ 362039.641036188346334, 1817086.445712913526222 ], [ 361835.793007879750803, 1816741.598376451525837 ], [ 361549.399279579985887, 1816388.16338292369619 ], [ 361427.855677389306948, 1816015.462518881307915 ], [ 361260.707829024526291, 1815679.468503434211016 ], [ 360853.435835718060844, 1815062.623248257907107 ], [ 360421.86064859747421, 1814946.964328221511096 ], [ 360023.007932483335026, 1814220.724583447445184 ], [ 359517.13807149278, 1813959.805748471757397 ], [ 358802.678052210831083, 1814046.441352642839774 ], [ 358159.412594273395371, 1813804.661369402660057 ], [ 357844.212615730473772, 1813269.196449135662988 ], [ 357674.368000824120827, 1812532.318188427714631 ], [ 357728.318025477230549, 1810973.911744046490639 ], [ 357814.743752583861351, 1810171.498955006711185 ], [ 358029.773275143234059, 1809404.660917210159823 ], [ 358042.458109838597011, 1808538.878508646273986 ], [ 357869.845865491544828, 1807382.661378400865942 ], [ 358837.962014762451872, 1806783.98131066490896 ], [ 359810.346716010011733, 1806841.491983261425048 ], [ 361198.038885888527147, 1807315.598182071000338 ], [ 362124.7755259728292, 1807409.948123027570546 ], [ 363434.473565725260414, 1808622.791907623643056 ], [ 364157.954367139143869, 1808481.565473477821797 ], [ 365391.418030753964558, 1809257.555686778156087 ], [ 365918.566961389849894, 1809992.363230906194076 ], [ 366415.215939497400541, 1810244.437598456628621 ], [ 367574.762757270946167, 1809453.706131108570844 ], [ 368377.922270166804083, 1808847.429962729569525 ], [ 368613.767980322183575, 1808426.828548163641244 ], [ 369077.628792148083448, 1807804.381020189262927 ], [ 369527.395551412482746, 1807883.685832541203126 ], [ 369986.770641204435378, 1808035.856074137613177 ], [ 370594.401195007958449, 1808451.400919800857082 ], [ 371053.85282745398581, 1808621.803654795279726 ], [ 371624.236008186184336, 1808946.459507952677086 ], [ 371928.733919187681749, 1809272.695264169247821 ], [ 372308.641086940537207, 1809953.841516034677625 ], [ 372916.544944259163458, 1810433.195103690959513 ], [ 373395.176779109227937, 1810758.407698663184419 ], [ 374571.415005791524891, 1811234.462247029645368 ], [ 374706.859276299190242, 1812463.639702676096931 ], [ 374630.904119999730028, 1815178.856551576871425 ], [ 374523.448358804220334, 1815616.725950091378763 ], [ 374369.587541218555998, 1817530.480758800869808 ], [ 374102.22917618684005, 1818834.49871651805006 ], [ 377002.320270802010782, 1824381.968592781340703 ], [ 376741.532906977576204, 1825239.366385916480795 ], [ 375602.208996792673133, 1826256.577596238348633 ], [ 374835.395144123816863, 1826725.362567723728716 ], [ 374798.065662517212331, 1826607.224917540326715 ] ] ] ] } },
{ "type": "Feature", "properties": { "site_id": 68152, "name_eng": "Réserve Spéciale de Faune de Ndiaël", "desig_eng": "Wetland of International Importance (Ramsar Site)", "iucn_cat": "IV", "realm": "Terrestrial", "gis_area": 261.9890322, "gov_type": "Not Reported", "mang_auth": "Direction des Eaux - Forêts - Chasses et de la conservation des sols (DEFCCS)- DAKAR" }, "geometry": { "type": "MultiPolygon", "coordinates": [ [ [ [ 372574.998803157301154, 1788128.997313766973093 ], [ 382597.027954637305811, 1784247.8562726394739 ], [ 392008.581725403491873, 1792767.26164913084358 ], [ 394377.437259150319733, 1796279.70666625443846 ], [ 395448.992331158136949, 1799967.746230953140184 ], [ 395761.430449498468079, 1800911.438738011289388 ], [ 398090.093712286965456, 1803426.40162801835686 ], [ 398707.819021055940539, 1805461.259410104015842 ], [ 403943.930510019592475, 1806818.350166462128982 ], [ 404736.038878974737599, 1806960.933102128794417 ], [ 405700.746318872319534, 1808007.55959101067856 ], [ 403885.006000934983604, 1809776.440753614297137 ], [ 403033.679344710311852, 1809466.030534121673554 ], [ 397669.351139011210762, 1806041.996568751055747 ], [ 393554.472400635946542, 1803552.731858000392094 ], [ 385474.757052018074319, 1801960.26140667241998 ], [ 384375.515877084690146, 1801693.394804540323094 ], [ 382866.827385970856994, 1800719.421861805953085 ], [ 382691.916205366025679, 1800702.570572525495663 ], [ 381591.557625360495877, 1799218.36000495380722 ], [ 380503.076093510375358, 1800881.651079287054017 ], [ 379890.547216410166584, 1800643.997574762208387 ], [ 379089.092405766714364, 1794283.0863797289785 ], [ 372574.998803157301154, 1788128.997313766973093 ] ] ] ] } },
{ "type": "Feature", "properties": { "site_id": 68153, "name_eng": "Delta du Saloum", "desig_eng": "Wetland of International Importance (Ramsar Site)", "iucn_cat": "Not Reported", "realm": "Coastal", "gis_area": 3187.28226726, "gov_type": "Not Reported", "mang_auth": "Not Reported" }, "geometry": { "type": "MultiPolygon", "coordinates": [ [ [ [ 340383.200821603182703, 1561594.364749473985285 ], [ 341113.869995799846947, 1565332.488913173787296 ], [ 342226.487829570833128, 1569071.548827414866537 ], [ 343850.200708925025538, 1572608.31793914665468 ], [ 346034.127527869481128, 1575890.577491230098531 ], [ 348448.258793997927569, 1578793.225259810686111 ], [ 347930.266950822726358, 1582681.739440198754892 ], [ 344992.932427745778114, 1585140.348720599664375 ], [ 341370.661112173926085, 1586656.683755841106176 ], [ 337546.187425020616502, 1587538.748840614687651 ], [ 334031.279115759185515, 1586286.255352187668905 ], [ 330568.186072162585333, 1584780.502284994581714 ], [ 326952.302880739094689, 1583400.160783720901236 ], [ 324409.763084828620777, 1580522.380837497068569 ], [ 323142.917558201006614, 1576834.713487955275923 ], [ 322361.625453170447145, 1573019.723218250321224 ], [ 320610.795515146804973, 1569508.143798278644681 ], [ 319700.915998271666467, 1565744.994781301822513 ], [ 319150.889570851577446, 1561141.713525081286207 ], [ 316455.092489631846547, 1557933.572388672735542 ], [ 313162.662675970583223, 1559757.790565617615357 ], [ 309514.538292472891044, 1560893.611885735066608 ], [ 306068.862981972633861, 1562767.597543102921918 ], [ 302142.682165416539647, 1562785.792355740675703 ], [ 301589.641146883019246, 1503209.027533914195374 ], [ 343694.364809570251964, 1502735.595043268287554 ], [ 343951.490106187527999, 1510325.292018296895549 ], [ 344247.724165634484962, 1514115.834477743133903 ], [ 344952.430325487162918, 1517853.063946370733902 ], [ 342335.719161465938669, 1524201.133215345209464 ], [ 346541.999634691746905, 1524417.12608737568371 ], [ 347803.528149853344075, 1529530.626871268032119 ], [ 350575.414515857992228, 1532180.57221021130681 ], [ 350081.621659044642001, 1536119.522494156612083 ], [ 351857.279596755397506, 1539504.371930362656713 ], [ 352995.355310830520466, 1543319.966454681474715 ], [ 353877.912698939908296, 1547083.946301916847005 ], [ 354149.07202725391835, 1550872.446868900908157 ], [ 353043.911935694166459, 1554581.46456447802484 ], [ 345016.599258902482688, 1553521.647496386431158 ], [ 342130.414002367353532, 1555904.673141448060051 ], [ 340383.200821603182703, 1561594.364749473985285 ] ] ] ] } },
{ "type": "Feature", "properties": { "site_id": 68154, "name_eng": "Réserve Spéciale de Faune de Gueumbeul", "desig_eng": "Wetland of International Importance (Ramsar Site)", "iucn_cat": "IV", "realm": "Terrestrial", "gis_area": 7.19379696, "gov_type": "Not Reported", "mang_auth": "Full information available from the Ramsar Sites Information Service (RSIS) website - https://rsis.ramsar.org/ris/338" }, "geometry": { "type": "MultiPolygon", "coordinates": [ [ [ [ 342402.945915721589699, 1758897.653283689636737 ], [ 342420.612154727918096, 1758797.058528671273962 ], [ 342520.600971023319289, 1758638.656177111435682 ], [ 342679.69202605902683, 1758477.692347432952374 ], [ 343097.659917558776215, 1758360.590159964514896 ], [ 343533.359404998016544, 1758325.562770709628239 ], [ 343756.711724025197327, 1758591.630708321463317 ], [ 344042.391227082232945, 1758833.498495158739388 ], [ 344515.531613925995771, 1759469.548476492986083 ], [ 344860.745223141857423, 1760216.069321107119322 ], [ 344883.62734372750856, 1760864.348006579559296 ], [ 344589.129052853037138, 1761375.69066781969741 ], [ 344302.568939681688789, 1761793.517652350245044 ], [ 344091.958735329681076, 1761900.015201202360913 ], [ 343390.458684911311138, 1762110.399442235706374 ], [ 342844.631655200733803, 1762330.665313287172467 ], [ 342720.47366170969326, 1762228.955436771037057 ], [ 342640.332172815687954, 1761939.416818086057901 ], [ 342564.68428155046422, 1760985.590621738461778 ], [ 342488.87553756829584, 1760659.772694269893691 ], [ 342546.711392533848993, 1760390.252745418343693 ], [ 342486.801449011545628, 1759669.146610367577523 ], [ 342543.16917740914505, 1759234.613823485793546 ], [ 342514.184164070116822, 1759033.877160760806873 ], [ 342402.945915721589699, 1758897.653283689636737 ] ] ] ] } },
{ "type": "Feature", "properties": { "site_id": 352605, "name_eng": "Foret de Ndioum Dieri", "desig_eng": "Forest Reserve", "iucn_cat": "Not Reported", "realm": "Terrestrial", "gis_area": 87.80003637, "gov_type": "Federal or national ministry or agency", "mang_auth": "Not Reported" }, "geometry": { "type": "MultiPolygon", "coordinates": [ [ [ [ 529587.337152010411955, 1817416.800038137705997 ], [ 532057.767136464011855, 1822393.831664615310729 ], [ 535801.620636678533629, 1823228.279802316334099 ], [ 536128.188165683182888, 1825149.215456137200817 ], [ 531046.895497914403677, 1825436.642708201427013 ], [ 527736.588049366720952, 1825397.827952892752364 ], [ 523273.963000950985588, 1825149.172531775897369 ], [ 521661.556785063177813, 1823990.399968612473458 ], [ 521730.827008289867081, 1818793.539104099618271 ], [ 526359.843520058086142, 1815867.262503643054515 ], [ 526703.848260728176683, 1815685.16156641440466 ], [ 529587.337152010411955, 1817416.800038137705997 ] ] ] ] } },
{ "type": "Feature", "properties": { "site_id": 352606, "name_eng": "Foret de Amboura", "desig_eng": "Forest Reserve", "iucn_cat": "Not Reported", "realm": "Terrestrial", "gis_area": 20.08000729, "gov_type": "Federal or national ministry or agency", "mang_auth": "Not Reported" }, "geometry": { "type": "MultiPolygon", "coordinates": [ [ [ [ 488665.42219047335675, 1816714.789367100922391 ], [ 492225.337914137111511, 1818316.086916162399575 ], [ 494890.108327065012418, 1819453.563463651575148 ], [ 494672.166140167333651, 1823037.684448655694723 ], [ 491408.954500021995045, 1824329.670360140735283 ], [ 491343.564414039079566, 1820950.267952142981812 ], [ 490891.952269440458622, 1818157.316293311538175 ], [ 488660.6883272791747, 1817866.337345206644386 ], [ 488102.477367597515695, 1816123.279589636949822 ], [ 488133.296299237001222, 1815864.414063352625817 ], [ 488665.42219047335675, 1816714.789367100922391 ] ] ] ] } },
{ "type": "Feature", "properties": { "site_id": 352607, "name_eng": "Sogobe", "desig_eng": "Not Reported", "iucn_cat": "Not Reported", "realm": "Terrestrial", "gis_area": 380.47887619, "gov_type": "Federal or national ministry or agency", "mang_auth": "Not Reported" }, "geometry": { "type": "MultiPolygon", "coordinates": [ [ [ [ 454092.119347284839023, 1776429.554411496035755 ], [ 461428.392259273212403, 1784396.625656049000099 ], [ 466856.326743871497456, 1791267.115628792904317 ], [ 466432.049329477245919, 1791304.26442740065977 ], [ 465945.778889272012748, 1798214.248710368061438 ], [ 456403.89821721095359, 1804628.368080695392564 ], [ 449966.250797705142759, 1803910.99965141271241 ], [ 449409.295179391570855, 1794512.814947352511808 ], [ 448836.424902305996511, 1782553.896789384074509 ], [ 448737.554003812780138, 1769400.424857903737575 ], [ 454092.119347284839023, 1776429.554411496035755 ] ] ] ] } },
{ "type": "Feature", "properties": { "site_id": 352608, "name_eng": "Foret de Tilene et Ndiaye", "desig_eng": "Forest Reserve", "iucn_cat": "Not Reported", "realm": "Terrestrial", "gis_area": 38.75673947, "gov_type": "Federal or national ministry or agency", "mang_auth": "Not Reported" }, "geometry": { "type": "MultiPolygon", "coordinates": [ [ [ [ 372569.985492926207371, 1785551.155407879967242 ], [ 373666.431773618387524, 1787475.501636693021283 ], [ 373342.436641830659937, 1787659.920417531160638 ], [ 373529.208428295620251, 1789829.601825401652604 ], [ 375422.244610896508675, 1791450.717488590395078 ], [ 376132.249140036874451, 1793937.191324959043413 ], [ 375558.382667052559555, 1796598.011040830053389 ], [ 372920.19730854104273, 1795434.847822463838384 ], [ 370879.912221817008685, 1791842.085771577898413 ], [ 369149.391618936613668, 1787943.36410255683586 ], [ 370562.125083245686255, 1787257.881842591334134 ], [ 371006.742870697169565, 1785032.499797037336975 ], [ 372569.985492926207371, 1785551.155407879967242 ] ] ] ] } },
{ "type": "Feature", "properties": { "site_id": 352609, "name_eng": "Six Forage", "desig_eng": "Not Reported", "iucn_cat": "Not Reported", "realm": "Terrestrial", "gis_area": 4299.8312631399995, "gov_type": "Federal or national ministry or agency", "mang_auth": "Not Reported" }, "geometry": { "type": "MultiPolygon", "coordinates": [ [ [ [ 511370.158024555013981, 1795606.660459383158013 ], [ 504494.677400126471184, 1795374.085946718696505 ], [ 494465.310511875839438, 1794462.840882503660396 ], [ 482331.00964811706217, 1793850.916825979715213 ], [ 468937.087277720216662, 1794079.302086575422436 ], [ 467354.279609455028549, 1791896.8926069624722 ], [ 461428.392259273212403, 1784396.625656049000099 ], [ 454092.119347284839023, 1776429.554411496035755 ], [ 448243.873188140452839, 1768751.132369884755462 ], [ 448889.626901880081277, 1760125.870207129977643 ], [ 449224.180179127026349, 1752829.911613169591874 ], [ 455862.563200830831192, 1747326.032332974718884 ], [ 464330.737419974815566, 1739857.86538348835893 ], [ 471431.291184890666045, 1734637.929627982899547 ], [ 480016.934567016956862, 1730114.687792229000479 ], [ 488986.661391075584106, 1725900.944984222529456 ], [ 489267.465259051998146, 1725793.518895863555372 ], [ 491852.726594895648304, 1727884.097137422999367 ], [ 495182.33328915835591, 1729689.42411939217709 ], [ 499278.783027964760549, 1732630.071046071825549 ], [ 499276.64283600525232, 1732727.408871386665851 ], [ 502629.522062023519538, 1735173.163391684414819 ], [ 507154.151842122664675, 1739901.67870029178448 ], [ 512027.913559197448194, 1745176.627925130072981 ], [ 512035.277551432896871, 1745426.616002912865952 ], [ 519381.54719627124723, 1750422.592506032204255 ], [ 521504.185085863107815, 1752351.409033342963085 ], [ 523416.136760010675061, 1755764.652225453639403 ], [ 526183.147202521446161, 1757004.381107587600127 ], [ 528668.717356445617042, 1758777.258345396490768 ], [ 528662.976996477693319, 1759080.33529925509356 ], [ 528920.997616268345155, 1759038.633770323125646 ], [ 531331.392418202012777, 1760677.875984833342955 ], [ 537214.536259016371332, 1764806.233616084326059 ], [ 543101.381702871294692, 1768670.732200234662741 ], [ 548092.102517141727731, 1772428.700170019408688 ], [ 542049.316177093773149, 1776168.57576200296171 ], [ 536030.179316824302077, 1780445.487877822481096 ], [ 527029.962919500423595, 1785965.694941075285897 ], [ 517002.683798853773624, 1791736.497269590618089 ], [ 511370.158024555013981, 1795606.660459383158013 ] ] ] ] } },
{ "type": "Feature", "properties": { "site_id": 352610, "name_eng": "Foret de Keur Momar Sarr", "desig_eng": "Forest Reserve", "iucn_cat": "Not Reported", "realm": "Terrestrial", "gis_area": 650.78319265999994, "gov_type": "Federal or national ministry or agency", "mang_auth": "Not Reported" }, "geometry": { "type": "MultiPolygon", "coordinates": [ [ [ [ 398662.671636174200103, 1749656.883050141623244 ], [ 401401.719040919386316, 1751485.547826438909397 ], [ 397904.299482247617561, 1778860.94010619353503 ], [ 386287.437736082298215, 1773700.120983153115958 ], [ 382190.674507748917677, 1771455.692599735222757 ], [ 379830.657651695073582, 1771139.747901465976611 ], [ 376012.948287104838528, 1769639.466200672090054 ], [ 371037.779547254554927, 1768876.698342256015167 ], [ 369729.542753629852086, 1768794.703564915340394 ], [ 367667.065718019381166, 1764433.274671201128513 ], [ 371025.16719229152659, 1758174.709320086752996 ], [ 375986.624350119440351, 1755454.900496082380414 ], [ 383494.090682423324324, 1750952.806609705323353 ], [ 390510.091617758327629, 1747882.955293286824599 ], [ 398662.671636174200103, 1749656.883050141623244 ] ] ] ] } },
{ "type": "Feature", "properties": { "site_id": 352611, "name_eng": "Foret de Mpal", "desig_eng": "Forest Reserve", "iucn_cat": "Not Reported", "realm": "Terrestrial", "gis_area": 26.04839764, "gov_type": "Federal or national ministry or agency", "mang_auth": "Not Reported" }, "geometry": { "type": "MultiPolygon", "coordinates": [ [ [ [ 367667.065718019381166, 1764433.274671201128513 ], [ 368522.271125466970261, 1766240.493981976760551 ], [ 365043.13357752317097, 1766317.724655943689868 ], [ 363135.612026107904967, 1768896.255963561590761 ], [ 362784.003792609088123, 1766718.77181262918748 ], [ 361634.551733263826463, 1765177.995175715070218 ], [ 359460.255902737379074, 1763427.943915304495022 ], [ 359336.677990806638263, 1761993.68175304774195 ], [ 360748.992148109246045, 1761691.629747597267851 ], [ 363385.033227788400836, 1763495.405181903392076 ], [ 366592.656284349679481, 1763584.426254945807159 ], [ 367615.996864602901042, 1764305.235463469522074 ], [ 367744.349422122118995, 1764288.984447126975283 ], [ 367667.065718019381166, 1764433.274671201128513 ] ] ] ] } },
{ "type": "Feature", "properties": { "site_id": 352612, "name_eng": "Foret de Leybar", "desig_eng": "Forest Reserve", "iucn_cat": "Not Reported", "realm": "Terrestrial", "gis_area": 2.71271333, "gov_type": "Federal or national ministry or agency", "mang_auth": "Not Reported" }, "geometry": { "type": "MultiPolygon", "coordinates": [ [ [ [ 338999.054500076104887, 1766520.599165408406407 ], [ 338893.119366936967708, 1766525.791148177115247 ], [ 338550.974469128064811, 1762883.373250521486625 ], [ 339911.355922256130725, 1762684.362360086292028 ], [ 338999.054500076104887, 1766520.599165408406407 ] ] ] ] } },
{ "type": "Feature", "properties": { "site_id": 352613, "name_eng": "Lougguere Todji", "desig_eng": "Not Reported", "iucn_cat": "Not Reported", "realm": "Terrestrial", "gis_area": 1984.5766423300001, "gov_type": "Federal or national ministry or agency", "mang_auth": "Not Reported" }, "geometry": { "type": "MultiPolygon", "coordinates": [ [ [ [ 544062.526250591734424, 1762554.38987476634793 ], [ 531331.392418202012777, 1760677.875984833342955 ], [ 528920.997616268345155, 1759038.633770323125646 ], [ 528662.976996477693319, 1759080.33529925509356 ], [ 528790.165418365737423, 1752559.777715452248231 ], [ 528868.539624201366678, 1744878.857017796719447 ], [ 529078.749017667258158, 1736328.737543410854414 ], [ 528590.705767671344802, 1732485.440556216984987 ], [ 527067.813660702318884, 1718066.474311115918681 ], [ 527373.369385855505243, 1718117.717992912279442 ], [ 528791.706885955296457, 1715845.295160081004724 ], [ 528676.7879729521228, 1711679.556924381060526 ], [ 528843.555709114763886, 1708702.136744526680559 ], [ 537634.142203733674251, 1693375.367501958739012 ], [ 552247.500069885514677, 1691586.226680315798149 ], [ 553765.438305408810265, 1699072.577504469547421 ], [ 561306.015796884079464, 1699947.425509792985395 ], [ 563881.400224645039998, 1704361.251516589196399 ], [ 562568.300684922025539, 1705841.000126177677885 ], [ 562611.477225550683215, 1708119.776244471548125 ], [ 560958.024201906053349, 1711841.951056548859924 ], [ 562719.131695564487018, 1714679.534719699528068 ], [ 563120.270121864508837, 1715458.258903935784474 ], [ 563412.831974236178212, 1715931.392725870013237 ], [ 563443.768536385265179, 1716379.4709880836308 ], [ 563092.826708749635145, 1718418.254683962557465 ], [ 562803.183704263647087, 1720411.860328680137172 ], [ 562895.061456557130441, 1720925.369874354451895 ], [ 563496.595814128639176, 1722085.179947704775259 ], [ 563938.401951928040944, 1723214.695628763409331 ], [ 564245.751019846182317, 1724104.912677530897781 ], [ 564806.093451041728258, 1725150.084685859503224 ], [ 564130.937184699578211, 1726811.375554186990485 ], [ 563928.416974719031714, 1730227.77994853653945 ], [ 563092.262903415365145, 1734408.580821980023757 ], [ 544062.526250591734424, 1762554.38987476634793 ] ] ] ] } },
{ "type": "Feature", "properties": { "site_id": 352614, "name_eng": "Khadar", "desig_eng": "Not Reported", "iucn_cat": "Not Reported", "realm": "Terrestrial", "gis_area": 541.40782044999992, "gov_type": "Federal or national ministry or agency", "mang_auth": "Not Reported" }, "geometry": { "type": "MultiPolygon", "coordinates": [ [ [ [ 522015.076169926614966, 1745619.978763776831329 ], [ 518065.352929504180793, 1745296.798251447500661 ], [ 512163.857384780596476, 1745324.921508479164913 ], [ 507154.151842122664675, 1739901.67870029178448 ], [ 502629.522062023519538, 1735173.163391684414819 ], [ 499525.267162010306492, 1732908.804522861959413 ], [ 499428.651359242445324, 1726173.715030344668776 ], [ 499527.14354860241292, 1720028.209172807401046 ], [ 509243.90396522951778, 1722320.806127915624529 ], [ 515138.405290871742181, 1724059.427520088851452 ], [ 519776.813913958205376, 1725716.605205077910796 ], [ 528123.557634653989226, 1728069.225451683159918 ], [ 528590.705767671344802, 1732485.440556216984987 ], [ 529078.749017667258158, 1736328.737543410854414 ], [ 528876.399532463517971, 1744595.696719686500728 ], [ 522015.076169926614966, 1745619.978763776831329 ] ] ] ] } },
{ "type": "Feature", "properties": { "site_id": 352615, "name_eng": "Foret de Diamel", "desig_eng": "Forest Reserve", "iucn_cat": "Not Reported", "realm": "Terrestrial", "gis_area": 76.737012369999988, "gov_type": "Federal or national ministry or agency", "mang_auth": "Not Reported" }, "geometry": { "type": "MultiPolygon", "coordinates": [ [ [ [ 691284.441515258164145, 1737722.173309967853129 ], [ 686961.369830846902914, 1741083.465372096514329 ], [ 683327.963232414796948, 1744134.545024951221421 ], [ 680312.618842215859331, 1742234.576660888502374 ], [ 677315.877206246601418, 1740635.097523900913075 ], [ 677707.515063174651004, 1738666.239393509691581 ], [ 678608.940772506291978, 1737850.028531625401229 ], [ 679891.492224339046516, 1737778.284189199563116 ], [ 681770.593808566685766, 1736300.470117822522298 ], [ 682820.805022490909323, 1736740.485961165046319 ], [ 684951.311874002101831, 1736415.814641093136743 ], [ 686035.789348557125777, 1734500.264185279607773 ], [ 688679.248404685407877, 1734152.455021179048344 ], [ 691347.667764182668179, 1734419.345800009556115 ], [ 691284.441515258164145, 1737722.173309967853129 ] ] ] ] } },
{ "type": "Feature", "properties": { "site_id": 352616, "name_eng": "Yonofere", "desig_eng": "Not Reported", "iucn_cat": "Not Reported", "realm": "Terrestrial", "gis_area": 1226.0938990500001, "gov_type": "Federal or national ministry or agency", "mang_auth": "Not Reported" }, "geometry": { "type": "MultiPolygon", "coordinates": [ [ [ [ 564806.093451041728258, 1725150.084685859503224 ], [ 563938.401951928040944, 1723214.695628763409331 ], [ 563496.595814128639176, 1722085.179947704775259 ], [ 562895.061456557130441, 1720925.369874354451895 ], [ 562803.183704263647087, 1720411.860328680137172 ], [ 563092.826708749635145, 1718418.254683962557465 ], [ 563443.768536385265179, 1716379.4709880836308 ], [ 563412.831974236178212, 1715931.392725870013237 ], [ 563120.270121864508837, 1715458.258903935784474 ], [ 562719.131695564487018, 1714679.534719699528068 ], [ 560958.024201906053349, 1711841.951056548859924 ], [ 562611.477225550683215, 1708119.776244471548125 ], [ 562568.300684922025539, 1705841.000126177677885 ], [ 563881.400224645039998, 1704361.251516589196399 ], [ 561306.015796884079464, 1699947.425509792985395 ], [ 553765.438305408810265, 1699072.577504469547421 ], [ 552247.500069885514677, 1691586.226680315798149 ], [ 549312.115453599952161, 1683015.25596146681346 ], [ 549444.304129789234139, 1682973.50261754845269 ], [ 547583.935633435496129, 1676721.311911860480905 ], [ 546666.694340529385954, 1672287.369804189307615 ], [ 557557.075240176403895, 1664134.016335262916982 ], [ 557701.048319062800147, 1663716.261162576964125 ], [ 557917.954314052010886, 1663366.15672025247477 ], [ 558163.577292011119425, 1663143.325776820769534 ], [ 558664.101539106108248, 1663298.305751312989742 ], [ 560917.430264634778723, 1664843.680823651375249 ], [ 563658.023740315344185, 1666135.076555902836844 ], [ 568914.069218678050674, 1667128.704722950235009 ], [ 572710.492022203281522, 1667349.12139606801793 ], [ 575738.679717679740861, 1667156.196053806925192 ], [ 578089.022093028761446, 1670136.039515015901998 ], [ 580514.73285160260275, 1673524.580412747804075 ], [ 582661.135962996864691, 1676093.873257583240047 ], [ 584801.581643130164593, 1678396.783387663541362 ], [ 585150.667603203444742, 1678411.319551486521959 ], [ 586413.590522515703924, 1679694.664114440791309 ], [ 583630.706371670239605, 1684701.06092350371182 ], [ 579804.03718345973175, 1693210.704377895221114 ], [ 574893.477971061714925, 1703201.842580622062087 ], [ 571195.101252858527005, 1711354.754682525526732 ], [ 566181.828481658594683, 1721476.26915928767994 ], [ 564806.093451041728258, 1725150.084685859503224 ] ] ], [ [ [ 564154.296605647192337, 1726891.085201975889504 ], [ 564130.937184699578211, 1726811.375554186990485 ], [ 564806.093451041728258, 1725150.084685859503224 ], [ 564154.296605647192337, 1726891.085201975889504 ] ] ] ] } },
{ "type": "Feature", "properties": { "site_id": 352617, "name_eng": "Barkedji Dodji", "desig_eng": "Not Reported", "iucn_cat": "Not Reported", "realm": "Terrestrial", "gis_area": 601.0162567, "gov_type": "Federal or national ministry or agency", "mang_auth": "Not Reported" }, "geometry": { "type": "MultiPolygon", "coordinates": [ [ [ [ 528843.555709114763886, 1708702.136744526680559 ], [ 528676.7879729521228, 1711679.556924381060526 ], [ 528791.706885955296457, 1715845.295160081004724 ], [ 527373.369385855505243, 1718117.717992912279442 ], [ 515731.373268126160838, 1716073.764065647497773 ], [ 505012.92810849234229, 1714111.13356050173752 ], [ 503245.46103885298362, 1706243.193485613679513 ], [ 504835.435390113620088, 1706403.854259273735806 ], [ 508110.417383407941088, 1701706.11905172211118 ], [ 504206.570910230162553, 1695467.894290166674182 ], [ 509596.084033182705753, 1695284.778705972945318 ], [ 514372.260831694176886, 1694203.281866434961557 ], [ 516215.641234009759501, 1695337.119743053102866 ], [ 521896.887921275221743, 1692134.135145189473405 ], [ 527599.700519670848735, 1690185.740516765741631 ], [ 533846.534306790330447, 1694332.960305228829384 ], [ 537634.142203733674251, 1693375.367501958739012 ], [ 528843.555709114763886, 1708702.136744526680559 ] ] ] ] } },
{ "type": "Feature", "properties": { "site_id": 352618, "name_eng": "Foret de Pate", "desig_eng": "Forest Reserve", "iucn_cat": "Not Reported", "realm": "Terrestrial", "gis_area": 120.07516656, "gov_type": "Federal or national ministry or agency", "mang_auth": "Not Reported" }, "geometry": { "type": "MultiPolygon", "coordinates": [ [ [ [ 481080.762620713852812, 1523756.400714432122186 ], [ 483310.260196155868471, 1524763.486574438866228 ], [ 483737.553347603883594, 1527043.656300947768614 ], [ 484500.745107622409705, 1529121.246059961384162 ], [ 485512.169335465529002, 1530866.938034918624908 ], [ 483518.486415710765868, 1530961.030416427645832 ], [ 482207.301408641680609, 1531953.928709079977125 ], [ 479507.21332375658676, 1533657.976367591647431 ], [ 476843.620515190064907, 1532291.066575864795595 ], [ 474028.583974511362612, 1529975.678202707087621 ], [ 474010.317939846310765, 1527926.380857230629772 ], [ 474199.840689800737891, 1525059.588207346620038 ], [ 477306.017424689489417, 1524791.262870675185695 ], [ 477977.196656417218037, 1523462.453515489818528 ], [ 479264.79303811659338, 1522366.517802960472181 ], [ 481080.762620713852812, 1523756.400714432122186 ] ] ], [ [ [ 659943.73606152809225, 1704721.011119971983135 ], [ 662906.90057303768117, 1708727.226922469912097 ], [ 664083.835702118347399, 1709679.400172263849527 ], [ 662535.374874719185755, 1711952.205996099859476 ], [ 661012.230560224270448, 1713868.982006359379739 ], [ 657358.032613209099509, 1710394.862563356524333 ], [ 659187.208975384826772, 1708277.485051041003317 ], [ 655103.222922276472673, 1702448.609233215451241 ], [ 656947.824216379900463, 1703173.588214523624629 ], [ 657950.252462306176312, 1702563.007185857044533 ], [ 659943.73606152809225, 1704721.011119971983135 ] ] ] ] } },
{ "type": "Feature", "properties": { "site_id": 352619, "name_eng": "Boulal", "desig_eng": "Not Reported", "iucn_cat": "Not Reported", "realm": "Terrestrial", "gis_area": 114.66610252, "gov_type": "Federal or national ministry or agency", "mang_auth": "Not Reported" }, "geometry": { "type": "MultiPolygon", "coordinates": [ [ [ [ 432682.40451795142144, 1707189.476382957305759 ], [ 431828.986030710104387, 1708850.109701881650835 ], [ 431310.476373412937392, 1710538.541253124829382 ], [ 430421.623004326072987, 1711045.618370580486953 ], [ 429750.963717826700304, 1708867.407155328197405 ], [ 429603.11866318108514, 1707176.537184413289651 ], [ 427247.22934904549038, 1705887.415502479299903 ], [ 427251.621703681070358, 1704555.580453016562387 ], [ 430586.733739126240835, 1704595.105955075705424 ], [ 431188.852150929684285, 1701396.52246400131844 ], [ 427345.142548204399645, 1699819.811795777874067 ], [ 426426.999702180619352, 1698306.160896498477086 ], [ 424503.144305317779072, 1698169.642918713856488 ], [ 424791.277818385162391, 1696659.902612752746791 ], [ 423153.857429726514965, 1695219.502949809189886 ], [ 421227.594711514306255, 1695724.829114433843642 ], [ 420923.362213261891156, 1694647.347186277387664 ], [ 423672.351030786987394, 1693583.994528382085264 ], [ 425137.85528184013674, 1692948.726281638955697 ], [ 427601.706092806591187, 1692600.242488517193124 ], [ 430157.35585348890163, 1695632.134141535498202 ], [ 431641.811854624073021, 1696687.411016570637003 ], [ 433682.202398697671015, 1700024.266746681649238 ], [ 435629.985943334409967, 1700748.832216812530532 ], [ 438009.585399082105141, 1702474.559962875442579 ], [ 437157.611160598287825, 1704084.081410816637799 ], [ 439537.090912830200978, 1705937.159820097498596 ], [ 441359.951032300305087, 1705483.369834477780387 ], [ 442868.253747817710973, 1707102.29198602726683 ], [ 438452.488622535194736, 1708006.299232312943786 ], [ 435891.211133089149371, 1706715.760921753477305 ], [ 433948.490564044914208, 1704583.046729023335502 ], [ 432682.40451795142144, 1707189.476382957305759 ] ] ] ] } },
{ "type": "Feature", "properties": { "site_id": 352620, "name_eng": "Foret de Boulierobe", "desig_eng": "Forest Reserve", "iucn_cat": "Not Reported", "realm": "Terrestrial", "gis_area": 17.28296357, "gov_type": "Federal or national ministry or agency", "mang_auth": "Not Reported" }, "geometry": { "type": "MultiPolygon", "coordinates": [ [ [ [ 424751.598357900686096, 1707899.789707771502435 ], [ 423051.87814790091943, 1709429.705406746361405 ], [ 420924.736971792823169, 1708882.705972349271178 ], [ 419130.892605582019314, 1708261.719139265362173 ], [ 417645.583164165203925, 1707539.10123762045987 ], [ 416396.222261890245136, 1705332.319036564556882 ], [ 417826.524820954015013, 1707130.273304974893108 ], [ 420060.066001166007482, 1706728.631335372570902 ], [ 422064.480237082228996, 1705815.821666170842946 ], [ 424222.904887915996369, 1705029.898362913401797 ], [ 424751.598357900686096, 1707899.789707771502435 ] ] ] ] } },
{ "type": "Feature", "properties": { "site_id": 352621, "name_eng": "Khogue", "desig_eng": "Not Reported", "iucn_cat": "Not Reported", "realm": "Terrestrial", "gis_area": 189.79688728, "gov_type": "Federal or national ministry or agency", "mang_auth": "Not Reported" }, "geometry": { "type": "MultiPolygon", "coordinates": [ [ [ [ 499805.570431480708066, 1677656.480379373533651 ], [ 498821.723077149887104, 1679982.558440551627427 ], [ 497737.103947348077781, 1682180.388118494534865 ], [ 496059.961415014520753, 1684733.412095697596669 ], [ 490997.53825250454247, 1687043.179459003964439 ], [ 486656.027887946518604, 1688459.922015232034028 ], [ 482112.544752651068848, 1689030.376890421612188 ], [ 481505.912328822189011, 1686313.222492621280253 ], [ 481828.256282183516305, 1682422.91385048488155 ], [ 481351.092029933817685, 1679322.97617511311546 ], [ 482896.663451736676507, 1677716.897447994910181 ], [ 484341.123390223307069, 1675597.778276560595259 ], [ 484630.939389785926323, 1675224.844105583615601 ], [ 489602.749058712041005, 1675004.230071496916935 ], [ 494271.798139307997189, 1675252.601119455648586 ], [ 497015.640253786870744, 1675750.926404911791906 ], [ 499677.740334081696346, 1677604.496898982906714 ], [ 499802.346800619387068, 1677532.60153517825529 ], [ 499805.570431480708066, 1677656.480379373533651 ] ] ] ] } },
{ "type": "Feature", "properties": { "site_id": 352622, "name_eng": "Deali", "desig_eng": "Not Reported", "iucn_cat": "Not Reported", "realm": "Terrestrial", "gis_area": 485.72901616999997, "gov_type": "Federal or national ministry or agency", "mang_auth": "Not Reported" }, "geometry": { "type": "MultiPolygon", "coordinates": [ [ [ [ 419995.846394688356668, 1688703.759653176413849 ], [ 416278.948828795633744, 1687664.818215681007132 ], [ 413868.255262525577564, 1687399.24714833474718 ], [ 410226.500661511672661, 1686770.256673509255052 ], [ 410030.473247392917983, 1686899.328016775194556 ], [ 409867.319408555864356, 1686641.108289482537657 ], [ 408590.458366692299023, 1684996.733835953520611 ], [ 410573.543671862687916, 1682879.579842040548101 ], [ 412687.304060197842773, 1680276.519442758522928 ], [ 415003.827877096773591, 1678058.998934818664566 ], [ 417091.837709939107299, 1675506.264700237428769 ], [ 413179.509929132589605, 1671598.999351479578763 ], [ 411750.656950574135408, 1669391.959990943549201 ], [ 411579.474430267582648, 1667009.914703981485218 ], [ 411202.962700947653502, 1664627.535352013539523 ], [ 413285.36048052215483, 1663534.684306346811354 ], [ 416536.451820954564027, 1665493.079746905714273 ], [ 419222.535251309745945, 1667706.019741265336052 ], [ 420738.47174526611343, 1667226.35690138861537 ], [ 422979.082309052115306, 1664828.594962580827996 ], [ 423501.898155814735219, 1662294.959597307955846 ], [ 425224.1241389894858, 1661303.911512466613203 ], [ 426779.652381796971895, 1656752.898586801951751 ], [ 430018.601909200369846, 1655049.703807451063767 ], [ 433126.806437481776811, 1654114.974831156199798 ], [ 434759.661636883160099, 1656656.706565427361056 ], [ 436700.593864192080218, 1659147.944510986562818 ], [ 436587.37325663480442, 1662245.341008955379948 ], [ 436115.246685620397329, 1664957.67937344731763 ], [ 437696.903106554760598, 1667626.932486510835588 ], [ 435739.222257622750476, 1669769.18057231255807 ], [ 433731.824339017039165, 1671681.675268685212359 ], [ 430233.830467285704799, 1674099.798121814150363 ], [ 429203.82815803179983, 1674941.318107773317024 ], [ 427935.470517849724274, 1678263.574573169928044 ], [ 425083.260854469728656, 1679251.430565774906427 ], [ 425634.875040500832256, 1682812.572516242973506 ], [ 424650.515490240009967, 1685650.780284052714705 ], [ 422184.657859068538528, 1686255.070566702866927 ], [ 419995.846394688356668, 1688703.759653176413849 ] ] ] ] } },
{ "type": "Feature", "properties": { "site_id": 352623, "name_eng": "Velingara", "desig_eng": "Not Reported", "iucn_cat": "Not Reported", "realm": "Terrestrial", "gis_area": 489.26553356, "gov_type": "Federal or national ministry or agency", "mang_auth": "Not Reported" }, "geometry": { "type": "MultiPolygon", "coordinates": [ [ [ [ 524127.031667067902163, 1685512.025200108997524 ], [ 521117.122546769271139, 1687804.222643909277394 ], [ 517345.15262428537244, 1687711.525887926341966 ], [ 517612.659331699484028, 1684666.705562554299831 ], [ 521600.438556599197909, 1681840.71016512461938 ], [ 525640.172351418761536, 1678553.10489235073328 ], [ 528009.567860781680793, 1676028.433738281717524 ], [ 528654.43144670734182, 1674904.335273989010602 ], [ 527762.278044679667801, 1673467.588400003500283 ], [ 532162.793195871054195, 1669695.948285534279421 ], [ 534636.505186780239455, 1666735.175420880550519 ], [ 535387.751566537772305, 1664561.75451891310513 ], [ 537549.953288355725817, 1662727.899007668020204 ], [ 537669.320985805359669, 1662693.800024883588776 ], [ 541423.417738460353576, 1662998.695012574084103 ], [ 545015.920126429642551, 1662885.781721127219498 ], [ 549018.665414561051875, 1662977.774412800790742 ], [ 551845.429587163147517, 1661606.703352031763643 ], [ 553331.963703464251012, 1662150.872423228109255 ], [ 555593.924592498224229, 1662493.419530395884067 ], [ 555742.565861564944498, 1662365.461273844819516 ], [ 556506.462050579953939, 1662527.651008493034169 ], [ 556409.550385166308843, 1662598.210566693916917 ], [ 558163.577292011119425, 1663143.325776820769534 ], [ 557917.954314052010886, 1663366.15672025247477 ], [ 557701.048319062800147, 1663716.261162576964125 ], [ 557557.075240176403895, 1664134.016335262916982 ], [ 546666.694340529385954, 1672287.369804189307615 ], [ 547583.935633435496129, 1676721.311911860480905 ], [ 549444.304129789234139, 1682973.50261754845269 ], [ 545607.799378742231056, 1684190.171794702997431 ], [ 541144.105286086210981, 1683839.015167569043115 ], [ 535935.468363653169945, 1683869.157706548692659 ], [ 529896.585687732556835, 1686532.963107259012759 ], [ 527875.502818231820129, 1684886.831549161812291 ], [ 524127.031667067902163, 1685512.025200108997524 ] ] ] ] } },
{ "type": "Feature", "properties": { "site_id": 352624, "name_eng": "Linde Sud", "desig_eng": "Not Reported", "iucn_cat": "Not Reported", "realm": "Terrestrial", "gis_area": 462.74069416999998, "gov_type": "Federal or national ministry or agency", "mang_auth": "Not Reported" }, "geometry": { "type": "MultiPolygon", "coordinates": [ [ [ [ 513220.629702314385213, 1678708.745538056595251 ], [ 515232.907122995587997, 1683068.976622364018112 ], [ 511167.604008505062666, 1686151.514148856513202 ], [ 508405.561955443408806, 1683733.597839080262929 ], [ 508103.301446764788125, 1682042.314867338631302 ], [ 503469.459932254394516, 1678977.373775658896193 ], [ 501528.654466913489159, 1676536.089534682687372 ], [ 499677.740334081696346, 1677604.496898982906714 ], [ 497015.640253786870744, 1675750.926404911791906 ], [ 494271.798139307997189, 1675252.601119455648586 ], [ 489602.749058712041005, 1675004.230071496916935 ], [ 484316.175187518470921, 1675238.324399371398613 ], [ 485968.834065615199506, 1672249.811367041198537 ], [ 486799.068553951568902, 1669769.549986211583018 ], [ 486635.411703501828015, 1665390.76977231237106 ], [ 486361.835923942446243, 1664370.038884613662958 ], [ 488345.202376177418046, 1660712.379461217904463 ], [ 491282.866303210495971, 1657165.136739287758246 ], [ 492722.874541094119195, 1654992.38442595815286 ], [ 495908.76187640754506, 1654956.231782838469371 ], [ 501470.810868411965203, 1656566.323601841460913 ], [ 504005.79032209131401, 1657959.123927897308022 ], [ 506082.734418020583689, 1658479.405096655478701 ], [ 503535.62945245654555, 1660286.168657048372552 ], [ 505064.667365145462099, 1663416.560647989157587 ], [ 506823.250172465166543, 1666675.427373478887603 ], [ 508581.22686373553006, 1670266.251778549747542 ], [ 510876.783833242836408, 1674167.158915751380846 ], [ 513220.629702314385213, 1678708.745538056595251 ] ] ] ] } },
{ "type": "Feature", "properties": { "site_id": 352625, "name_eng": "Oldou Debokol", "desig_eng": "Not Reported", "iucn_cat": "Not Reported", "realm": "Terrestrial", "gis_area": 751.00092674999996, "gov_type": "Federal or national ministry or agency", "mang_auth": "Not Reported" }, "geometry": { "type": "MultiPolygon", "coordinates": [ [ [ [ 469608.954821984865703, 1669521.056596485897899 ], [ 466612.159923114115372, 1668152.467633479740471 ], [ 464716.361362064490095, 1667351.106134290341288 ], [ 461585.077316303970292, 1667568.34818331245333 ], [ 459308.507324533653446, 1665460.654995255172253 ], [ 458289.45583441038616, 1663535.643949847202748 ], [ 455854.557514344691299, 1662783.493491981178522 ], [ 454034.087817069783341, 1662444.065035976003855 ], [ 451684.335020178288687, 1659285.34030374023132 ], [ 449108.606084657483734, 1654819.931788617512211 ], [ 449197.55105256504612, 1651645.299233584897593 ], [ 447583.623443568823859, 1647841.666997844120488 ], [ 448677.933668767625932, 1646036.398936928715557 ], [ 450279.001003159151878, 1643149.50593010825105 ], [ 453715.994804740999825, 1643623.777360260486603 ], [ 457640.732507341948804, 1643818.94478084682487 ], [ 462666.8712328497204, 1644657.8430178638082 ], [ 467643.53882745973533, 1644985.752039301209152 ], [ 473466.575620644842274, 1645290.512519668322057 ], [ 476185.03574983146973, 1645532.095817747758701 ], [ 483277.603939974564128, 1649708.038034040015191 ], [ 487708.695351523230784, 1652132.003730812342837 ], [ 492856.141918179579079, 1654789.938429541885853 ], [ 491282.866303210495971, 1657165.136739287758246 ], [ 488345.202376177418046, 1660712.379461217904463 ], [ 486253.396836020459887, 1664570.297018403653055 ], [ 482792.9503536807606, 1663634.622624799609184 ], [ 478485.167132881935686, 1662643.794989523477852 ], [ 475792.223916368966457, 1662300.193117919377983 ], [ 475632.802617266483139, 1664066.729770340258256 ], [ 473571.613719880115241, 1666285.482832240639254 ], [ 469608.954821984865703, 1669521.056596485897899 ] ] ] ] } },
{ "type": "Feature", "properties": { "site_id": 352626, "name_eng": "Foret de Pire-Goureye", "desig_eng": "Forest Reserve", "iucn_cat": "Not Reported", "realm": "Terrestrial", "gis_area": 88.9838906, "gov_type": "Federal or national ministry or agency", "mang_auth": "Not Reported" }, "geometry": { "type": "MultiPolygon", "coordinates": [ [ [ [ 311265.148474229848944, 1657288.422019729856402 ], [ 313727.046847134362906, 1657527.977315364638343 ], [ 316112.043989481171593, 1658126.893313959240913 ], [ 318082.985449609812349, 1659312.336671666940674 ], [ 317433.149209014256485, 1661665.380556945689023 ], [ 316683.577142601541709, 1663198.178485146025196 ], [ 315136.034739480819553, 1665394.512686992296949 ], [ 312721.096925039368216, 1666229.010794973466545 ], [ 309948.045251704752445, 1667037.876166660571471 ], [ 309904.345694552408531, 1667085.809997758129612 ], [ 308924.932309273630381, 1666034.690827769227326 ], [ 307850.783050130761694, 1664981.05047948169522 ], [ 305471.096098015201278, 1663281.901971183950081 ], [ 307226.036020393657964, 1660215.602199075045064 ], [ 307436.837246033363044, 1658885.987955218879506 ], [ 307494.493329658638686, 1656837.229704173281789 ], [ 308013.542160390352365, 1655303.74578348826617 ], [ 311265.148474229848944, 1657288.422019729856402 ] ] ] ] } },
{ "type": "Feature", "properties": { "site_id": 352627, "name_eng": "Bem-Bem", "desig_eng": "Not Reported", "iucn_cat": "Not Reported", "realm": "Terrestrial", "gis_area": 397.96304734, "gov_type": "Federal or national ministry or agency", "mang_auth": "Not Reported" }, "geometry": { "type": "MultiPolygon", "coordinates": [ [ [ [ 561000.427400127868168, 1662662.657895451178774 ], [ 560567.513247617636807, 1662972.363907010294497 ], [ 560228.74719703476876, 1663037.867786091286689 ], [ 558715.182737318566069, 1663071.681788079207763 ], [ 558163.577292011119425, 1663143.325776820769534 ], [ 556409.550385166308843, 1662598.210566693916917 ], [ 556506.462050579953939, 1662527.651008493034169 ], [ 555742.565861564944498, 1662365.461273844819516 ], [ 555593.924592498224229, 1662493.419530395884067 ], [ 553331.963703464251012, 1662150.872423228109255 ], [ 551845.429587163147517, 1661606.703352031763643 ], [ 549018.665414561051875, 1662977.774412800790742 ], [ 545015.920126429642551, 1662885.781721127219498 ], [ 541423.417738460353576, 1662998.695012574084103 ], [ 537669.320985805359669, 1662693.800024883588776 ], [ 536246.152277522836812, 1661287.985136032104492 ], [ 537331.887379411724396, 1659219.110154993599281 ], [ 537517.592856865492649, 1657350.152589708101004 ], [ 544329.773894816404209, 1653844.554023328470066 ], [ 548828.063571159611456, 1651609.107952311635017 ], [ 553274.742535501834936, 1649271.506183359771967 ], [ 557619.296164794359356, 1646831.594000338343903 ], [ 560987.036933619529009, 1645180.792664267821237 ], [ 564148.087561017135158, 1643759.962365164654329 ], [ 567076.715157607570291, 1642491.526058352785185 ], [ 570854.835353125235997, 1640765.782568061491475 ], [ 573959.920719304122031, 1640093.761568767717108 ], [ 566737.32948512758594, 1651169.037995532620698 ], [ 566610.749075377243571, 1651438.574162783566862 ], [ 566602.82918190327473, 1651965.057355041848496 ], [ 566739.577775341458619, 1652674.451745436294004 ], [ 567009.48776957008522, 1653446.162961276015267 ], [ 566884.349803422577679, 1653971.212304347660393 ], [ 566815.436779100447893, 1655155.659249792573974 ], [ 566544.744228431256488, 1656211.23444659053348 ], [ 566767.607419726322405, 1656875.522619501454756 ], [ 566330.531459438730963, 1657456.114291518228129 ], [ 565902.993582576396875, 1658094.257368113379925 ], [ 565398.503623993368819, 1658965.584538840223104 ], [ 565163.027493787463754, 1659760.229659549193457 ], [ 563878.108647008659318, 1660637.20337407104671 ], [ 563131.344913679989986, 1661302.189265503548086 ], [ 562848.444101385888644, 1661774.852084432495758 ], [ 562411.375068400520831, 1662013.7241232895758 ], [ 561932.723875201772898, 1662125.293443488655612 ], [ 561000.427400127868168, 1662662.657895451178774 ] ] ] ] } },
{ "type": "Feature", "properties": { "site_id": 352628, "name_eng": "Sab-Sabre", "desig_eng": "Not Reported", "iucn_cat": "Not Reported", "realm": "Terrestrial", "gis_area": 695.81307091999997, "gov_type": "Federal or national ministry or agency", "mang_auth": "Not Reported" }, "geometry": { "type": "MultiPolygon", "coordinates": [ [ [ [ 570823.720789149403572, 1620487.677801098674536 ], [ 571460.090293718036264, 1621237.249053494771942 ], [ 571207.065639385487884, 1621965.419430318055674 ], [ 571504.222868819138967, 1622343.465805192943662 ], [ 571663.661637842888013, 1623048.512798249721527 ], [ 571838.33908864913974, 1624058.887432681629434 ], [ 571988.554165221634321, 1625325.805510968435556 ], [ 572558.726749939029105, 1626194.677811444504187 ], [ 572680.234975098632276, 1626243.709169268840924 ], [ 569127.039494721335359, 1628673.366485215490684 ], [ 565116.214220997877419, 1631038.129664630396292 ], [ 559589.964772401028313, 1633755.902658033417538 ], [ 554524.984818271244876, 1636731.436960399383679 ], [ 550643.148775227833539, 1638968.287034221692011 ], [ 546039.596365410485305, 1642048.275638779159635 ], [ 544627.823128243442625, 1642196.038168528815731 ], [ 544719.165983359096572, 1645140.541771547868848 ], [ 543863.095650807255879, 1647979.329681739443913 ], [ 541134.211606070864946, 1650580.368784421123564 ], [ 538586.163870406453498, 1652771.651877068448812 ], [ 537066.23384305217769, 1654455.986658226000145 ], [ 533447.653676468413323, 1654671.850643240148202 ], [ 531774.866117620258592, 1648776.511468284763396 ], [ 533403.497427416150458, 1645479.378307843115181 ], [ 535396.262744697974995, 1640674.238670006627217 ], [ 537670.226817408227362, 1636151.743045487906784 ], [ 539610.384737042128108, 1631576.924622000427917 ], [ 541963.276604768354446, 1626541.749553247122094 ], [ 544281.748621868551709, 1623786.285982475616038 ], [ 546496.152891251258552, 1621670.128899252507836 ], [ 549586.752231204300188, 1618328.219114360632375 ], [ 553243.008904355461709, 1614784.393680214183405 ], [ 556597.986554410308599, 1610617.684556728228927 ], [ 562853.355905781965703, 1617843.340819328324869 ], [ 564676.064074556459673, 1617646.794874449959025 ], [ 570823.720789149403572, 1620487.677801098674536 ] ] ] ] } },
{ "type": "Feature", "properties": { "site_id": 352629, "name_eng": "Doli", "desig_eng": "Not Reported", "iucn_cat": "Not Reported", "realm": "Terrestrial", "gis_area": 1315.7105593399999, "gov_type": "Federal or national ministry or agency", "mang_auth": "Not Reported" }, "geometry": { "type": "MultiPolygon", "coordinates": [ [ [ [ 513324.026159704546444, 1649521.195926021318883 ], [ 505447.276380101393443, 1649463.911043395521119 ], [ 499905.358406946761534, 1649493.154308384982869 ], [ 493952.577884913538583, 1649341.28504573344253 ], [ 491344.684818473237101, 1646770.55120384064503 ], [ 487251.311370912007987, 1643374.63844568002969 ], [ 483544.052030652761459, 1639902.83956744032912 ], [ 478831.440231680870056, 1637298.493878534296528 ], [ 474141.578566612151917, 1635794.434014817001298 ], [ 467190.980670807941351, 1634946.80417506233789 ], [ 460910.981875665253028, 1633180.94713917048648 ], [ 453483.285389518365264, 1629489.924095269758254 ], [ 457341.636771158489864, 1626739.836248924024403 ], [ 461430.665837920329068, 1624298.608538475818932 ], [ 467035.462329650647007, 1621069.608756567817181 ], [ 471992.228358989930712, 1619604.564241309883073 ], [ 476613.293004524894059, 1618957.099666146095842 ], [ 482493.975991574116051, 1617547.534902785439044 ], [ 487217.85552398575237, 1616644.313238875707611 ], [ 491966.922789181058761, 1615972.049575612414628 ], [ 491865.882050774758682, 1623012.953152215108275 ], [ 498154.554139624640811, 1622193.214080867823213 ], [ 503982.838414137193467, 1621192.528250204399228 ], [ 504766.438628468487877, 1617021.902619503438473 ], [ 508949.249676224542782, 1616859.387120268074796 ], [ 512539.308690673671663, 1617667.247599752387032 ], [ 512417.008982255356386, 1623095.500352752162144 ], [ 512760.126730023417622, 1627832.753744708374143 ], [ 512257.522972924809437, 1631901.548883239738643 ], [ 516347.661484163778368, 1636168.806553114205599 ], [ 519929.576251753838733, 1639178.799840994877741 ], [ 519512.750252473924775, 1641045.444080121116713 ], [ 519730.315119077742565, 1644682.269714235793799 ], [ 519145.867017944343388, 1649155.727305850479752 ], [ 518970.65988417918561, 1649031.711159106576815 ], [ 513324.026159704546444, 1649521.195926021318883 ] ] ] ] } },
{ "type": "Feature", "properties": { "site_id": 352630, "name_eng": "Foret de Thies", "desig_eng": "Forest Reserve", "iucn_cat": "Not Reported", "realm": "Terrestrial", "gis_area": 68.89035142, "gov_type": "Federal or national ministry or agency", "mang_auth": "Not Reported" }, "geometry": { "type": "MultiPolygon", "coordinates": [ [ [ [ 284480.106166579411365, 1635110.285720400745049 ], [ 286171.954221671738196, 1635373.033833015710115 ], [ 286377.635722614708357, 1635374.534227771451697 ], [ 287268.087428669212386, 1637323.298642863985151 ], [ 287592.468217912595719, 1640166.839494294719771 ], [ 288590.540730183012784, 1640912.815049248049036 ], [ 287401.174900397192687, 1643494.133649341762066 ], [ 287290.197391196968965, 1645669.769681225996464 ], [ 286925.748286659247242, 1647050.841694772010669 ], [ 284664.311514692555647, 1647390.883586075156927 ], [ 284752.206865621439647, 1645071.533479677746072 ], [ 283216.983213445986621, 1643964.239257335430011 ], [ 281936.158578590257093, 1643267.524794689612463 ], [ 281202.203491334046703, 1640448.712614238262177 ], [ 280514.83284884179011, 1638857.953150092624128 ], [ 279494.199026864778716, 1637216.015834656311199 ], [ 279474.026084888726473, 1635832.779882752336562 ], [ 280836.355266534141265, 1635019.108857100363821 ], [ 282865.207902647205628, 1634668.778531870106235 ], [ 284480.106166579411365, 1635110.285720400745049 ] ] ] ] } },
{ "type": "Feature", "properties": { "site_id": 352631, "name_eng": "Mbegue", "desig_eng": "Not Reported", "iucn_cat": "Not Reported", "realm": "Terrestrial", "gis_area": 926.42510224, "gov_type": "Federal or national ministry or agency", "mang_auth": "Not Reported" }, "geometry": { "type": "MultiPolygon", "coordinates": [ [ [ [ 470141.03952808433678, 1606231.683397544547915 ], [ 468358.031322595896199, 1609655.923276022775099 ], [ 467555.081867442291696, 1611802.647193756652996 ], [ 466007.26187339972239, 1614178.267467086203396 ], [ 465435.400870221317746, 1616506.143897529458627 ], [ 463092.171894604689442, 1618800.155729046091437 ], [ 459491.719509785645641, 1621090.934136548778042 ], [ 455661.760633168218192, 1622918.145345268305391 ], [ 451470.307637189689558, 1625666.930500510614365 ], [ 448871.281676980666816, 1627627.765331006376073 ], [ 448730.755354464228731, 1627861.439640508964658 ], [ 446438.228137315192726, 1626567.878123234724626 ], [ 443927.265391120221466, 1625432.089595922268927 ], [ 439676.040745210717432, 1623366.180014663841575 ], [ 438632.595337731298059, 1620750.726218048948795 ], [ 437233.923836079775356, 1617442.720250191166997 ], [ 439548.07313044014154, 1616043.246419789502397 ], [ 442478.273315784521401, 1614518.669584275921807 ], [ 436465.304883982404135, 1609681.240439297631383 ], [ 431679.663502507377416, 1606103.791422260226682 ], [ 431866.141802795755211, 1604184.249736644327641 ], [ 434481.800800622790121, 1604757.837574439588934 ], [ 434334.518198298814241, 1602862.442692636745051 ], [ 434907.859395272913389, 1600432.021095048170537 ], [ 436529.66699445102131, 1598697.93448500521481 ], [ 438770.395549369801302, 1596529.963473820593208 ], [ 439929.831294049043208, 1595050.556306802434847 ], [ 442338.603051679907367, 1595802.472262267488986 ], [ 444976.472136244468857, 1597374.785597256151959 ], [ 444610.78769641823601, 1599165.169636728940532 ], [ 446996.243322497175541, 1599354.601872386876494 ], [ 449585.258344187051989, 1600030.500584483845159 ], [ 449898.068761597562116, 1598572.116665460402146 ], [ 451829.658805676619522, 1596480.102126128040254 ], [ 454277.577206695859786, 1593623.035033459076658 ], [ 457035.360084131592885, 1590075.543007229454815 ], [ 458855.792923465196509, 1590415.327646998921409 ], [ 461421.777572983119171, 1590476.468056707177311 ], [ 461786.013242771732621, 1588967.312488139374182 ], [ 463172.428823899186682, 1588896.649868526495993 ], [ 465020.84603258385323, 1588442.73427536780946 ], [ 466178.856960742152296, 1587679.099645535461605 ], [ 467615.148994171235245, 1587762.352604611311108 ], [ 469942.348359466705006, 1589896.22288167104125 ], [ 469191.216014673875179, 1591890.154328545788303 ], [ 469080.637978822807781, 1593989.483527648961172 ], [ 469225.409697981842328, 1596857.171779925003648 ], [ 469778.696288135543, 1599803.996040846919641 ], [ 469714.248409031017218, 1603490.402344629634172 ], [ 471333.031725530105177, 1602856.935664142714813 ], [ 470141.03952808433678, 1606231.683397544547915 ] ] ] ] } },
{ "type": "Feature", "properties": { "site_id": 352632, "name_eng": "Foret de Bandia", "desig_eng": "Forest Reserve", "iucn_cat": "Not Reported", "realm": "Terrestrial", "gis_area": 104.55406762, "gov_type": "Federal or national ministry or agency", "mang_auth": "Not Reported" }, "geometry": { "type": "MultiPolygon", "coordinates": [ [ [ [ 288544.859916120185517, 1617511.524530024966225 ], [ 286845.349765570485033, 1619220.606314808828756 ], [ 282262.164929553866386, 1616385.849543808493763 ], [ 282423.466272750520147, 1614286.114614341873676 ], [ 281921.451071466319263, 1611160.836193212075159 ], [ 282906.974198524316307, 1608271.383632800308987 ], [ 282810.00661513756495, 1606812.518152821110561 ], [ 285551.897018292918801, 1607719.17986082076095 ], [ 287674.997194501222111, 1609647.370557618560269 ], [ 289899.122398622625042, 1611832.685127994045615 ], [ 291495.508707389119081, 1610328.420798053964972 ], [ 292984.097092312877066, 1610207.373625283362344 ], [ 293824.391056590713561, 1611950.981235536281019 ], [ 295363.289786467328668, 1612059.819421516032889 ], [ 295612.530058136675507, 1614160.308687126962468 ], [ 295555.29638079367578, 1615952.399035676382482 ], [ 295776.492499736254103, 1618437.120553941931576 ], [ 294158.904999391874298, 1618788.223057630006224 ], [ 292980.722137240460142, 1618348.890422122552991 ], [ 292722.495572946849279, 1618393.13285199040547 ], [ 292494.494785206858069, 1617809.657554694917053 ], [ 291297.659961396653671, 1615321.050366808427498 ], [ 288544.859916120185517, 1617511.524530024966225 ] ] ] ] } },
{ "type": "Feature", "properties": { "site_id": 352633, "name_eng": "Siné-Saloum", "desig_eng": "Not Reported", "iucn_cat": "Not Reported", "realm": "Terrestrial", "gis_area": 970.68474758000002, "gov_type": "Federal or national ministry or agency", "mang_auth": "Not Reported" }, "geometry": { "type": "MultiPolygon", "coordinates": [ [ [ [ 528428.533743648440577, 1601242.994597716489807 ], [ 524519.884550740011036, 1603531.550939816283062 ], [ 521664.690210054977797, 1605722.083714242326096 ], [ 517936.337467389646918, 1607856.991277470719069 ], [ 513025.446625466574915, 1610730.615909577812999 ], [ 508240.46203248645179, 1614168.21972508658655 ], [ 503882.907090905529913, 1613126.389174317475408 ], [ 498679.4074241220369, 1611620.844754851656035 ], [ 497119.499146719288547, 1610027.22750419494696 ], [ 493178.228072180878371, 1607220.973192911595106 ], [ 491161.511554264405277, 1604447.766977687831968 ], [ 487680.145075456355698, 1602179.751895741792396 ], [ 485481.526250729570165, 1599713.46638440922834 ], [ 484191.584175428084563, 1594715.159031038638204 ], [ 485519.582324919581879, 1589216.470001825829968 ], [ 483084.586266777536366, 1588387.408725837245584 ], [ 480854.403737444547005, 1587712.158535016234964 ], [ 481041.629566649207845, 1585793.12598536000587 ], [ 482810.306025669444352, 1586209.906988748814911 ], [ 487169.116302463284228, 1587097.600662707816809 ], [ 490089.498865748581011, 1588466.583506998373196 ], [ 491016.363468343100976, 1587471.951198833528906 ], [ 492442.619123444135766, 1583201.27924846787937 ], [ 493405.644520836183801, 1579185.197390405461192 ], [ 496996.271416011382826, 1579840.353693522280082 ], [ 506482.605834171874449, 1581722.282139621907845 ], [ 508154.547240777057596, 1580704.164699228014797 ], [ 510199.699816482956521, 1582581.762998912250623 ], [ 509375.393409316660836, 1583627.698237869422883 ], [ 510909.192564204044174, 1585298.354982362827286 ], [ 511204.055964548198972, 1589012.383375153876841 ], [ 511960.128970965568442, 1592881.482957047875971 ], [ 516799.437819500279147, 1595665.859682398848236 ], [ 521693.573876684298739, 1597375.11034227325581 ], [ 526643.030280344653875, 1598137.555417713709176 ], [ 528858.341494686086662, 1595841.765112004242837 ], [ 532305.652876322506927, 1593116.401364084100351 ], [ 537005.492622228572145, 1591778.058949249796569 ], [ 539390.133048200397752, 1592453.074037403799593 ], [ 539838.050828190287575, 1596142.339842055225745 ], [ 539876.05236393911764, 1599982.487082788720727 ], [ 538073.200788193265907, 1602699.33725351258181 ], [ 537789.013265442103148, 1602509.771263830829412 ], [ 534485.68150101986248, 1600601.483856264734641 ], [ 531770.804952290141955, 1599131.274678570218384 ], [ 528428.533743648440577, 1601242.994597716489807 ] ] ] ] } },
{ "type": "Feature", "properties": { "site_id": 352634, "name_eng": "Foret de Panal", "desig_eng": "Forest Reserve", "iucn_cat": "Not Reported", "realm": "Terrestrial", "gis_area": 1044.13676388, "gov_type": "Federal or national ministry or agency", "mang_auth": "Not Reported" }, "geometry": { "type": "MultiPolygon", "coordinates": [ [ [ [ 557405.52095157513395, 1591322.429818923352286 ], [ 553953.116423028171994, 1595456.779081077314913 ], [ 550284.744554720004089, 1595057.530117651214823 ], [ 550243.890877797966823, 1592343.260723642306402 ], [ 550304.207308321259916, 1589706.623277108650655 ], [ 550264.049262105952948, 1586634.016219428274781 ], [ 552163.052523255581036, 1586564.920810357434675 ], [ 555524.228531514527276, 1586501.395929041318595 ], [ 555358.630682609160431, 1582404.309056686935946 ], [ 554078.746338114142418, 1581784.346986420452595 ], [ 554732.989724961575121, 1578023.088189476868138 ], [ 554463.055312724085525, 1574667.949859706684947 ], [ 553210.64370010397397, 1573101.363142230082303 ], [ 551955.960056424257345, 1572559.006505628349259 ], [ 551373.697050707647577, 1570278.327427850104868 ], [ 553250.593138218857348, 1569004.783242714358494 ], [ 555845.506890994729474, 1568118.950250495923683 ], [ 556195.893936810665764, 1570681.25717779295519 ], [ 560068.794218800845556, 1570952.322867674520239 ], [ 565175.216653030365705, 1571101.062582476530224 ], [ 572715.979018741170876, 1571566.340035417350009 ], [ 575308.794777829782106, 1571193.48112168489024 ], [ 575496.661879261489958, 1568991.894644381012768 ], [ 575505.705000182148069, 1566329.659997180569917 ], [ 578796.438398217433132, 1564524.673673651879653 ], [ 582856.652203010977246, 1562902.887598138768226 ], [ 584269.160626444383524, 1562370.001408658223227 ], [ 586318.739493909408338, 1563376.791807707631961 ], [ 588802.943548329523765, 1564743.649951213039458 ], [ 589640.38487536192406, 1567205.425445352448151 ], [ 591970.89486467151437, 1568546.646037744358182 ], [ 595069.689498248160817, 1570119.9475692671258 ], [ 595444.335097167408094, 1572913.166655246401206 ], [ 596379.47336393641308, 1576936.32924314821139 ], [ 599651.11051871185191, 1580559.490288144210353 ], [ 600128.761671764776111, 1583301.267756401095539 ], [ 599222.638334634946659, 1585780.901189011288807 ], [ 598134.818992136628367, 1588439.035900012822822 ], [ 597718.833424745942466, 1590024.687559750629589 ], [ 596627.815296448185109, 1592201.698254343355075 ], [ 596122.118961103144102, 1591656.630003720056266 ], [ 590324.148393742274493, 1591556.339980931952596 ], [ 582087.809918692102656, 1591677.083185796393082 ], [ 575853.350255324970931, 1591575.41555313533172 ], [ 572132.229062127065845, 1591765.636353200767189 ], [ 571317.681720908265561, 1589713.754726133542135 ], [ 567315.436478225048631, 1589723.616678899386898 ], [ 567566.159153615357354, 1591491.768499211408198 ], [ 563204.543877243064344, 1591345.352448279038072 ], [ 557405.52095157513395, 1591322.429818923352286 ] ] ] ] } },
{ "type": "Feature", "properties": { "site_id": 352635, "name_eng": "Foret de Narangs", "desig_eng": "Forest Reserve", "iucn_cat": "Not Reported", "realm": "Terrestrial", "gis_area": 22.65342654, "gov_type": "Federal or national ministry or agency", "mang_auth": "Not Reported" }, "geometry": { "type": "MultiPolygon", "coordinates": [ [ [ [ 297570.268040026421659, 1582880.667307070689276 ], [ 298772.829753721598536, 1583884.57385113928467 ], [ 297689.374410946387798, 1585595.241699195466936 ], [ 299611.790713235153817, 1586243.666862508049235 ], [ 300454.694247282459401, 1587091.174235017504543 ], [ 298911.975695061846636, 1588695.931204481050372 ], [ 297425.985255367122591, 1587437.621638115262613 ], [ 295324.930938345263712, 1586712.26669455319643 ], [ 294842.314440055983141, 1585225.650141574442387 ], [ 293742.79111113678664, 1584171.270663872361183 ], [ 294545.325905851088464, 1582305.5766935730353 ], [ 296087.852534150355496, 1581313.62237694952637 ], [ 297570.268040026421659, 1582880.667307070689276 ] ] ] ] } },
{ "type": "Feature", "properties": { "site_id": 352636, "name_eng": "Foret de Tamba- Nord", "desig_eng": "Forest Reserve", "iucn_cat": "Not Reported", "realm": "Terrestrial", "gis_area": 742.37960038999995, "gov_type": "Federal or national ministry or agency", "mang_auth": "Not Reported" }, "geometry": { "type": "MultiPolygon", "coordinates": [ [ [ [ 641655.879903144668788, 1558248.511252515483648 ], [ 640956.63153547886759, 1560114.181157166603953 ], [ 642512.134427456185222, 1562859.751067693345249 ], [ 646146.045876132906415, 1565281.078214132692665 ], [ 648416.399208586080931, 1569105.461856042267755 ], [ 653090.3807237832807, 1575243.561208265600726 ], [ 648873.6504927854985, 1577555.81752435490489 ], [ 646200.661672678892501, 1579288.02483092318289 ], [ 642266.212671676184982, 1574303.753657523775473 ], [ 638786.337614321615547, 1571344.985429242253304 ], [ 633592.869334686896764, 1567150.842648997437209 ], [ 626711.682344356318936, 1561414.032028697198257 ], [ 626850.239638746948913, 1558316.275249185971916 ], [ 625547.6747732963413, 1556877.290392650989816 ], [ 623549.659148601233028, 1555640.74938330356963 ], [ 622599.393574189627543, 1556097.427992519689724 ], [ 622945.31323570467066, 1552437.657532082637772 ], [ 623925.492940481868573, 1551186.891916893655434 ], [ 625427.697887145332061, 1547019.508075247053057 ], [ 624667.103015976725146, 1544609.862415586598217 ], [ 627861.932998703094199, 1540833.602835353231058 ], [ 627291.798898321227171, 1535300.991457566386089 ], [ 626012.233976931194775, 1527102.435928064398468 ], [ 626379.218829404795542, 1524774.640027191257104 ], [ 627789.665695645380765, 1524856.758907677605748 ], [ 629922.946265576290898, 1523943.683420410612598 ], [ 631329.002994316630065, 1525332.369554557371885 ], [ 632689.927908011828549, 1525157.872613981831819 ], [ 632915.413216511951759, 1526516.318763073999435 ], [ 633550.775673252996057, 1528464.266976495040581 ], [ 635168.28382518957369, 1528189.46613150741905 ], [ 634752.352313711540774, 1529595.490667859092355 ], [ 635156.849682669620961, 1531415.087067701620981 ], [ 634869.294741750811227, 1532873.771663606632501 ], [ 635764.873092562425882, 1533568.734362156130373 ], [ 637637.693445671116933, 1533601.878191208466887 ], [ 638682.341146205901168, 1535500.206644502235577 ], [ 640989.319394111749716, 1536354.554621056653559 ], [ 642446.824052742915228, 1537589.383246380835772 ], [ 644148.081741804373451, 1535598.762006252072752 ], [ 646172.300673155463301, 1536169.917953326832503 ], [ 646371.626811781199649, 1537988.621471702121198 ], [ 645459.90958490036428, 1541749.132736174855381 ], [ 644521.39299311384093, 1545893.379137763055041 ], [ 644663.535477392375469, 1549221.793556414544582 ], [ 642659.926708959508687, 1549981.584241705248132 ], [ 639959.877127424115315, 1551712.288632394047454 ], [ 640872.555033690761775, 1554634.474822400836274 ], [ 641655.879903144668788, 1558248.511252515483648 ] ] ] ] } },
{ "type": "Feature", "properties": { "site_id": 352637, "name_eng": "Foret de Birkelane", "desig_eng": "Forest Reserve", "iucn_cat": "Not Reported", "realm": "Terrestrial", "gis_area": 66.63996645, "gov_type": "Federal or national ministry or agency", "mang_auth": "Not Reported" }, "geometry": { "type": "MultiPolygon", "coordinates": [ [ [ [ 416214.386743501177989, 1568225.021595099475235 ], [ 417512.619052583584562, 1571200.489525556564331 ], [ 419093.403163750655949, 1573895.268049360951409 ], [ 419855.254490045248531, 1575972.232035854831338 ], [ 417822.818169065110851, 1577627.958271394018084 ], [ 417781.005475965677761, 1577706.626571014989167 ], [ 417617.94063082523644, 1577652.96422319393605 ], [ 416209.901862353435718, 1576598.008528735022992 ], [ 411519.778374297136907, 1575196.105531866662204 ], [ 408237.843966567073949, 1574593.999970925971866 ], [ 409424.718853888800368, 1572524.620977074839175 ], [ 411175.889830372296274, 1570688.912902674637735 ], [ 412463.345221012248658, 1569489.839066284243017 ], [ 412288.939952510758303, 1568055.860002191271633 ], [ 411832.745989614340942, 1566594.106609205715358 ], [ 413265.900354593177326, 1567521.566277143778279 ], [ 413782.837140772491693, 1566576.313826315337792 ], [ 414605.469516960496549, 1566017.165063092717901 ], [ 416214.386743501177989, 1568225.021595099475235 ] ] ] ] } },
{ "type": "Feature", "properties": { "site_id": 352638, "name_eng": "Foret de Goudiri", "desig_eng": "Forest Reserve", "iucn_cat": "Not Reported", "realm": "Terrestrial", "gis_area": 312.54196388000003, "gov_type": "Federal or national ministry or agency", "mang_auth": "Not Reported" }, "geometry": { "type": "MultiPolygon", "coordinates": [ [ [ [ 731786.924214408849366, 1552438.927227316889912 ], [ 736345.891857647104189, 1554863.63211876549758 ], [ 741057.953170376713388, 1557468.939392594154924 ], [ 745668.094007029896602, 1559689.112595811486244 ], [ 744144.968629210488871, 1562371.75622358196415 ], [ 742002.911542463582009, 1565767.945830394746736 ], [ 739421.01801392971538, 1570391.925484709674492 ], [ 737228.699191825347953, 1573635.115677894325927 ], [ 734302.887378093902953, 1576758.666565169813111 ], [ 731783.842704564449377, 1575303.134333393303677 ], [ 728045.343851616373286, 1572932.614762668032199 ], [ 723845.865606845356524, 1570483.405695799738169 ], [ 725088.286616828525439, 1567493.089254173915833 ], [ 727334.478924693656154, 1563635.277850670972839 ], [ 728934.608829151140526, 1561055.536154714645818 ], [ 724785.909174563130364, 1558735.312518504681066 ], [ 725638.210303302737884, 1557151.437666366109625 ], [ 727290.601181144476868, 1554418.201071695657447 ], [ 729969.38362187705934, 1551253.777279786998406 ], [ 731786.924214408849366, 1552438.927227316889912 ] ] ] ] } },
{ "type": "Feature", "properties": { "site_id": 352639, "name_eng": "Foret de Kassas", "desig_eng": "Forest Reserve", "iucn_cat": "Not Reported", "realm": "Terrestrial", "gis_area": 107.6681317, "gov_type": "Federal or national ministry or agency", "mang_auth": "Not Reported" }, "geometry": { "type": "MultiPolygon", "coordinates": [ [ [ [ 442077.748082289937884, 1575370.269252134254202 ], [ 436816.038591306773014, 1576039.940864345058799 ], [ 434401.797870186099317, 1576465.322496998822317 ], [ 432636.472332920937333, 1575076.389785633189604 ], [ 430565.356120553566143, 1573198.44017042638734 ], [ 427955.566313671122771, 1570960.508416748605669 ], [ 429761.744069029868115, 1568227.910999355604872 ], [ 430976.59314565215027, 1565775.795361129101366 ], [ 432668.553828048577998, 1566089.767602530075237 ], [ 432379.208181179536041, 1568059.278828917536885 ], [ 435329.168824028689414, 1568353.491169177228585 ], [ 438227.434840902453288, 1568723.38165224250406 ], [ 438107.977121042902581, 1566213.003700683126226 ], [ 439774.857624601456337, 1566476.631431706948206 ], [ 441236.177490270230919, 1566532.914250614820048 ], [ 443102.362754643661901, 1568589.145105991745368 ], [ 442318.474967622256372, 1575439.394475615117699 ], [ 442077.748082289937884, 1575370.269252134254202 ] ] ] ] } },
{ "type": "Feature", "properties": { "site_id": 352640, "name_eng": "Foret de Delbi", "desig_eng": "Forest Reserve", "iucn_cat": "Not Reported", "realm": "Terrestrial", "gis_area": 67.58800491, "gov_type": "Federal or national ministry or agency", "mang_auth": "Not Reported" }, "geometry": { "type": "MultiPolygon", "coordinates": [ [ [ [ 481487.883246647950727, 1572446.912806702079251 ], [ 477649.490081688563805, 1572670.119733192492276 ], [ 474342.029189107357524, 1571914.573514272226021 ], [ 471752.280208200914785, 1571545.73715582373552 ], [ 470185.167404344247188, 1572000.997587356017902 ], [ 470220.738615924725309, 1569235.999909528065473 ], [ 469844.584762959566433, 1566878.49677718244493 ], [ 473059.040354151919018, 1564664.016891531879082 ], [ 475786.359614672488533, 1562600.832497274503112 ], [ 475958.931399063731078, 1564752.88948645722121 ], [ 477316.859934063977562, 1565091.16833304380998 ], [ 478155.240329115244094, 1567424.032257859129459 ], [ 479894.009364057157654, 1569248.549302289960906 ], [ 481487.883246647950727, 1572446.912806702079251 ] ] ] ] } },
{ "type": "Feature", "properties": { "site_id": 352641, "name_eng": "Foret de Bala- Est", "desig_eng": "Forest Reserve", "iucn_cat": "Not Reported", "realm": "Terrestrial", "gis_area": 198.20467224000001, "gov_type": "Federal or national ministry or agency", "mang_auth": "Not Reported" }, "geometry": { "type": "MultiPolygon", "coordinates": [ [ [ [ 721982.032749459263869, 1553500.435687218792737 ], [ 721274.843307073693722, 1557670.851221475284547 ], [ 719571.723241014056839, 1560250.092099184170365 ], [ 718923.726718579302542, 1562244.223562253639102 ], [ 716100.242065287660807, 1562412.541882369900122 ], [ 713682.028407044359483, 1564348.547474080463871 ], [ 712639.426234008860774, 1561579.853790922090411 ], [ 709130.953655905090272, 1559696.010686378460377 ], [ 704827.319724131491967, 1557912.536110574845225 ], [ 702803.681204618653283, 1556905.937470011645928 ], [ 702911.999294845853001, 1555242.542485160985962 ], [ 704199.505659560905769, 1554043.365996649488807 ], [ 705306.713441990083084, 1552844.99974935525097 ], [ 706034.720271168625914, 1550185.145420355023816 ], [ 708237.976557572605088, 1551217.748617535224184 ], [ 712132.72295874718111, 1552539.017106195911765 ], [ 715412.184445211314596, 1546714.670422458089888 ], [ 719359.125859064632095, 1547806.138277228688821 ], [ 723650.688411672017537, 1548756.301960059441626 ], [ 721982.032749459263869, 1553500.435687218792737 ] ] ] ] } },
{ "type": "Feature", "properties": { "site_id": 352642, "name_eng": "Foret des Paniates", "desig_eng": "Forest Reserve", "iucn_cat": "Not Reported", "realm": "Terrestrial", "gis_area": 415.48399279, "gov_type": "Federal or national ministry or agency", "mang_auth": "Not Reported" }, "geometry": { "type": "MultiPolygon", "coordinates": [ [ [ [ 607207.740790233016014, 1562436.798044051975012 ], [ 602483.346098253619857, 1563416.063695623073727 ], [ 596406.924691930995323, 1562137.875185634940863 ], [ 593144.495926026836969, 1563123.361644656164572 ], [ 592313.411397618707269, 1558665.006880885688588 ], [ 592224.879096195916645, 1554797.824840287677944 ], [ 591625.467398731736466, 1550034.002659327350557 ], [ 587476.001751373289153, 1548249.752279384294525 ], [ 584942.933543293387629, 1546115.374592732172459 ], [ 583377.082914115395397, 1546364.619434524327517 ], [ 579152.035851399414241, 1543863.726005625445396 ], [ 577930.605558075592853, 1540940.05504867923446 ], [ 579600.529111856594682, 1540306.99111328064464 ], [ 578812.547472778474912, 1538332.505280847428367 ], [ 580715.797718623420224, 1537085.263695017201826 ], [ 582752.332470362307504, 1534430.593158279778436 ], [ 584677.728547864127904, 1534157.009732355363667 ], [ 587118.43909503845498, 1533296.883346382528543 ], [ 588730.088800613884814, 1534429.437924790894613 ], [ 588026.342387836193666, 1537677.718210576102138 ], [ 592377.585762924747542, 1540614.082896999083459 ], [ 597161.852349849999882, 1544474.257240854902193 ], [ 602993.337455851025879, 1549694.605662249494344 ], [ 608289.189898913842626, 1554119.987064679618925 ], [ 612736.747333882027306, 1558311.653030575020239 ], [ 612319.642370325280353, 1560588.460242028115317 ], [ 607207.740790233016014, 1562436.798044051975012 ] ] ] ] } },
{ "type": "Feature", "properties": { "site_id": 352643, "name_eng": "Foret de Sagna", "desig_eng": "Forest Reserve", "iucn_cat": "Not Reported", "realm": "Terrestrial", "gis_area": 22.68300583, "gov_type": "Federal or national ministry or agency", "mang_auth": "Not Reported" }, "geometry": { "type": "MultiPolygon", "coordinates": [ [ [ [ 456465.048874173371587, 1562728.429664596449584 ], [ 454231.666022090415936, 1563154.857530550099909 ], [ 453106.177773164876271, 1562100.692595338914543 ], [ 450152.753001965698786, 1563009.933083483949304 ], [ 447485.907671052147634, 1562538.637247686972842 ], [ 447722.138752170896623, 1560901.266068488126621 ], [ 452289.202922426746227, 1560996.223288979846984 ], [ 455573.72520578262629, 1560983.618480870034546 ], [ 459708.913274407561403, 1559694.873045220738277 ], [ 459628.42754167021485, 1562024.205165504710749 ], [ 456465.048874173371587, 1562728.429664596449584 ] ] ] ] } },
{ "type": "Feature", "properties": { "site_id": 352644, "name_eng": "Foret de Malem Niani", "desig_eng": "Forest Reserve", "iucn_cat": "Not Reported", "realm": "Terrestrial", "gis_area": 434.08154865, "gov_type": "Federal or national ministry or agency", "mang_auth": "Not Reported" }, "geometry": { "type": "MultiPolygon", "coordinates": [ [ [ [ 567698.775292056263424, 1553803.894807365955785 ], [ 566024.169584991410375, 1555871.073880271287635 ], [ 566109.218164749559946, 1560940.196634769672528 ], [ 561210.295214477460831, 1560280.876137125305831 ], [ 557309.218780486960895, 1559334.972519728122279 ], [ 557781.353622985072434, 1557732.331784478854388 ], [ 558634.406477683922276, 1555764.486444716574624 ], [ 560182.49606400472112, 1553517.374072153121233 ], [ 552718.920138892484829, 1552770.880291339941323 ], [ 550733.620699525461532, 1548256.624305691802874 ], [ 554533.549086829298176, 1547400.665881267283112 ], [ 559283.366591545403935, 1546421.361352744279429 ], [ 560151.619907701155171, 1547833.539833116810769 ], [ 562281.653958665556274, 1547688.221402590628713 ], [ 562086.593907906091772, 1544845.314064200501889 ], [ 561509.438991005299613, 1540951.90374441165477 ], [ 558808.768225679639727, 1542861.165080131497234 ], [ 552033.183598087867722, 1543269.018038703827187 ], [ 548415.746079863281921, 1543306.175044531002641 ], [ 550460.551067970111035, 1538295.595186083577573 ], [ 552499.130829046946019, 1535128.824011830613017 ], [ 553142.670878892764449, 1534286.27857977268286 ], [ 555476.987261323723942, 1534603.078066464047879 ], [ 555573.832058834610507, 1536293.231650283560157 ], [ 562597.367097462993115, 1538241.511929163243622 ], [ 566528.173551457701251, 1536823.51710762665607 ], [ 570508.718167864368297, 1535559.97556078992784 ], [ 569927.526317132636905, 1533125.17039689864032 ], [ 575606.872980347718112, 1530638.245945308124647 ], [ 575514.253865026170388, 1534964.728843841468915 ], [ 575039.225765652139671, 1538906.315356246428564 ], [ 571285.46546228392981, 1541067.860356267308816 ], [ 572022.715660577756353, 1542811.899371871957555 ], [ 573140.433717324049212, 1545939.581977082649246 ], [ 578473.695948941982351, 1547035.969862381694838 ], [ 580596.844192565069534, 1548811.134585342137143 ], [ 578299.350106604862958, 1552822.243213074281812 ], [ 574705.088693295139819, 1553447.426535826409236 ], [ 571349.614182292018086, 1551769.91858929512091 ], [ 571711.850078642019071, 1550824.174459025030956 ], [ 568582.887645722366869, 1550658.520175585756078 ], [ 567698.775292056263424, 1553803.894807365955785 ] ] ] ] } },
{ "type": "Feature", "properties": { "site_id": 352645, "name_eng": "Foret de Wélor", "desig_eng": "Forest Reserve", "iucn_cat": "Not Reported", "realm": "Terrestrial", "gis_area": 47.21963098, "gov_type": "Federal or national ministry or agency", "mang_auth": "Not Reported" }, "geometry": { "type": "MultiPolygon", "coordinates": [ [ [ [ 367893.589112627436407, 1555588.603948541916907 ], [ 368963.613633502391167, 1557666.059067419031635 ], [ 368062.476391507312655, 1558584.453090560156852 ], [ 367338.724331211007666, 1559964.355864171171561 ], [ 363495.05429845827166, 1558745.766717479331419 ], [ 361418.198766556568444, 1558250.359596415655687 ], [ 359554.15974936686689, 1555835.709935513790697 ], [ 359724.252696542360354, 1551228.384496461832896 ], [ 361386.197348684770986, 1552771.348144073504955 ], [ 361890.650048944400623, 1555180.197179367998615 ], [ 363378.610543253365904, 1555159.998272443655878 ], [ 364869.914724112139083, 1554346.708052782574669 ], [ 363825.210265111643821, 1552243.809506984893233 ], [ 365597.780018546967767, 1551891.479171380633488 ], [ 366649.04891982517438, 1551973.352522507542744 ], [ 366637.325225635082461, 1550970.079831345472485 ], [ 367542.65936683525797, 1553308.31566252768971 ], [ 367893.589112627436407, 1555588.603948541916907 ] ] ] ] } },
{ "type": "Feature", "properties": { "site_id": 352646, "name_eng": "Foret de Malem-Hodar", "desig_eng": "Forest Reserve", "iucn_cat": "Not Reported", "realm": "Terrestrial", "gis_area": 42.03719179, "gov_type": "Federal or national ministry or agency", "mang_auth": "Not Reported" }, "geometry": { "type": "MultiPolygon", "coordinates": [ [ [ [ 480447.427639805129729, 1557934.050775026902556 ], [ 480042.353269521321636, 1556216.803926675114781 ], [ 479869.387450844282284, 1554552.466598138213158 ], [ 479776.341780566144735, 1551581.92989635723643 ], [ 482522.22378816048149, 1551694.920455077895895 ], [ 485191.193789999058936, 1551424.483868727926165 ], [ 486572.822971440618858, 1552608.198739854851738 ], [ 486974.572214219952002, 1554913.912310005631298 ], [ 486775.194282146170735, 1557661.219671471277252 ], [ 486657.511358991905581, 1557625.890445293160155 ], [ 484424.210764763876796, 1557899.228110400727019 ], [ 482782.298530492873397, 1557867.109040734125301 ], [ 480447.427639805129729, 1557934.050775026902556 ] ] ] ] } },
{ "type": "Feature", "properties": { "site_id": 352647, "name_eng": "Foret de Bala- Ouest", "desig_eng": "Forest Reserve", "iucn_cat": "Not Reported", "realm": "Terrestrial", "gis_area": 199.54367534, "gov_type": "Federal or national ministry or agency", "mang_auth": "Not Reported" }, "geometry": { "type": "MultiPolygon", "coordinates": [ [ [ [ 691209.727687389706261, 1541471.415668640984222 ], [ 694769.028442193171941, 1543405.752180144190788 ], [ 693965.948947015916929, 1545425.658490005182102 ], [ 691743.524113966617733, 1549999.733620307641104 ], [ 689830.345337515464053, 1554191.164399179629982 ], [ 687914.801348934299313, 1557609.23120219563134 ], [ 687510.627417997806333, 1557203.491218962706625 ], [ 682463.411781415576115, 1555134.231875529512763 ], [ 678030.266743724234402, 1553504.07123487140052 ], [ 678447.120995759498328, 1551508.798288617515936 ], [ 679662.897780423751101, 1548824.300545654958114 ], [ 680568.799085999373347, 1546447.446937242522836 ], [ 682399.973389331600629, 1543894.61243129032664 ], [ 678557.145057618268766, 1542393.835570433875546 ], [ 679875.884877740871161, 1539249.760611513629556 ], [ 682568.298055386636406, 1539824.150823716074228 ], [ 684294.612625926267356, 1537962.160675854422152 ], [ 686445.528350734501146, 1539148.264530761400238 ], [ 691209.727687389706261, 1541471.415668640984222 ] ] ] ] } },
{ "type": "Feature", "properties": { "site_id": 352648, "name_eng": "Foret de Maka Yop-ouest", "desig_eng": "Forest Reserve", "iucn_cat": "Not Reported", "realm": "Terrestrial", "gis_area": 144.7205776, "gov_type": "Federal or national ministry or agency", "mang_auth": "Not Reported" }, "geometry": { "type": "MultiPolygon", "coordinates": [ [ [ [ 504159.524298683158122, 1549451.929018637631088 ], [ 503948.707070699078031, 1551064.374556945171207 ], [ 504174.156099314859603, 1552422.521854857215658 ], [ 501861.333329386718106, 1553591.242285428568721 ], [ 500209.446148457645904, 1554543.402910786913708 ], [ 499324.11170784762362, 1552787.154063789406791 ], [ 498738.840299641597085, 1551222.251522438134998 ], [ 499414.715577914786991, 1548844.429699891014025 ], [ 496436.547598517441656, 1549472.852006582776085 ], [ 496406.492319990938995, 1550752.443273110315204 ], [ 492247.328712562099099, 1551247.729109290987253 ], [ 489502.605555583140813, 1551313.962027036119252 ], [ 489878.554302378557622, 1546348.08224697667174 ], [ 490528.838805909384973, 1543816.315028758021072 ], [ 492486.392585709400009, 1541698.88400521571748 ], [ 496025.097665479639545, 1542301.938901795540005 ], [ 498208.023907836119179, 1541875.904573869425803 ], [ 500851.160458563943394, 1541911.246409573126584 ], [ 503671.379514915053733, 1542332.860187315382063 ], [ 506747.339865394111257, 1543343.214043910149485 ], [ 506406.643674386665225, 1545211.073062560986727 ], [ 505655.598792938049883, 1547179.486480358988047 ], [ 504159.524298683158122, 1549451.929018637631088 ] ] ] ] } },
{ "type": "Feature", "properties": { "site_id": 352649, "name_eng": "Foret de Maka Yop-est", "desig_eng": "Forest Reserve", "iucn_cat": "Not Reported", "realm": "Terrestrial", "gis_area": 60.36576731, "gov_type": "Federal or national ministry or agency", "mang_auth": "Not Reported" }, "geometry": { "type": "MultiPolygon", "coordinates": [ [ [ [ 514104.147065212135203, 1552616.305997362360358 ], [ 512232.141521430225112, 1552198.393448567716405 ], [ 509537.076903628418222, 1552418.434134534792975 ], [ 506998.772066031408031, 1552074.765008599963039 ], [ 508190.823832940950524, 1548598.002270403318107 ], [ 508814.659156023233663, 1546423.909510563127697 ], [ 509207.54136766132433, 1544044.04440285009332 ], [ 511954.296097198035568, 1543722.240744988434017 ], [ 514801.186455241055228, 1544066.57044206536375 ], [ 516441.555372830189299, 1544457.970737570431083 ], [ 516537.470245894859545, 1546455.382584573701024 ], [ 516172.422266178939026, 1548194.814716281602159 ], [ 514577.995110402873252, 1549084.149044908350334 ], [ 514109.415313359582797, 1550899.864313147263601 ], [ 514104.147065212135203, 1552616.305997362360358 ] ] ] ] } },
{ "type": "Feature", "properties": { "site_id": 352650, "name_eng": "Khogue", "desig_eng": "Forest Reserve", "iucn_cat": "Not Reported", "realm": "Terrestrial", "gis_area": 58.52421238, "gov_type": "Federal or national ministry or agency", "mang_auth": "Not Reported" }, "geometry": { "type": "MultiPolygon", "coordinates": [ [ [ [ 536865.165538112982176, 1544641.785081917885691 ], [ 536719.269244824419729, 1544703.509816760197282 ], [ 536771.887118282960728, 1541902.172515188809484 ], [ 536086.913567809155211, 1539697.01532368734479 ], [ 537814.356167099322192, 1537425.636416449677199 ], [ 539077.81233722041361, 1535663.510970844421536 ], [ 541618.445925280335359, 1535341.226671016775072 ], [ 543723.290135614573956, 1535272.821194016374648 ], [ 543861.562121261958964, 1539729.008569174678996 ], [ 543692.509436584310606, 1543849.576826897216961 ], [ 540381.384176899679005, 1544246.722356571815908 ], [ 538534.501767440931872, 1544212.912615574896336 ], [ 536865.165538112982176, 1544641.785081917885691 ] ] ] ] } },
{ "type": "Feature", "properties": { "site_id": 352651, "name_eng": "Foret du Ouli", "desig_eng": "Forest Reserve", "iucn_cat": "Not Reported", "realm": "Terrestrial", "gis_area": 140.08237075, "gov_type": "Federal or national ministry or agency", "mang_auth": "Not Reported" }, "geometry": { "type": "MultiPolygon", "coordinates": [ [ [ [ 620294.57393879594747, 1535985.302326877135783 ], [ 621435.407144566532224, 1537425.333685277262703 ], [ 616845.089621788356453, 1540545.54236248251982 ], [ 612945.484688566648401, 1543095.439746163785458 ], [ 611954.530375890084542, 1543665.177610055543482 ], [ 610694.746137334150262, 1541205.221008789492771 ], [ 608984.845310563920066, 1537305.489424312021583 ], [ 606945.11256118863821, 1536975.062868744367734 ], [ 603315.512170623871498, 1536194.834147966932505 ], [ 601995.195544345653616, 1533705.296499432297423 ], [ 600524.663132725050673, 1533645.331561846425757 ], [ 600824.69301153474953, 1530975.305773046799004 ], [ 603554.471379056107253, 1529955.211617318447679 ], [ 605324.88673254090827, 1529414.836478663142771 ], [ 605894.913483096868731, 1531424.730306465644389 ], [ 607035.152856535278261, 1531155.110825610114262 ], [ 609645.045632345136255, 1530434.90304604684934 ], [ 611055.278877689503133, 1529985.197076777229086 ], [ 612315.106863843044266, 1534064.473719312576577 ], [ 615855.10330601548776, 1532445.253067349782214 ], [ 616754.564519785228185, 1532145.113642251119018 ], [ 617384.644960569916293, 1532384.680631190538406 ], [ 617986.630828807246871, 1532857.531172519316897 ], [ 620294.57393879594747, 1535985.302326877135783 ] ] ] ] } },
{ "type": "Feature", "properties": { "site_id": 352652, "name_eng": "Foret de Botou", "desig_eng": "Forest Reserve", "iucn_cat": "Not Reported", "realm": "Terrestrial", "gis_area": 95.48645315, "gov_type": "Federal or national ministry or agency", "mang_auth": "Not Reported" }, "geometry": { "type": "MultiPolygon", "coordinates": [ [ [ [ 646197.429720603162423, 1529052.461775689385831 ], [ 645418.428731194580905, 1531865.677474420983344 ], [ 644972.074536612024531, 1534552.448113776976243 ], [ 642456.365868957364, 1535080.494322564918548 ], [ 640569.778492290759459, 1536199.603938495041803 ], [ 638682.341146205901168, 1535500.206644502235577 ], [ 637864.622373012593016, 1534013.494225251022726 ], [ 638417.132027611252852, 1530942.27723608375527 ], [ 639446.932648477959447, 1529794.021912583615631 ], [ 640658.768381406669505, 1528185.493080564541742 ], [ 640612.072188912890851, 1526829.013566319597885 ], [ 646049.847093160380609, 1527234.071276268921793 ], [ 647084.361798200174235, 1524959.943759484216571 ], [ 647396.137801865581423, 1523937.326986116357148 ], [ 648146.245840914547443, 1522275.581114216474816 ], [ 650149.229607157525606, 1521643.219011616194621 ], [ 653176.922718566609547, 1521655.323917730711401 ], [ 652447.578620085958391, 1524879.13063556724228 ], [ 651670.914457890437916, 1526975.383679930120707 ], [ 653050.004162651719525, 1528695.994616921059787 ], [ 651506.22403623489663, 1529995.637338005471975 ], [ 647997.139353908831254, 1528137.854174335254356 ], [ 646197.429720603162423, 1529052.461775689385831 ] ] ] ] } },
{ "type": "Feature", "properties": { "site_id": 352653, "name_eng": "Foret de Ndankou", "desig_eng": "Forest Reserve", "iucn_cat": "Not Reported", "realm": "Terrestrial", "gis_area": 34.40098449, "gov_type": "Federal or national ministry or agency", "mang_auth": "Not Reported" }, "geometry": { "type": "MultiPolygon", "coordinates": [ [ [ [ 468964.540973032126203, 1525423.643114954466 ], [ 466650.091467164282221, 1526847.656902028713375 ], [ 464491.030572087911423, 1527914.448375731473789 ], [ 463580.348968054691795, 1528966.368007503915578 ], [ 463513.875642376660835, 1528576.059744491940364 ], [ 462623.489509299572092, 1526421.824440377065912 ], [ 459801.401686278404668, 1526385.122635192470625 ], [ 459500.096108674886636, 1524463.439824207453057 ], [ 459482.534081356076058, 1522210.63847328023985 ], [ 464813.261420782248024, 1524049.817853351589292 ], [ 467686.543344935169443, 1524214.190420590341091 ], [ 470204.831249122740701, 1523073.16513017588295 ], [ 471406.873412455664948, 1524076.011524771573022 ], [ 468964.540973032126203, 1525423.643114954466 ] ] ] ] } },
{ "type": "Feature", "properties": { "site_id": 352654, "name_eng": "Foret de Tamba-sud", "desig_eng": "Forest Reserve", "iucn_cat": "Not Reported", "realm": "Terrestrial", "gis_area": 93.5204196, "gov_type": "Federal or national ministry or agency", "mang_auth": "Not Reported" }, "geometry": { "type": "MultiPolygon", "coordinates": [ [ [ [ 617525.423129271366633, 1525174.426068068481982 ], [ 617376.826055404380895, 1525283.261113843880594 ], [ 617269.911396208568476, 1525019.518899378599599 ], [ 616896.66320158704184, 1521714.936992009636015 ], [ 617034.037394331069663, 1519053.107881166739389 ], [ 619092.384377883397974, 1517499.461468698224053 ], [ 619947.743458512239158, 1515147.313636854989454 ], [ 623154.781518185161985, 1515058.242709927959368 ], [ 626155.224337507970631, 1515658.805974793154746 ], [ 627588.699205410201102, 1516663.519500250928104 ], [ 629099.416035002679564, 1517334.641410661162809 ], [ 629862.429026273777708, 1519385.946747939102352 ], [ 628902.460635456372984, 1522173.154220235534012 ], [ 626362.097085878718644, 1522291.223228265997022 ], [ 623711.97746702178847, 1524353.631597672589123 ], [ 621429.307674959418364, 1524216.764673924306408 ], [ 617525.423129271366633, 1525174.426068068481982 ] ] ] ] } },
{ "type": "Feature", "properties": { "site_id": 352655, "name_eng": "Foret de Ngayene", "desig_eng": "Forest Reserve", "iucn_cat": "Not Reported", "realm": "Terrestrial", "gis_area": 22.28713913, "gov_type": "Federal or national ministry or agency", "mang_auth": "Not Reported" }, "geometry": { "type": "MultiPolygon", "coordinates": [ [ [ [ 453931.047084844962228, 1517630.147124968701974 ], [ 454980.855308929458261, 1519489.639299666741863 ], [ 453869.985101148311514, 1520395.149323357501999 ], [ 451583.773142952588387, 1521129.232514972565696 ], [ 450174.26117490400793, 1520661.856335442280397 ], [ 450023.944082737143617, 1519509.729824420530349 ], [ 448280.644998030969873, 1519246.592152836034074 ], [ 448210.63063047605101, 1517198.483698532450944 ], [ 449749.41839959518984, 1517306.073253904469311 ], [ 450855.988568178843707, 1516414.775044850539416 ], [ 452451.854096432449296, 1515191.951223489362746 ], [ 452550.089316508616321, 1516293.305827022530138 ], [ 453931.047084844962228, 1517630.147124968701974 ] ] ] ] } },
{ "type": "Feature", "properties": { "site_id": 352656, "name_eng": "Foret de Patako", "desig_eng": "Forest Reserve", "iucn_cat": "Not Reported", "realm": "Terrestrial", "gis_area": 42.94144762, "gov_type": "Federal or national ministry or agency", "mang_auth": "Not Reported" }, "geometry": { "type": "MultiPolygon", "coordinates": [ [ [ [ 370032.56069072871469, 1516755.995799376862124 ], [ 373363.001173209631816, 1518229.633009388577193 ], [ 373328.870279361610301, 1518327.140625181375071 ], [ 373131.456439515692182, 1518203.103671037359163 ], [ 368106.350733616622165, 1517158.343147679930553 ], [ 365545.905416534398682, 1515560.792284141760319 ], [ 364002.293046460254118, 1516962.578873208956793 ], [ 362592.709965748945251, 1516265.307938772486523 ], [ 360928.466847407165915, 1515286.27141598216258 ], [ 361292.660705519956537, 1514007.779993358999491 ], [ 361479.491039643064141, 1511908.329465669579804 ], [ 361255.561809538165107, 1510064.373821699991822 ], [ 363464.212994096102193, 1509381.333139819791541 ], [ 364798.926637604599819, 1509131.065824045334011 ], [ 365076.064475366787519, 1510642.898825277108699 ], [ 365969.903707379940897, 1511977.901598467025906 ], [ 366246.698916274297517, 1513438.858573010424152 ], [ 367835.076915627578273, 1513982.774069000268355 ], [ 369887.434692351846024, 1514323.145910633262247 ], [ 370032.56069072871469, 1516755.995799376862124 ] ] ] ] } },
{ "type": "Feature", "properties": { "site_id": 352657, "name_eng": "Foret de Fathala", "desig_eng": "Forest Reserve", "iucn_cat": "Not Reported", "realm": "Terrestrial", "gis_area": 72.19140682, "gov_type": "Federal or national ministry or agency", "mang_auth": "Not Reported" }, "geometry": { "type": "MultiPolygon", "coordinates": [ [ [ [ 341720.936770232859999, 1505146.87822050251998 ], [ 343773.620721507584676, 1505334.855205287458375 ], [ 343431.805432445253246, 1507535.046997675672174 ], [ 343752.051163004245609, 1511350.888288215035573 ], [ 344180.093113990675192, 1513657.133217169437557 ], [ 344123.272443280438893, 1515376.622947223484516 ], [ 342838.854295881348662, 1515648.712393739493564 ], [ 340660.830997207085602, 1514821.114428053610027 ], [ 339998.407372682064306, 1513332.767697695177048 ], [ 338231.904842870309949, 1512276.040794072905555 ], [ 336718.059647199581377, 1512206.881936915451661 ], [ 336728.28440547036007, 1512111.675805876497179 ], [ 335733.523646361834835, 1509598.821921639842913 ], [ 335763.862458848336246, 1507702.418604112463072 ], [ 334974.095117928343825, 1505472.616476749302819 ], [ 335200.09581439383328, 1504756.525465892860666 ], [ 334594.140960735734552, 1504760.323510091518983 ], [ 335054.044989950605668, 1504070.421861502109095 ], [ 337412.44367821054766, 1504668.655192068777978 ], [ 339414.355421648011543, 1504498.176169976824895 ], [ 341720.936770232859999, 1505146.87822050251998 ] ] ] ] } },
{ "type": "Feature", "properties": { "site_id": 352658, "name_eng": "Foret de Diambour", "desig_eng": "Forest Reserve", "iucn_cat": "Not Reported", "realm": "Terrestrial", "gis_area": 1273.613287, "gov_type": "Federal or national ministry or agency", "mang_auth": "Not Reported" }, "geometry": { "type": "MultiPolygon", "coordinates": [ [ [ [ 706041.40689550654497, 1490221.63966958434321 ], [ 708194.813694417010993, 1490844.778738899622113 ], [ 708982.283709902781993, 1493024.191536178812385 ], [ 710157.339901686646044, 1494642.380130090052262 ], [ 712745.228767712716945, 1495446.452430778648704 ], [ 718180.221252298215404, 1496825.173177502350882 ], [ 721173.507646969053894, 1499346.524777455721051 ], [ 722056.136261798674241, 1500861.144648448564112 ], [ 719568.331933461828157, 1503206.283300500130281 ], [ 715382.68863553495612, 1504366.881851961370558 ], [ 711784.472513524699025, 1505889.122447545640171 ], [ 709009.082214590744115, 1507158.282966979779303 ], [ 705544.300650101620704, 1507502.771167494589463 ], [ 703845.074188867700286, 1509057.48157624900341 ], [ 702966.414428420597687, 1510872.002397597068921 ], [ 700395.108962214086205, 1512474.366871788632125 ], [ 697825.452522766077891, 1513616.654875776264817 ], [ 695569.680718477931805, 1512890.457947622518986 ], [ 693522.932146242121235, 1511243.224382255226374 ], [ 692143.157214167527854, 1509650.849501845659688 ], [ 691612.83915379748214, 1507292.448636116692796 ], [ 689514.928750552469864, 1505440.561610862612724 ], [ 688805.677655270206742, 1502929.400765959173441 ], [ 686476.130462607601658, 1501460.103651594137773 ], [ 683706.623885734123178, 1500962.723552965093404 ], [ 681377.864544826210476, 1499160.919169820845127 ], [ 680205.651781422202475, 1496929.082024666247889 ], [ 678935.42195265146438, 1493467.48689921037294 ], [ 680066.717354020220228, 1492678.545913158915937 ], [ 680255.004060024046339, 1490297.798683055909351 ], [ 677207.521689748391509, 1488595.665141918230802 ], [ 673671.311551376595162, 1487224.856793974759057 ], [ 671442.539400574285537, 1486421.622963782632723 ], [ 672167.840968312113546, 1484274.485368062276393 ], [ 673301.908765945350751, 1483075.9145911578089 ], [ 674585.356822485569865, 1482901.71717059542425 ], [ 675028.372915311250836, 1480906.563247054815292 ], [ 676213.811163891106844, 1479348.859506192151457 ], [ 677937.538424681173638, 1478152.107516071293503 ], [ 682133.499291212880053, 1474405.318824446760118 ], [ 683364.76086760009639, 1474334.022894961293787 ], [ 686134.029383053071797, 1474805.551859731553122 ], [ 686938.901668822625652, 1472326.170235653175041 ], [ 688764.91317860269919, 1471053.259868767578155 ], [ 690433.62283949367702, 1470598.085479769390076 ], [ 692622.10340076033026, 1468687.339993100380525 ], [ 695958.327961399802007, 1468316.335088267689571 ], [ 699404.936434532282874, 1466076.626918410649523 ], [ 701669.645305109792389, 1464115.037608380895108 ], [ 704108.957682931562886, 1463484.898629882605746 ], [ 708482.07769601198379, 1467675.333826843416318 ], [ 709298.033692203694955, 1468958.560912643559277 ], [ 711759.889920447254553, 1469583.023612456396222 ], [ 712731.588433402124792, 1470329.831677967915311 ], [ 712209.343739492702298, 1473066.617210352560505 ], [ 711740.800885332515463, 1474908.635286557720974 ], [ 711144.983599762315862, 1476544.94454887509346 ], [ 709708.300099170883186, 1476539.22493771254085 ], [ 709112.153949656407349, 1478098.098240669816732 ], [ 709981.612621236592531, 1478997.857675660867244 ], [ 708875.721693359082565, 1479659.776728212134913 ], [ 708613.802569869440049, 1481296.500272720353678 ], [ 707326.533861989853904, 1482315.564374100184068 ], [ 707863.056034214328974, 1483111.996528394985944 ], [ 706475.081729213474318, 1483720.892584706190974 ], [ 706547.306619508657604, 1485027.138838670914993 ], [ 706540.623168478137814, 1486870.544120179722086 ], [ 708000.981168409110978, 1487515.931889117695391 ], [ 706407.230680197360925, 1488431.914145931834355 ], [ 705227.00526510970667, 1488400.66714611905627 ], [ 706041.40689550654497, 1490221.63966958434321 ] ] ] ] } },
{ "type": "Feature", "properties": { "site_id": 352659, "name_eng": "Foret de Pane", "desig_eng": "Forest Reserve", "iucn_cat": "Not Reported", "realm": "Terrestrial", "gis_area": 16.35742875, "gov_type": "Federal or national ministry or agency", "mang_auth": "Not Reported" }, "geometry": { "type": "MultiPolygon", "coordinates": [ [ [ [ 401751.687784673296846, 1507691.530993768712506 ], [ 401562.633911581302527, 1510354.522599634714425 ], [ 401252.370687182527035, 1512693.903659509727731 ], [ 400479.648290384560823, 1511987.840503928251565 ], [ 398789.633414027048275, 1510983.36567360511981 ], [ 398590.675163825973868, 1509318.394936165539548 ], [ 398726.050887601624709, 1507116.799778726417571 ], [ 399704.385313867474906, 1506378.624373949598521 ], [ 401094.007254331023432, 1505103.609035121044144 ], [ 401751.687784673296846, 1507691.530993768712506 ] ] ] ] } },
{ "type": "Feature", "properties": { "site_id": 352660, "name_eng": "Foret de Mambi", "desig_eng": "Forest Reserve", "iucn_cat": "Not Reported", "realm": "Terrestrial", "gis_area": 19.59193981, "gov_type": "Federal or national ministry or agency", "mang_auth": "Not Reported" }, "geometry": { "type": "MultiPolygon", "coordinates": [ [ [ [ 413845.406460370635614, 1505461.392051613889635 ], [ 414251.590357695822604, 1506615.859696845524013 ], [ 413171.954965987999458, 1507250.942472975701094 ], [ 411501.419137065298855, 1507781.877189939608797 ], [ 411399.88436273613479, 1509427.995093610137701 ], [ 409493.985471662133932, 1509719.854326760629192 ], [ 407548.578531458566431, 1508304.263872873969376 ], [ 408016.812592028814834, 1506411.292048595380038 ], [ 410381.958936278533656, 1505268.339260820997879 ], [ 412025.42435375507921, 1504686.555936475051567 ], [ 413845.406460370635614, 1505461.392051613889635 ] ] ] ] } },
{ "type": "Feature", "properties": { "site_id": 352661, "name_eng": "Foret de Baria", "desig_eng": "Forest Reserve", "iucn_cat": "Not Reported", "realm": "Terrestrial", "gis_area": 53.60007614, "gov_type": "Federal or national ministry or agency", "mang_auth": "Not Reported" }, "geometry": { "type": "MultiPolygon", "coordinates": [ [ [ [ 375431.833116419031285, 1506203.610951693030074 ], [ 375396.653525837347843, 1508596.363168865442276 ], [ 370493.060635899193585, 1509717.39276230498217 ], [ 369674.929880374809727, 1508996.90393673744984 ], [ 368087.681162551394664, 1507864.367085772333667 ], [ 366217.529233153443784, 1507293.077104507479817 ], [ 365890.65764309570659, 1505141.015971563290805 ], [ 364299.312440965790302, 1505391.422665633494034 ], [ 364128.79892664484214, 1502957.595398649573326 ], [ 367846.912156636943109, 1503434.264211071655154 ], [ 371695.67887383379275, 1503449.542836831184104 ], [ 375135.015690840547904, 1503155.387227220926434 ], [ 375431.833116419031285, 1506203.610951693030074 ] ] ] ] } },
{ "type": "Feature", "properties": { "site_id": 352662, "name_eng": "Foret de Pata", "desig_eng": "Forest Reserve", "iucn_cat": "Not Reported", "realm": "Terrestrial", "gis_area": 636.8059046699999, "gov_type": "Federal or national ministry or agency", "mang_auth": "Not Reported" }, "geometry": { "type": "MultiPolygon", "coordinates": [ [ [ [ 494510.553735993336886, 1484662.619156281230971 ], [ 492068.785915111016948, 1485984.784236347535625 ], [ 488350.242947795428336, 1485354.678615025710315 ], [ 487307.655949549225625, 1482765.13322031009011 ], [ 485918.164696618798189, 1483834.129407244734466 ], [ 485346.56012359901797, 1485777.507698857225478 ], [ 482220.625114164256956, 1484536.370831436244771 ], [ 480116.242466853640508, 1484605.314842886524275 ], [ 479607.539693346130662, 1483297.412972414400429 ], [ 477559.536817698390223, 1482290.468253386672586 ], [ 477393.81583425286226, 1478346.956372534157708 ], [ 476650.944057391607203, 1470765.547012501163408 ], [ 476762.46402304735966, 1468205.303173713386059 ], [ 474027.624442861881107, 1465044.934415206080303 ], [ 472268.415504765580408, 1461965.658742466708645 ], [ 472407.356010933639482, 1459021.634182770969346 ], [ 473468.81942588678794, 1456363.127987592248246 ], [ 474454.3191205348121, 1453371.871809961972758 ], [ 476710.977852816227823, 1453636.371284382184967 ], [ 479247.785506301850546, 1454671.641794058261439 ], [ 482150.426406760234386, 1453658.813437744276598 ], [ 483605.113712861668319, 1455917.21347718173638 ], [ 486273.126657572924159, 1455927.903656514361501 ], [ 489785.595420962024946, 1456684.993518998846412 ], [ 492402.658225870400202, 1456925.219282710459083 ], [ 493469.623302373918705, 1459720.605512503301725 ], [ 494768.254399363300763, 1462696.251293301349506 ], [ 496187.109451625612564, 1467540.89360243617557 ], [ 498766.395639282825869, 1471237.634414730593562 ], [ 501365.487568668206222, 1476164.384288887260482 ], [ 501993.253783943888266, 1480109.148590391967446 ], [ 500392.982072270300705, 1482740.005966743221506 ], [ 496901.664082682575099, 1483186.965453065931797 ], [ 493930.778262811945751, 1481894.679773365380242 ], [ 492183.545771245087963, 1482348.551444229669869 ], [ 494510.553735993336886, 1484662.619156281230971 ] ] ] ] } },
{ "type": "Feature", "properties": { "site_id": 352663, "name_eng": "Foret de Kantora", "desig_eng": "Forest Reserve", "iucn_cat": "Not Reported", "realm": "Terrestrial", "gis_area": 225.34156661, "gov_type": "Federal or national ministry or agency", "mang_auth": "Not Reported" }, "geometry": { "type": "MultiPolygon", "coordinates": [ [ [ [ 640995.250383715960197, 1475673.757428559940308 ], [ 640795.503967398311943, 1476171.596957068191841 ], [ 640713.463348277378827, 1476738.636908384505659 ], [ 642206.103597536333837, 1478359.31744150002487 ], [ 642646.792739689117298, 1479196.829427297925577 ], [ 643918.021146734827198, 1480053.180261978879571 ], [ 644262.943466595490463, 1480358.132850043475628 ], [ 644150.539255682379007, 1480919.475538841448724 ], [ 643633.163940868107602, 1481269.57165913307108 ], [ 639660.312807788024656, 1480549.448232661467046 ], [ 637092.309545943280682, 1479969.824464323930442 ], [ 635878.555915317963809, 1479916.077486868947744 ], [ 635678.281880658119917, 1478188.345723057631403 ], [ 634819.914671804872341, 1474420.878679815446958 ], [ 633123.358275279169902, 1475131.425536372931674 ], [ 631457.576300947577693, 1474663.075063566211611 ], [ 632077.506773057859391, 1473488.069950868375599 ], [ 630360.475835943012498, 1472841.459876168519258 ], [ 629689.947887482820079, 1473965.372371885925531 ], [ 628304.336006823694333, 1473780.643498076125979 ], [ 627668.567782949889079, 1472394.963151033269241 ], [ 627109.158267492079176, 1470882.460884815780446 ], [ 628967.620358203654177, 1467587.282277303747833 ], [ 631083.319400962209329, 1464292.335190860554576 ], [ 633121.432627342524938, 1461228.31547783059068 ], [ 632416.095882631605491, 1457410.922322164988145 ], [ 634620.366246492252685, 1458136.2981519959867 ], [ 638001.213299945229664, 1459788.128480400657281 ], [ 638099.310757118626498, 1461171.321007487829775 ], [ 639865.295504874084145, 1462535.41014414653182 ], [ 641858.716439013835043, 1464719.391092345351353 ], [ 643568.190925359609537, 1467261.55493948678486 ], [ 642717.653943292913027, 1468487.124338350258768 ], [ 641455.374622623668984, 1469941.743712134892121 ], [ 642506.10844735277351, 1471000.356345308711752 ], [ 642350.381975067197345, 1471357.936577483778819 ], [ 642570.177045161835849, 1471996.259148410288617 ], [ 643163.436467868858017, 1472480.595038660801947 ], [ 643701.174544588080607, 1473012.216067518573254 ], [ 644312.797972157015465, 1474306.412172041134909 ], [ 645177.590854838956147, 1476446.023752777604386 ], [ 644914.765820144326426, 1476776.463559589348733 ], [ 641537.418503496679477, 1475563.77644331054762 ], [ 640995.250383715960197, 1475673.757428559940308 ] ] ] ] } },
{ "type": "Feature", "properties": { "site_id": 352664, "name_eng": "Foret du Guimara", "desig_eng": "Forest Reserve", "iucn_cat": "Not Reported", "realm": "Terrestrial", "gis_area": 494.99919204999998, "gov_type": "Federal or national ministry or agency", "mang_auth": "Not Reported" }, "geometry": { "type": "MultiPolygon", "coordinates": [ [ [ [ 514793.217263456142973, 1473759.783445238834247 ], [ 513479.952580865123309, 1475189.014499495970085 ], [ 513318.769578884472139, 1477031.35561527335085 ], [ 511580.500977786898147, 1475283.236038938863203 ], [ 509307.463076579966582, 1472253.314514484489337 ], [ 507160.422757602646016, 1470043.091024637920782 ], [ 504634.188845214026514, 1466217.276725813746452 ], [ 505563.994176996638998, 1464429.236503980122507 ], [ 504103.775539805006701, 1463680.292827310273424 ], [ 501964.445379128330387, 1459395.869180811569095 ], [ 504900.319920124602504, 1456157.121292424853891 ], [ 509375.769531776953954, 1453229.93098240881227 ], [ 512204.215464966720901, 1451295.765436385991052 ], [ 513496.337172372615896, 1448766.130913238041103 ], [ 514067.483625781489536, 1446847.727904646191746 ], [ 517427.917735070921481, 1446963.562293123453856 ], [ 520760.607308643055148, 1447899.242272838251665 ], [ 523416.729017522302456, 1451315.234035883331671 ], [ 527237.728272686479613, 1452022.115952948108315 ], [ 528803.054181351908483, 1451771.579026631778106 ], [ 530307.639764462132007, 1454518.019859244814143 ], [ 531299.510353451245464, 1457133.466000095475465 ], [ 532134.784242788911797, 1459147.165109374094754 ], [ 528233.605146332993172, 1460551.739910170203075 ], [ 524302.422735514119267, 1462046.41853243438527 ], [ 521345.410592328640632, 1463826.624096326297149 ], [ 522059.322883950197138, 1465186.335352726979181 ], [ 523516.116564346186351, 1466729.175931988982484 ], [ 522761.821495077805594, 1469721.079572215210646 ], [ 523114.291181075561326, 1471719.733488854952157 ], [ 522492.29599573998712, 1473406.806270867120475 ], [ 521919.710431075829547, 1475683.378645287826657 ], [ 520178.177350666839629, 1474575.010913420701399 ], [ 518846.481028745067306, 1474135.003879684722051 ], [ 517666.138402412005235, 1474028.036926558474079 ], [ 515826.465050148719456, 1471742.115391481434926 ], [ 514793.217263456142973, 1473759.783445238834247 ] ] ] ] } },
{ "type": "Feature", "properties": { "site_id": 352665, "name_eng": "Foret des Narangs", "desig_eng": "Forest Reserve", "iucn_cat": "Not Reported", "realm": "Terrestrial", "gis_area": 206.36365196, "gov_type": "Federal or national ministry or agency", "mang_auth": "Not Reported" }, "geometry": { "type": "MultiPolygon", "coordinates": [ [ [ [ 350208.619909992732573, 1455791.891390277538449 ], [ 346156.25045537063852, 1455545.649882505182177 ], [ 342563.58524833235424, 1455709.969429431017488 ], [ 339637.95723031059606, 1455750.253460725769401 ], [ 336357.532225965405814, 1455563.983279429841787 ], [ 336439.693129650084302, 1453355.392618559766561 ], [ 336292.34953756374307, 1451563.027379890903831 ], [ 334209.478566323930863, 1452809.0687650218606 ], [ 332768.457063057343476, 1453853.32831663521938 ], [ 330841.648064503155183, 1454690.491149084642529 ], [ 330619.908123404951766, 1451975.928971142973751 ], [ 329703.022002895828336, 1449949.369383017765358 ], [ 328915.796841257833876, 1447693.014976184116676 ], [ 328076.764223978156224, 1445667.10456897621043 ], [ 330511.792558949149679, 1446418.620418979320675 ], [ 333406.338013451662846, 1447685.275895101483911 ], [ 335536.479780575959012, 1447566.214958273805678 ], [ 337101.457667038368527, 1447597.804508953122422 ], [ 337274.457774489885196, 1449339.125138207571581 ], [ 338962.217783025000244, 1450907.761620898265392 ], [ 339946.508335143269505, 1448274.662265828344971 ], [ 339674.434900671301875, 1445508.43960545421578 ], [ 339345.791554576426279, 1444201.678315424127504 ], [ 340967.12081086699618, 1442697.730954432627186 ], [ 344098.96880133356899, 1442249.489946956047788 ], [ 346383.199412986054085, 1442078.459217807510868 ], [ 348198.55614433484152, 1444006.448858668794855 ], [ 348520.960778578883037, 1447208.223883694270626 ], [ 347433.623614381707739, 1449789.49957546335645 ], [ 348068.320900808903389, 1451814.750738215167075 ], [ 350202.421127147972584, 1450312.926484919385985 ], [ 352236.161075927782804, 1448656.970262971241027 ], [ 354240.197071546455845, 1447691.604608134133741 ], [ 354411.577827213157434, 1450150.831298478180543 ], [ 354068.93799335078802, 1452786.47144916234538 ], [ 353495.203456161310896, 1455165.627217441331595 ], [ 350208.619909992732573, 1455791.891390277538449 ] ] ] ] } },
{ "type": "Feature", "properties": { "site_id": 352666, "name_eng": "Foret de Kandiadiou", "desig_eng": "Forest Reserve", "iucn_cat": "Not Reported", "realm": "Terrestrial", "gis_area": 37.1755773, "gov_type": "Federal or national ministry or agency", "mang_auth": "Not Reported" }, "geometry": { "type": "MultiPolygon", "coordinates": [ [ [ [ 395730.066097939678002, 1447576.527778618270531 ], [ 394979.584747975226492, 1449493.930256319697946 ], [ 394536.296723615261726, 1451489.811566369375214 ], [ 393427.986804262036458, 1452764.946491933427751 ], [ 393352.758136992168147, 1452931.145862307166681 ], [ 391557.739422515267506, 1452117.529510442167521 ], [ 389429.134635190246627, 1451673.684623962501064 ], [ 389024.180783476098441, 1450186.581634024390951 ], [ 387591.688339472108055, 1449028.859404986491427 ], [ 389958.101239411102142, 1447349.120984883978963 ], [ 391910.955105497618206, 1446307.208104563644156 ], [ 394147.338205240725074, 1445368.318855107761919 ], [ 395405.605473421048373, 1444938.783321953378618 ], [ 395730.066097939678002, 1447576.527778618270531 ] ] ] ] } },
{ "type": "Feature", "properties": { "site_id": 352667, "name_eng": "Foret d'Essom", "desig_eng": "Forest Reserve", "iucn_cat": "Not Reported", "realm": "Terrestrial", "gis_area": 35.98500417, "gov_type": "Federal or national ministry or agency", "mang_auth": "Not Reported" }, "geometry": { "type": "MultiPolygon", "coordinates": [ [ [ [ 355092.435134397936054, 1439041.265569846378639 ], [ 355675.881116955773905, 1440887.714033876778558 ], [ 354824.849944771151058, 1441985.080445725237951 ], [ 353794.537540970603004, 1443209.537318237591535 ], [ 355844.35394118365366, 1444062.633839773014188 ], [ 357817.880055091984104, 1444659.636237355647609 ], [ 357066.88363964506425, 1446423.438248903490603 ], [ 355015.240181683679111, 1446415.39633831079118 ], [ 352682.00131303537637, 1445868.094848903827369 ], [ 350531.415491559309885, 1444630.830723900347948 ], [ 348921.118365385453217, 1442678.351811152882874 ], [ 348875.811512430605944, 1441142.095859452150762 ], [ 351469.987318301049527, 1440307.19815431185998 ], [ 353319.14318916737102, 1439879.161418936448172 ], [ 354682.156956808757968, 1438988.11529709235765 ], [ 354912.655278148245998, 1438680.493955272482708 ], [ 355092.435134397936054, 1439041.265569846378639 ] ] ] ] } },
{ "type": "Feature", "properties": { "site_id": 352668, "name_eng": "Foret de l'Anambe", "desig_eng": "Forest Reserve", "iucn_cat": "Not Reported", "realm": "Terrestrial", "gis_area": 28.13090416, "gov_type": "Federal or national ministry or agency", "mang_auth": "Not Reported" }, "geometry": { "type": "MultiPolygon", "coordinates": [ [ [ [ 595082.276266522472724, 1443358.025160473538563 ], [ 593871.213324731914327, 1444915.528863332467154 ], [ 592945.204374508233741, 1445577.081726017175242 ], [ 592851.600604399107397, 1445684.046336273895577 ], [ 592055.640679516480304, 1443140.906768944114447 ], [ 592571.867108372971416, 1442145.036480170208961 ], [ 594092.277035479666665, 1440512.216548067284748 ], [ 595302.199231250211596, 1439339.59562114207074 ], [ 596863.999729024479166, 1440216.564469915349036 ], [ 599226.441183690330945, 1439764.869869678514078 ], [ 601871.691014139098115, 1439109.802950060926378 ], [ 603153.382175564183854, 1439447.477461875416338 ], [ 603378.897494519711472, 1440908.266454225871712 ], [ 600940.594552502501756, 1441051.853842501761392 ], [ 599293.7436375253601, 1442453.816103328950703 ], [ 597806.594783738488331, 1441986.180355374002829 ], [ 596422.24073924170807, 1441878.438300904817879 ], [ 595082.276266522472724, 1443358.025160473538563 ] ] ] ] } },
{ "type": "Feature", "properties": { "site_id": 352669, "name_eng": "Foret de Bakor", "desig_eng": "Forest Reserve", "iucn_cat": "Not Reported", "realm": "Terrestrial", "gis_area": 164.06267499, "gov_type": "Federal or national ministry or agency", "mang_auth": "Not Reported" }, "geometry": { "type": "MultiPolygon", "coordinates": [ [ [ [ 531988.697113354806788, 1429176.470984942279756 ], [ 533731.556908996892162, 1429439.518542688572779 ], [ 535370.424733262858354, 1430419.150606469251215 ], [ 536079.734475146164186, 1432982.380390702513978 ], [ 536970.632465488975868, 1435085.832158881239593 ], [ 538456.461847821716219, 1435834.328511941479519 ], [ 538676.683017842122354, 1438881.346262248698622 ], [ 538068.928661841200665, 1440820.223669687751681 ], [ 537823.00023169151973, 1440670.590339551214129 ], [ 535982.248061844380572, 1438717.347224476980045 ], [ 533626.057177915121429, 1437709.130448539508507 ], [ 531068.375058767735027, 1435394.853457205696031 ], [ 525381.512800609809346, 1432785.833185777999461 ], [ 521818.339234110375401, 1431773.143052593804896 ], [ 519433.477591968432534, 1431430.763037160504609 ], [ 516485.944947608222719, 1430548.58854401553981 ], [ 513746.923064963833895, 1428796.521278125233948 ], [ 512728.216210494632833, 1426718.129762665834278 ], [ 514062.728000753093511, 1426364.897866348735988 ], [ 514830.341077686985955, 1427213.489008131437004 ], [ 516059.068262552842498, 1427832.346183306304738 ], [ 517757.532084066246171, 1426610.298600889742374 ], [ 519789.274751052376814, 1425287.955392332514748 ], [ 520644.989717921009287, 1422705.291147322859615 ], [ 522466.63178131665336, 1422763.096837543416768 ], [ 523515.180471700557973, 1423510.415827649878338 ], [ 527431.479854387696832, 1426111.666176849976182 ], [ 528762.593068286427297, 1427166.900002542417496 ], [ 529246.292276323307306, 1428320.824042204301804 ], [ 531018.487923667533323, 1427637.106256139231846 ], [ 531988.697113354806788, 1429176.470984942279756 ] ] ] ] } },
{ "type": "Feature", "properties": { "site_id": 352670, "name_eng": "Foret de Diatouma", "desig_eng": "Forest Reserve", "iucn_cat": "Not Reported", "realm": "Terrestrial", "gis_area": 30.17811425, "gov_type": "Federal or national ministry or agency", "mang_auth": "Not Reported" }, "geometry": { "type": "MultiPolygon", "coordinates": [ [ [ [ 500057.4684748108848, 1439751.089041348546743 ], [ 498083.982981556153391, 1439179.423780399374664 ], [ 496518.227438142930623, 1439353.19767348235473 ], [ 494080.680519950576127, 1439445.399927691789344 ], [ 493942.991131417860743, 1439535.004867644282058 ], [ 493749.805021287291311, 1438753.201818948145956 ], [ 495034.646157177339774, 1438118.174893533345312 ], [ 496602.549659257405438, 1437279.69325638958253 ], [ 498505.616956000798382, 1436006.677559629548341 ], [ 500640.946469042857643, 1434633.165296630002558 ], [ 502739.349255810026079, 1435921.621559007791802 ], [ 504685.739272246544715, 1437209.106571541866288 ], [ 504010.923338473134208, 1439357.693017644109204 ], [ 501806.526869186898693, 1438759.188148762099445 ], [ 500057.4684748108848, 1439751.089041348546743 ] ] ] ] } },
{ "type": "Feature", "properties": { "site_id": 352671, "name_eng": "Foret de Sadiata", "desig_eng": "Forest Reserve", "iucn_cat": "Not Reported", "realm": "Terrestrial", "gis_area": 116.32878626, "gov_type": "Federal or national ministry or agency", "mang_auth": "Not Reported" }, "geometry": { "type": "MultiPolygon", "coordinates": [ [ [ [ 491724.150210284104105, 1423919.744076077826321 ], [ 490310.669678433332592, 1424452.115059070056304 ], [ 489608.6114521768759, 1427035.64561355044134 ], [ 489397.649001968384255, 1428545.219731421209872 ], [ 489007.796274552994873, 1430207.47595754894428 ], [ 486512.672900806530379, 1431733.557394252158701 ], [ 484889.055088618595619, 1433852.120966590940952 ], [ 483725.950143496214878, 1434894.504137428011745 ], [ 481581.719373606552836, 1433020.30191334313713 ], [ 479791.953159032389522, 1431246.637345568044111 ], [ 477748.703659388003871, 1428830.782421917188913 ], [ 475731.843122692429461, 1425981.55496951402165 ], [ 477944.646419246273581, 1424223.608394095208496 ], [ 480334.038129132415634, 1423234.289672465762123 ], [ 483258.201333089382388, 1423553.079911483684555 ], [ 485827.81165497895563, 1422309.781507907202467 ], [ 488445.81400394521188, 1422089.616414033342153 ], [ 491780.159699825046118, 1422538.517523600021377 ], [ 491724.150210284104105, 1423919.744076077826321 ] ] ] ] } },
{ "type": "Feature", "properties": { "site_id": 352672, "name_eng": "Foret de Koulaye", "desig_eng": "Forest Reserve", "iucn_cat": "Not Reported", "realm": "Terrestrial", "gis_area": 27.8073602, "gov_type": "Federal or national ministry or agency", "mang_auth": "Not Reported" }, "geometry": { "type": "MultiPolygon", "coordinates": [ [ [ [ 389365.850013564049732, 1428605.245400253450498 ], [ 389119.433879703865387, 1430473.211772009730339 ], [ 389497.533989917428698, 1432522.290459028212354 ], [ 389539.217522740014829, 1432910.342422641115263 ], [ 386285.035895619192161, 1433995.26518070558086 ], [ 383742.786702300247271, 1434598.669093434000388 ], [ 382154.282563404878601, 1433721.646037390688434 ], [ 382722.493808170896955, 1432649.676384436199442 ], [ 384627.996697492490057, 1430710.515283870277926 ], [ 386201.148954915988725, 1428618.022819879697636 ], [ 387526.076753243803978, 1428672.355636340565979 ], [ 389366.921717973658815, 1428601.923038604436442 ], [ 389017.667327615548857, 1429168.49842106574215 ], [ 389365.850013564049732, 1428605.245400253450498 ] ] ], [ [ [ 389365.850013564049732, 1428605.245400253450498 ], [ 389366.921717973658815, 1428601.923038604436442 ], [ 389384.183470997493714, 1428577.521633273921907 ], [ 389365.850013564049732, 1428605.245400253450498 ] ] ] ] } },
{ "type": "Feature", "properties": { "site_id": 352673, "name_eng": "Foret de Dabo", "desig_eng": "Forest Reserve", "iucn_cat": "Not Reported", "realm": "Terrestrial", "gis_area": 130.80301235, "gov_type": "Federal or national ministry or agency", "mang_auth": "Not Reported" }, "geometry": { "type": "MultiPolygon", "coordinates": [ [ [ [ 568485.850964092416689, 1418467.498564515262842 ], [ 570434.80124521208927, 1418935.714134369045496 ], [ 572687.381622921442613, 1420301.761320083634928 ], [ 572068.580514273606241, 1421246.830871895188466 ], [ 571215.658031198661774, 1422958.82578520802781 ], [ 570900.000734615605325, 1425057.066899736179039 ], [ 570122.345237630885094, 1427537.900096220429987 ], [ 567271.737404481391422, 1428268.508242168230936 ], [ 565415.856744537712075, 1430462.64393844967708 ], [ 563484.45823488838505, 1432605.847906855633482 ], [ 561409.697833803482354, 1431548.34360144007951 ], [ 560570.735596018261276, 1429291.548094787169248 ], [ 561835.677251237328164, 1427299.272457327926531 ], [ 564506.182065121247433, 1426542.255870125256479 ], [ 566102.979975680005737, 1424782.06570161646232 ], [ 566057.675433422904462, 1423296.714329796843231 ], [ 562903.631993095739745, 1422771.859536203555763 ], [ 559311.508676958852448, 1422578.203165646642447 ], [ 559034.927709059091285, 1420989.543417910113931 ], [ 559066.655681342817843, 1419325.231669744011015 ], [ 558993.585519448970445, 1418983.354830337222666 ], [ 560686.504239397356287, 1418461.671493980335072 ], [ 563537.390867669833824, 1417474.892831264762208 ], [ 565849.535302744014189, 1416766.920100600924343 ], [ 568485.850964092416689, 1418467.498564515262842 ] ] ], [ [ [ 306273.078490975894965, 1574313.606785767478868 ], [ 304559.069143759435974, 1572923.799519774038345 ], [ 304439.213892936473712, 1570695.080070859054103 ], [ 305779.927339701796882, 1568729.493608761345968 ], [ 307442.28717410529498, 1570400.854843285866082 ], [ 308189.084943678521086, 1569379.38901251507923 ], [ 309544.286022974993102, 1570715.722975617973134 ], [ 310824.524658442940563, 1571719.622531245695427 ], [ 309999.607960636145435, 1572689.591987689724192 ], [ 308753.620463650499005, 1573776.76611839630641 ], [ 308636.831530463066883, 1573606.146525801857933 ], [ 307510.144699976197444, 1572781.543680076487362 ], [ 306273.078490975894965, 1574313.606785767478868 ] ] ] ] } },
{ "type": "Feature", "properties": { "site_id": 352674, "name_eng": "Foret de Mahon", "desig_eng": "Forest Reserve", "iucn_cat": "Not Reported", "realm": "Terrestrial", "gis_area": 30.13559636, "gov_type": "Federal or national ministry or agency", "mang_auth": "Not Reported" }, "geometry": { "type": "MultiPolygon", "coordinates": [ [ [ [ 520079.641194404219277, 1422805.511688613099977 ], [ 520489.49448505404871, 1423171.848433498525992 ], [ 519789.274751052376814, 1425287.955392332514748 ], [ 517757.532084066246171, 1426610.298600889742374 ], [ 516059.068262552842498, 1427832.346183306304738 ], [ 514830.341077686985955, 1427213.489008131437004 ], [ 514421.604125596175436, 1426760.978372226003557 ], [ 514498.684699179313611, 1426649.326830283040181 ], [ 514403.181662410497665, 1424625.55981025355868 ], [ 512943.281723666645121, 1423800.981736078625545 ], [ 512227.493854381027631, 1423183.592152750818059 ], [ 514001.967178774415515, 1422064.196090010227636 ], [ 516361.879144356993493, 1422022.350850340677425 ], [ 518004.693003620253876, 1421849.742474654689431 ], [ 519339.32997313584201, 1421752.213612486142665 ], [ 520079.641194404219277, 1422805.511688613099977 ] ] ] ] } },
{ "type": "Feature", "properties": { "site_id": 352675, "name_eng": "Foret de la Kayanga", "desig_eng": "Forest Reserve", "iucn_cat": "Not Reported", "realm": "Terrestrial", "gis_area": 121.15554417, "gov_type": "Federal or national ministry or agency", "mang_auth": "Not Reported" }, "geometry": { "type": "MultiPolygon", "coordinates": [ [ [ [ 616002.872688021045178, 1426416.143317291513085 ], [ 613204.467678378103301, 1426712.101622626883909 ], [ 612178.787388587021269, 1426528.770930630154908 ], [ 613286.666735023725778, 1425176.148764305980876 ], [ 612521.962341798236594, 1423765.067845147335902 ], [ 613295.461971375043504, 1422744.009435768472031 ], [ 612094.842952344450168, 1421228.323001647600904 ], [ 614430.629312447737902, 1421134.929202771512792 ], [ 615590.774868882144801, 1419552.534168428741395 ], [ 615595.71840382006485, 1418092.581171311205253 ], [ 617086.712342229555361, 1417382.057850024197251 ], [ 618089.03577895113267, 1416745.862431648187339 ], [ 618724.42900488525629, 1418438.590562049532309 ], [ 621282.456792582757771, 1420728.038308318005875 ], [ 622701.079279106343165, 1418710.129397927317768 ], [ 624014.8515019279439, 1417128.709785009967163 ], [ 626036.510907022631727, 1415304.962333363946527 ], [ 627452.496507278177887, 1417346.544317609397694 ], [ 628883.380825911299326, 1419170.389255141839385 ], [ 629461.868074966594577, 1422219.233372273622081 ], [ 627967.859443754539825, 1424031.860087648034096 ], [ 626472.147105800569989, 1426022.622837291797623 ], [ 624546.040013529243879, 1426527.161390113178641 ], [ 620802.086526752449572, 1425897.902523555792868 ], [ 618777.404358492349274, 1425377.089365130290389 ], [ 616002.872688021045178, 1426416.143317291513085 ] ] ] ] } },
{ "type": "Feature", "properties": { "site_id": 352676, "name_eng": "Foret de Kalounayes", "desig_eng": "Forest Reserve", "iucn_cat": "Not Reported", "realm": "Terrestrial", "gis_area": 165.41635211000002, "gov_type": "Federal or national ministry or agency", "mang_auth": "Not Reported" }, "geometry": { "type": "MultiPolygon", "coordinates": [ [ [ [ 386226.52338621520903, 1414331.245255735469982 ], [ 388092.161248039454222, 1416156.433658911380917 ], [ 387521.067398950108327, 1418278.975810079602525 ], [ 386051.615167683630716, 1420168.494862414896488 ], [ 384815.42408142820932, 1421468.732941002817824 ], [ 384859.128603490418755, 1423645.243153307121247 ], [ 382929.664959061134141, 1424917.489040662301704 ], [ 379977.313015547464602, 1425468.699165704194456 ], [ 379799.026849243207835, 1425643.119499796070158 ], [ 378880.722798421571497, 1423569.90974958287552 ], [ 378375.732336352288257, 1421238.312259117607027 ], [ 376251.558379980968311, 1419693.610483644530177 ], [ 373845.167123473249376, 1418198.98765184241347 ], [ 375065.657753628562205, 1413928.508012865204364 ], [ 373710.425878633512184, 1412617.234314381144941 ], [ 372867.528482449182775, 1412273.724704846506938 ], [ 373612.937345633981749, 1408795.088379907654598 ], [ 378334.047996300505474, 1404074.710181056521833 ], [ 381157.740317130403128, 1403634.672592421062291 ], [ 383870.340598524780944, 1405744.781680476153269 ], [ 381504.956236379570328, 1407194.6653975865338 ], [ 378526.392149747523945, 1407643.108814823674038 ], [ 378286.62573518283898, 1410202.444052934879437 ], [ 378433.557503346004523, 1412046.70912612346001 ], [ 378043.212802511348855, 1413657.712454670807347 ], [ 381406.507897492498159, 1413210.851652128156275 ], [ 384231.701132924645208, 1412300.971706991549581 ], [ 386226.52338621520903, 1414331.245255735469982 ] ] ] ] } },
{ "type": "Feature", "properties": { "site_id": 352677, "name_eng": "Foret de Bari", "desig_eng": "Forest Reserve", "iucn_cat": "Not Reported", "realm": "Terrestrial", "gis_area": 156.61409516000001, "gov_type": "Federal or national ministry or agency", "mang_auth": "Not Reported" }, "geometry": { "type": "MultiPolygon", "coordinates": [ [ [ [ 432901.563602297625039, 1413238.710529806790873 ], [ 432073.285142257926054, 1415437.04000091040507 ], [ 430579.959674242883921, 1416787.699980471050367 ], [ 429114.282347497763112, 1417857.474368324037641 ], [ 429778.209930141572841, 1418627.733336269389838 ], [ 430082.333062024612445, 1419602.392544700531289 ], [ 428849.154494704736862, 1420288.961667275987566 ], [ 427641.834095192549285, 1420462.372427521273494 ], [ 425998.774778160150163, 1420815.040756905451417 ], [ 424636.334762348094955, 1421398.189472690690309 ], [ 423069.358193269581534, 1422160.026354621862993 ], [ 420863.129949698224664, 1422074.398900450440124 ], [ 419684.736254766699858, 1421326.827800204511732 ], [ 417557.358587581431493, 1420781.156222019111738 ], [ 415688.32578588288743, 1419570.184803207870573 ], [ 414330.925023092248011, 1418924.007564180530608 ], [ 414283.373593979631551, 1417925.47697768243961 ], [ 416237.703835091029759, 1416756.106907149543986 ], [ 419607.590972348232754, 1414106.364633644698188 ], [ 421149.617772614001296, 1413601.005210884846747 ], [ 421265.729787216929253, 1412428.390581713756546 ], [ 422152.083591661066748, 1413041.926416470203549 ], [ 423568.487053831398953, 1411409.008434405084699 ], [ 425039.125324805325363, 1409289.422701665200293 ], [ 427865.284222085261717, 1408173.920919855358079 ], [ 431024.432062900741585, 1407291.24594050925225 ], [ 432042.881003032322042, 1406888.437742129201069 ], [ 432682.783648626704235, 1409806.495468978071585 ], [ 432901.563602297625039, 1413238.710529806790873 ] ] ] ] } },
{ "type": "Feature", "properties": { "site_id": 352678, "name_eng": "Foret de Yassine", "desig_eng": "Forest Reserve", "iucn_cat": "Not Reported", "realm": "Terrestrial", "gis_area": 104.96986613, "gov_type": "Federal or national ministry or agency", "mang_auth": "Not Reported" }, "geometry": { "type": "MultiPolygon", "coordinates": [ [ [ [ 412110.075209533737507, 1415663.892711909255013 ], [ 411181.706338073650841, 1416914.339086574269459 ], [ 409224.806913469161373, 1418903.605497701559216 ], [ 407398.715199533442501, 1420330.761810098541901 ], [ 405006.04897563153645, 1421985.592478058068082 ], [ 401854.045212289085612, 1420846.263623393140733 ], [ 398340.618078441591933, 1420371.076516731176525 ], [ 399269.219433137914166, 1419069.277595675783232 ], [ 400634.928213514969684, 1417358.959025982301682 ], [ 400462.416449192096479, 1415540.219429744407535 ], [ 398671.704017672396731, 1413792.524600629461929 ], [ 399268.277012869773898, 1412155.726424239808694 ], [ 402423.587387276231311, 1412373.54154538596049 ], [ 405424.334609384124633, 1412488.265138233313337 ], [ 405743.702072237269022, 1409314.164891428314149 ], [ 406394.105924290721305, 1406730.672632456524298 ], [ 406405.055538896936923, 1406430.919843644136563 ], [ 408210.947663953935262, 1408197.848596353083849 ], [ 410411.033963562338613, 1410075.325214389711618 ], [ 408637.73324331396725, 1410913.809956243494526 ], [ 408164.437813116353936, 1414239.880121886963025 ], [ 410039.956089068204165, 1413530.418768343748525 ], [ 412110.075209533737507, 1415663.892711909255013 ] ] ] ] } },
{ "type": "Feature", "properties": { "site_id": 352679, "name_eng": "Foret de Toutoune", "desig_eng": "Forest Reserve", "iucn_cat": "Not Reported", "realm": "Terrestrial", "gis_area": 20.83307326, "gov_type": "Federal or national ministry or agency", "mang_auth": "Not Reported" }, "geometry": { "type": "MultiPolygon", "coordinates": [ [ [ [ 569735.275511947344057, 1412214.418112738989294 ], [ 568120.046922652749345, 1413140.530282469699159 ], [ 566759.425065295654349, 1413391.624438950791955 ], [ 565686.672199382563122, 1412158.223279515746981 ], [ 564176.609317489434034, 1410819.91353932977654 ], [ 563877.838167563080788, 1408539.97407033178024 ], [ 565519.052423422341235, 1408623.364267385564744 ], [ 567929.317087525385432, 1408966.36896385694854 ], [ 569572.033674872596748, 1408870.842985331546515 ], [ 569735.275511947344057, 1412214.418112738989294 ] ] ] ] } },
{ "type": "Feature", "properties": { "site_id": 352680, "name_eng": "Foret du Balmadou", "desig_eng": "Forest Reserve", "iucn_cat": "Not Reported", "realm": "Terrestrial", "gis_area": 193.12297827999998, "gov_type": "Federal or national ministry or agency", "mang_auth": "Not Reported" }, "geometry": { "type": "MultiPolygon", "coordinates": [ [ [ [ 468901.259124153642915, 1413024.316848077345639 ], [ 468885.196557946444955, 1413221.177337912609801 ], [ 465258.395889581588563, 1412727.789137215120718 ], [ 461460.652317757485434, 1412738.267968514701352 ], [ 458541.075792519724928, 1411343.498881378909573 ], [ 456005.513864199572708, 1409977.175499264383689 ], [ 453980.415034591685981, 1409584.508721477584913 ], [ 451235.851760403485969, 1409369.055334590375423 ], [ 447337.806825639214367, 1408840.823085591429844 ], [ 450900.528557097481098, 1402557.458263848209754 ], [ 452568.396649056230672, 1402614.333133245818317 ], [ 454645.005082638352178, 1402981.396773019339889 ], [ 456175.333086908096448, 1405394.195826647803187 ], [ 458357.285630464844871, 1405223.911733397981152 ], [ 458754.815631689212751, 1401616.009891914669424 ], [ 459961.779447711305693, 1401288.051108808256686 ], [ 461550.133992500195745, 1401933.88446217821911 ], [ 461955.238326613325626, 1403625.298931698314846 ], [ 464876.894603162130807, 1404456.442845409270376 ], [ 468798.754374636278953, 1405726.892080312594771 ], [ 473490.6891204022686, 1406642.167380030965433 ], [ 474931.3816376212053, 1405520.62795648095198 ], [ 477467.280801835528109, 1406657.513830981450155 ], [ 479182.343576749379281, 1407868.204458430642262 ], [ 477042.866037087456789, 1410727.377241170965135 ], [ 473759.128774890094064, 1410458.206625932361931 ], [ 471629.467906091362238, 1410474.647717926651239 ], [ 469395.90826702787308, 1410773.355817051138729 ], [ 468901.259124153642915, 1413024.316848077345639 ] ] ] ] } },
{ "type": "Feature", "properties": { "site_id": 352681, "name_eng": "Foret du Boudie", "desig_eng": "Forest Reserve", "iucn_cat": "Not Reported", "realm": "Terrestrial", "gis_area": 119.87896499, "gov_type": "Federal or national ministry or agency", "mang_auth": "Not Reported" }, "geometry": { "type": "MultiPolygon", "coordinates": [ [ [ [ 416429.696674843668006, 1398757.461145700188354 ], [ 417604.01718615705613, 1400375.32580961775966 ], [ 418702.896008078590967, 1401480.297371083637699 ], [ 420214.975977419293486, 1402049.977450108388439 ], [ 422036.133795439207461, 1402107.945896938676015 ], [ 423883.753745941328816, 1402320.788501233793795 ], [ 426472.549644766724668, 1402791.706194375874475 ], [ 429804.699235111824237, 1404008.596675656037405 ], [ 432057.573884180514142, 1405323.546747963642702 ], [ 432308.616216154070571, 1406783.844342253869399 ], [ 431024.432062900741585, 1407291.24594050925225 ], [ 427865.284222085261717, 1408173.920919855358079 ], [ 425039.125324805325363, 1409289.422701665200293 ], [ 423568.487053831398953, 1411409.008434405084699 ], [ 422152.083591661066748, 1413041.926416470203549 ], [ 419873.600349974934943, 1411470.158912203740329 ], [ 418157.967033370921854, 1410541.683878824114799 ], [ 418187.559137313161045, 1409517.499428420327604 ], [ 417884.696709784155246, 1408032.000113601563498 ], [ 416736.768904513912275, 1406055.733777099289 ], [ 415896.504883117566351, 1404259.964726999867707 ], [ 414544.463374573155306, 1402026.69701006822288 ], [ 413808.282321552804206, 1399898.883226926671341 ], [ 414452.280040164769161, 1399184.710159520152956 ], [ 415277.388150505605154, 1398009.944117386126891 ], [ 415564.209185348125175, 1397680.627904780441895 ], [ 416429.696674843668006, 1398757.461145700188354 ] ] ] ] } },
{ "type": "Feature", "properties": { "site_id": 352682, "name_eng": "Foret de Mampaye", "desig_eng": "Forest Reserve", "iucn_cat": "Not Reported", "realm": "Terrestrial", "gis_area": 69.9193191, "gov_type": "Federal or national ministry or agency", "mang_auth": "Not Reported" }, "geometry": { "type": "MultiPolygon", "coordinates": [ [ [ [ 652258.493469523731619, 1401737.172018492361531 ], [ 655357.635464242077433, 1401732.549902374856174 ], [ 655346.967248536180705, 1401841.970275349449366 ], [ 655593.506726598599926, 1404402.435411380603909 ], [ 655759.789446644717827, 1408320.360163813689724 ], [ 652388.279864511801861, 1411301.893485808046535 ], [ 650521.028758588712662, 1409425.742084153927863 ], [ 648547.16649148799479, 1408982.76284356880933 ], [ 646701.520646031480283, 1408514.047535601537675 ], [ 644418.960065342369489, 1408326.391750783193856 ], [ 644210.874049603822641, 1408249.003614531597123 ], [ 644603.954681383213028, 1406764.363295184681192 ], [ 645789.239600251894444, 1405182.034346546512097 ], [ 650470.838592615444213, 1402128.111971786012873 ], [ 652258.493469523731619, 1401737.172018492361531 ] ] ] ] } },
{ "type": "Feature", "properties": { "site_id": 352683, "name_eng": "Foret de Koudora", "desig_eng": "Forest Reserve", "iucn_cat": "Not Reported", "realm": "Terrestrial", "gis_area": 71.37346176, "gov_type": "Federal or national ministry or agency", "mang_auth": "Not Reported" }, "geometry": { "type": "MultiPolygon", "coordinates": [ [ [ [ 551538.677332380670123, 1410573.783601894276217 ], [ 548651.356425435515121, 1410333.958010664442554 ], [ 544719.749161881976761, 1409308.359230299480259 ], [ 543884.293553168186918, 1407719.83761461568065 ], [ 543155.592562087345868, 1405590.010357789928094 ], [ 543290.708014480071142, 1403849.586110359989107 ], [ 546183.371420252602547, 1402975.215835028328001 ], [ 549401.482442548265681, 1402465.090217887656763 ], [ 553224.25752442679368, 1402634.578861008863896 ], [ 554068.667429254739545, 1403380.434377015335485 ], [ 553995.646749144187197, 1406003.430221192538738 ], [ 552973.510364039451815, 1408481.641085803043097 ], [ 553108.305294114514254, 1408654.677465068409219 ], [ 553020.456869320711121, 1409309.415050338022411 ], [ 551538.677332380670123, 1410573.783601894276217 ] ] ] ] } },
{ "type": "Feature", "properties": { "site_id": 352684, "name_eng": "Foret de Tobor", "desig_eng": "Forest Reserve", "iucn_cat": "Not Reported", "realm": "Terrestrial", "gis_area": 47.831195, "gov_type": "Federal or national ministry or agency", "mang_auth": "Not Reported" }, "geometry": { "type": "MultiPolygon", "coordinates": [ [ [ [ 364337.31639877858106, 1407688.944893451873213 ], [ 364333.555468591395766, 1408713.215968992328271 ], [ 362486.705281441914849, 1408731.010020723566413 ], [ 362416.41165386053035, 1406784.595876505365595 ], [ 361551.781727176741697, 1404733.661921445280313 ], [ 363685.571396758896299, 1403359.471208689501509 ], [ 368257.641818660893477, 1401969.599610970588401 ], [ 370333.841768949176185, 1402618.140449510654435 ], [ 372996.388005034998059, 1404241.953047861810774 ], [ 373149.867484090151265, 1405775.382274177391082 ], [ 371687.666254498413764, 1407073.879343569977209 ], [ 370250.672114917717408, 1407449.877603049855679 ], [ 369865.159562248620205, 1407675.081110200146213 ], [ 367009.464721036085393, 1406752.638286313740537 ], [ 365238.989367822417989, 1406642.678383595310152 ], [ 364337.31639877858106, 1407688.944893451873213 ] ] ] ] } },
{ "type": "Feature", "properties": { "site_id": 352685, "name_eng": "Foret de Bissine", "desig_eng": "Forest Reserve", "iucn_cat": "Not Reported", "realm": "Terrestrial", "gis_area": 48.04095696, "gov_type": "Federal or national ministry or agency", "mang_auth": "Not Reported" }, "geometry": { "type": "MultiPolygon", "coordinates": [ [ [ [ 392950.042105607804842, 1384965.991431036731228 ], [ 394513.002746795245912, 1385381.583349088672549 ], [ 394482.420883289712947, 1386815.050406308611855 ], [ 394022.781685688300058, 1389445.676104579353705 ], [ 392185.918856724281795, 1390672.451672860886902 ], [ 390540.891233860049397, 1391459.540849558077753 ], [ 388178.921686294721439, 1391679.938222160330042 ], [ 385156.96132313052658, 1390131.342239475110546 ], [ 384010.11741794005502, 1387823.286540260305628 ], [ 387271.245731649978552, 1387401.041407216340303 ], [ 388917.226269345381297, 1386255.43023788696155 ], [ 390387.347397775156423, 1383982.481637599645182 ], [ 392950.042105607804842, 1384965.991431036731228 ] ] ] ] } },
{ "type": "Feature", "properties": { "site_id": 352686, "name_eng": "Foret de Blaz", "desig_eng": "Forest Reserve", "iucn_cat": "Not Reported", "realm": "Terrestrial", "gis_area": 38.97680296, "gov_type": "Federal or national ministry or agency", "mang_auth": "Not Reported" }, "geometry": { "type": "MultiPolygon", "coordinates": [ [ [ [ 398216.254443661891855, 1380228.764064134797081 ], [ 399205.470842505630571, 1381546.913894762983546 ], [ 397747.311983989784494, 1384657.627127467188984 ], [ 395579.40420585667016, 1384018.433856152696535 ], [ 394590.936781530966982, 1383524.353266837541014 ], [ 393883.902750140347052, 1382153.325394511921331 ], [ 395047.842282052326482, 1379494.707448372151703 ], [ 396733.660591317224316, 1377427.086828501662239 ], [ 397269.456175616243854, 1375279.597055546706542 ], [ 399397.702134597406257, 1375595.052594044944271 ], [ 403089.343169016181491, 1376377.616363961948082 ], [ 402619.709447941742837, 1378603.268111535347998 ], [ 400853.001461053325329, 1378415.745868143392727 ], [ 399312.633555801236071, 1377694.464914398966357 ], [ 398216.254443661891855, 1380228.764064134797081 ] ] ] ] } },
{ "type": "Feature", "properties": { "site_id": 352687, "name_eng": "Foret de Bafata", "desig_eng": "Forest Reserve", "iucn_cat": "Not Reported", "realm": "Terrestrial", "gis_area": 31.36917346, "gov_type": "Federal or national ministry or agency", "mang_auth": "Not Reported" }, "geometry": { "type": "MultiPolygon", "coordinates": [ [ [ [ 415121.907574924640357, 1376682.585421072086319 ], [ 416990.631125473417342, 1377969.968807616503909 ], [ 418011.231125359074213, 1379535.237155766226351 ], [ 416953.418177064682823, 1381272.346623696386814 ], [ 414487.76889642997412, 1382005.054855784168467 ], [ 411618.385898704291321, 1380738.589282775530592 ], [ 409737.761443899013102, 1379150.770471603842452 ], [ 410857.826784971635789, 1377970.572842214489356 ], [ 412277.041931856889278, 1375774.274507162626833 ], [ 415121.907574924640357, 1376682.585421072086319 ] ] ] ] } },
{ "type": "Feature", "properties": { "site_id": 352688, "name_eng": "Foret de Boukitingo", "desig_eng": "Forest Reserve", "iucn_cat": "Not Reported", "realm": "Terrestrial", "gis_area": 15.39052119, "gov_type": "Federal or national ministry or agency", "mang_auth": "Not Reported" }, "geometry": { "type": "MultiPolygon", "coordinates": [ [ [ [ 324868.564537733909674, 1380986.294597520725802 ], [ 322938.976514246780425, 1381676.241101453546435 ], [ 321699.158300589711871, 1381400.690351353026927 ], [ 323214.884702741284855, 1380228.652152816066518 ], [ 323904.11617247981485, 1378988.733912547817454 ], [ 326384.770248305401765, 1377886.245477208634838 ], [ 327694.304470669478178, 1379264.519626448163763 ], [ 329072.446259858901612, 1379402.338017635513097 ], [ 330244.800133338314481, 1381331.316662497585639 ], [ 329210.802519965684041, 1381469.076395681593567 ], [ 325213.486213153519202, 1380504.082446234533563 ], [ 324868.564537733909674, 1380986.294597520725802 ] ] ] ] } },
{ "type": "Feature", "properties": { "site_id": 352689, "name_eng": "Foret de Diantene", "desig_eng": "Forest Reserve", "iucn_cat": "Not Reported", "realm": "Terrestrial", "gis_area": 2.86253071, "gov_type": "Federal or national ministry or agency", "mang_auth": "Not Reported" }, "geometry": { "type": "MultiPolygon", "coordinates": [ [ [ [ 324678.161723835160956, 1383276.308897114824504 ], [ 322824.383024191192817, 1383895.020920645445585 ], [ 322413.124154051824007, 1382246.999807295622304 ], [ 323854.126756342127919, 1381835.457810739055276 ], [ 324678.161723835160956, 1383276.308897114824504 ] ] ] ] } },
{ "type": "Feature", "properties": { "site_id": 352690, "name_eng": "Foret d'Oukout", "desig_eng": "Forest Reserve", "iucn_cat": "Not Reported", "realm": "Terrestrial", "gis_area": 5.21418361, "gov_type": "Federal or national ministry or agency", "mang_auth": "Not Reported" }, "geometry": { "type": "MultiPolygon", "coordinates": [ [ [ [ 329003.985986892483197, 1382700.443578872364014 ], [ 328345.562840601080097, 1384018.585324740037322 ], [ 326037.713311467901804, 1384677.417736292351037 ], [ 325708.732003473676741, 1384017.870661633787677 ], [ 325049.313767434679903, 1383359.229191138176247 ], [ 326697.571265928505454, 1382535.040478250244632 ], [ 329003.985986892483197, 1382700.443578872364014 ] ] ] ] } },
{ "type": "Feature", "properties": { "site_id": 352691, "name_eng": "Foret des Bayot", "desig_eng": "Forest Reserve", "iucn_cat": "Not Reported", "realm": "Terrestrial", "gis_area": 12.88890797, "gov_type": "Federal or national ministry or agency", "mang_auth": "Not Reported" }, "geometry": { "type": "MultiPolygon", "coordinates": [ [ [ [ 359490.487272798956838, 1377755.82629967154935 ], [ 359325.417302091314923, 1379569.531740921083838 ], [ 358666.463166859233752, 1379734.247510090237483 ], [ 357677.359210111317225, 1380392.827110979240388 ], [ 357018.669064702175092, 1378415.04336682590656 ], [ 357513.251140888314694, 1377756.673139271792024 ], [ 357183.34360878483858, 1376767.229835514910519 ], [ 358831.045660659437999, 1376273.548929941607639 ], [ 359490.487272798956838, 1377755.82629967154935 ] ] ], [ [ [ 355535.079619493102655, 1380393.538783703697845 ], [ 353228.898670913768001, 1380228.219138049753383 ], [ 353723.275157544761896, 1378909.414539967663586 ], [ 354217.596535732154734, 1379075.041532590053976 ], [ 354052.987643558939453, 1377261.83223996986635 ], [ 355205.496341960330028, 1377096.747325218748301 ], [ 356030.345633292919956, 1378580.346618962474167 ], [ 355535.079619493102655, 1380393.538783703697845 ] ] ] ] } },
{ "type": "Feature", "properties": { "site_id": 352692, "name_eng": "Foret de Djibelor", "desig_eng": "Forest Reserve", "iucn_cat": "Not Reported", "realm": "Coastal", "gis_area": 1.7513427, "gov_type": "Federal or national ministry or agency", "mang_auth": "Not Reported" }, "geometry": { "type": "MultiPolygon", "coordinates": [ [ [ [ 354382.174007443827577, 1387313.74037746922113 ], [ 353557.741317001346033, 1389291.283866199664772 ], [ 352899.384909414802678, 1388467.271464679855853 ], [ 353557.764582749747206, 1387809.065143624786288 ], [ 353063.34145028347848, 1387808.279065133538097 ], [ 353558.143404797185212, 1386820.180895283585414 ], [ 354382.174007443827577, 1387313.74037746922113 ] ] ] ] } },
{ "type": "Feature", "properties": { "site_id": 352693, "name_eng": "Foret de Mangaroungou", "desig_eng": "Forest Reserve", "iucn_cat": "Not Reported", "realm": "Terrestrial", "gis_area": 9.91676663, "gov_type": "Federal or national ministry or agency", "mang_auth": "Not Reported" }, "geometry": { "type": "MultiPolygon", "coordinates": [ [ [ [ 443203.869372567161918, 1383194.701709596207365 ], [ 440567.726950994692743, 1384677.479247929994017 ], [ 439249.546760153432842, 1383523.493456303840503 ], [ 439578.958080160431564, 1381546.602836675709113 ], [ 441720.831041859230027, 1380557.96119239134714 ], [ 443203.869372567161918, 1383194.701709596207365 ] ] ] ] } },
{ "type": "Feature", "properties": { "site_id": 352694, "name_eng": "Foret de Bignona", "desig_eng": "Forest Reserve", "iucn_cat": "Not Reported", "realm": "Terrestrial", "gis_area": 32.82094907, "gov_type": "Federal or national ministry or agency", "mang_auth": "Not Reported" }, "geometry": { "type": "MultiPolygon", "coordinates": [ [ [ [ 373116.291467628849205, 1405068.754602582659572 ], [ 374854.989496228285134, 1408050.69708123174496 ], [ 373364.42428169422783, 1409789.455572883132845 ], [ 372867.642183566931635, 1413019.219383667223155 ], [ 367401.804968159063719, 1413515.666892640059814 ], [ 366905.14989388268441, 1412025.888077943120152 ], [ 367153.152999478275888, 1410285.932712660636753 ], [ 369885.833752647973597, 1410037.581319557037205 ], [ 371128.431522709084675, 1407304.278444823576137 ], [ 373116.291467628849205, 1405068.754602582659572 ] ] ] ] } },
{ "type": "Feature", "properties": { "site_id": 352695, "name_eng": "Foret de Djipakoum", "desig_eng": "Forest Reserve", "iucn_cat": "Not Reported", "realm": "Terrestrial", "gis_area": 25.93874371, "gov_type": "Federal or national ministry or agency", "mang_auth": "Not Reported" }, "geometry": { "type": "MultiPolygon", "coordinates": [ [ [ [ 389017.269377351913135, 1421714.960038220509887 ], [ 390507.6635414721095, 1423205.528043687343597 ], [ 389513.96019370353315, 1425193.65937346057035 ], [ 389265.695715981535614, 1427429.93247838690877 ], [ 389266.209199874312617, 1428920.861422074027359 ], [ 386283.891474141681101, 1428423.020805592415854 ], [ 385787.308659174304921, 1427180.758478133473545 ], [ 385042.209487236104906, 1425938.421172110596672 ], [ 386035.790216543362476, 1423205.737779054790735 ], [ 387526.205149017157964, 1421715.393930222839117 ], [ 389017.269377351913135, 1421714.960038220509887 ] ] ] ] } },
{ "type": "Feature", "properties": { "site_id": 352696, "name_eng": "Foret de Sangako", "desig_eng": "Forest Reserve", "iucn_cat": "Not Reported", "realm": "Terrestrial", "gis_area": 24.76232807, "gov_type": "Federal or national ministry or agency", "mang_auth": "Not Reported" }, "geometry": { "type": "MultiPolygon", "coordinates": [ [ [ [ 346845.48344902775716, 1528755.244693580782041 ], [ 343035.400698041543365, 1527794.552240304648876 ], [ 342765.066900808596984, 1526715.343010904733092 ], [ 342406.271867000847124, 1527273.985247963573784 ], [ 341594.602567959227599, 1527494.657562278443947 ], [ 340587.716708820662461, 1526910.062087302096188 ], [ 339860.89407046395354, 1525637.862891214434057 ], [ 340588.345605242531747, 1524547.000129463151097 ], [ 341024.69249045412289, 1524645.000081622507423 ], [ 341205.369099710369483, 1523954.672539566177875 ], [ 346844.714065461535938, 1524044.739527401281521 ], [ 346845.48344902775716, 1528755.244693580782041 ] ] ] ] } },
{ "type": "Feature", "properties": { "site_id": 352697, "name_eng": "Foret de Sokone", "desig_eng": "Forest Reserve", "iucn_cat": "Not Reported", "realm": "Terrestrial", "gis_area": 5.38746377, "gov_type": "Federal or national ministry or agency", "mang_auth": "Not Reported" }, "geometry": { "type": "MultiPolygon", "coordinates": [ [ [ [ 354394.580830040387809, 1535699.873346979962662 ], [ 353899.931837796233594, 1535948.258441230049357 ], [ 351178.612019519787282, 1536689.529591419734061 ], [ 350684.42880789435003, 1534957.766221123049036 ], [ 354147.668231707066298, 1534463.376583233242854 ], [ 354394.580830040387809, 1535699.873346979962662 ] ] ] ] } },
{ "type": "Feature", "properties": { "site_id": 352698, "name_eng": "Foret de Saboya", "desig_eng": "Forest Reserve", "iucn_cat": "Not Reported", "realm": "Terrestrial", "gis_area": 20.60425901, "gov_type": "Federal or national ministry or agency", "mang_auth": "Not Reported" }, "geometry": { "type": "MultiPolygon", "coordinates": [ [ [ [ 382598.757454917766154, 1510960.14829594665207 ], [ 381113.573444990557618, 1510465.764260339085013 ], [ 378639.900706166226882, 1510960.470862611895427 ], [ 378887.362737791321706, 1509971.550744470208883 ], [ 376166.523724268481601, 1508980.978043929673731 ], [ 376908.219570971967187, 1507744.147781622130424 ], [ 377403.400050546450075, 1506755.161126292310655 ], [ 377897.66885090310825, 1506260.632961462717503 ], [ 378392.263188123237342, 1507002.768466684035957 ], [ 379629.816826661466621, 1506754.833052223082632 ], [ 381856.275669636146631, 1507249.128426204901189 ], [ 382846.232846539467573, 1508486.86774741881527 ], [ 383340.677125705056824, 1509723.517232190817595 ], [ 382598.757454917766154, 1510960.14829594665207 ] ] ] ] } },
{ "type": "Feature", "properties": { "site_id": 352699, "name_eng": "Foret de Gouloumbou", "desig_eng": "Forest Reserve", "iucn_cat": "Not Reported", "realm": "Terrestrial", "gis_area": 179.25217163000002, "gov_type": "Federal or national ministry or agency", "mang_auth": "Not Reported" }, "geometry": { "type": "MultiPolygon", "coordinates": [ [ [ [ 641354.70580342609901, 1504035.098050010157749 ], [ 641355.494862184743397, 1509525.203623001463711 ], [ 641235.087761287693866, 1511595.378504515625536 ], [ 640034.589483620831743, 1510544.681552766822278 ], [ 639494.864468813640997, 1510124.768203067826107 ], [ 639014.909820585162379, 1509854.521084697451442 ], [ 638475.155200149165466, 1509434.631665288936347 ], [ 638114.64457815955393, 1509075.431676273467019 ], [ 637845.162663978873752, 1508684.635585061274469 ], [ 637365.333419008878991, 1508175.486329637700692 ], [ 637154.560734973987564, 1507725.27212804206647 ], [ 636915.509222634835169, 1507094.604429905302823 ], [ 636614.617110995110124, 1506494.592312086140737 ], [ 636284.654190409579314, 1505655.498680680757388 ], [ 635475.054923494812101, 1504874.780181350884959 ], [ 635054.471836772165261, 1504604.924717860994861 ], [ 634544.993075933656655, 1504155.42204817594029 ], [ 633885.253470590338111, 1503675.300619967048988 ], [ 632865.127586897695437, 1502775.247617572546005 ], [ 632415.27138841629494, 1502505.292795728426427 ], [ 632354.717048654914834, 1500554.817837323294953 ], [ 630375.357763003092259, 1500584.796180335106328 ], [ 629594.793977324385196, 1499774.568362835561857 ], [ 628334.625797353801318, 1498995.220967034110799 ], [ 628184.524864923208952, 1498035.462576226796955 ], [ 628725.136800236767158, 1497915.304316676687449 ], [ 629235.10512496100273, 1497644.570434913272038 ], [ 629775.433296654722653, 1497585.269551452249289 ], [ 630375.339517574757338, 1497735.336237231269479 ], [ 630854.819590312778018, 1497944.553921951912344 ], [ 631454.483197743073106, 1497705.276920472970232 ], [ 631634.805009419564158, 1497135.394494677195325 ], [ 631205.083862282219343, 1496273.776956388028339 ], [ 630885.167182499426417, 1495964.683150827884674 ], [ 630502.950321046635509, 1495337.820860327454284 ], [ 630194.492468264186755, 1494674.824935596669093 ], [ 630404.6088906400837, 1493325.244745708536357 ], [ 629924.730122487060726, 1492515.40243342006579 ], [ 629594.704772049677558, 1491824.659984739031643 ], [ 629265.532048397115432, 1490954.732020936906338 ], [ 629324.947647445369512, 1490534.685442180605605 ], [ 629475.005549563211389, 1490174.811764352023602 ], [ 629474.734957490465604, 1489785.447087332606316 ], [ 629714.800717945676297, 1489395.040227596880868 ], [ 630014.762397663900629, 1489155.363408811856061 ], [ 630375.120124154258519, 1489184.779235717142001 ], [ 630675.344830463174731, 1489334.475134391104802 ], [ 631155.022595107206143, 1489754.959387501934543 ], [ 631904.622416276484728, 1490535.184938694350421 ], [ 632594.607085324591026, 1491104.968523524468765 ], [ 633044.666659018490463, 1491374.907506031449884 ], [ 633764.990886687068269, 1491284.498329318827018 ], [ 634394.839578034589067, 1491105.1574697191827 ], [ 635115.482522904407233, 1490955.052285337354988 ], [ 636164.913402320700698, 1490655.101613415172324 ], [ 637304.99860269157216, 1490205.21788540086709 ], [ 638534.52433941885829, 1489635.271141017787158 ], [ 638894.706751994672231, 1489904.844350216444582 ], [ 639344.908434796496294, 1489934.852484837872908 ], [ 639555.440173986833543, 1489424.898316333768889 ], [ 639525.159569530864246, 1489005.495720719220117 ], [ 640995.279344253358431, 1488615.010845355456695 ], [ 641444.58005525637418, 1488615.180586658418179 ], [ 641685.14573971205391, 1489185.042283985065296 ], [ 641505.350168829318136, 1495094.484880507923663 ], [ 641354.70580342609901, 1504035.098050010157749 ] ] ] ] } },
{ "type": "Feature", "properties": { "site_id": 352704, "name_eng": "AMP de Saint-Louis", "desig_eng": "Marine Protected Area", "iucn_cat": "VI", "realm": "Marine", "gis_area": 496.71939156999997, "gov_type": "Joint governance", "mang_auth": "Direction des aires marines communautaires Protégées" }, "geometry": { "type": "MultiPolygon", "coordinates": [ [ [ [ 306328.566662701778114, 1766969.918502548942342 ], [ 306337.21426541992696, 1750614.089896513847634 ], [ 336661.980794893112034, 1750614.089630985166878 ], [ 336661.975683261174709, 1767013.279501935467124 ], [ 306328.566662701778114, 1766969.918502548942342 ] ] ] ] } },
{ "type": "Feature", "properties": { "site_id": 352705, "name_eng": "AMP Kayar", "desig_eng": "Marine Protected Area", "iucn_cat": "VI", "realm": "Marine", "gis_area": 170.95760527000002, "gov_type": "Joint governance", "mang_auth": "Direction des aires marines communautaires Protégées" }, "geometry": { "type": "MultiPolygon", "coordinates": [ [ [ [ 265507.061000179382972, 1662333.777331734076142 ], [ 254968.800567354861414, 1651299.258861012058333 ], [ 265944.942163652041927, 1646482.600088481092826 ], [ 276379.729339310433716, 1657506.140028571244329 ], [ 265507.061000179382972, 1662333.777331734076142 ] ] ] ] } },
{ "type": "Feature", "properties": { "site_id": 352706, "name_eng": "AMP Joal-Fadiouth", "desig_eng": "Marine Protected Area", "iucn_cat": "VI", "realm": "Marine", "gis_area": 174.05315178000001, "gov_type": "Joint governance", "mang_auth": "Direction des aires marines communautaires Protégées" }, "geometry": { "type": "MultiPolygon", "coordinates": [ [ [ [ 297327.955331873497926, 1556198.397277333773673 ], [ 308284.626568491919897, 1556194.220368834445253 ], [ 298269.839170312858187, 1572658.483829355333 ], [ 288073.418545519467443, 1572654.308474585181102 ], [ 297327.955331873497926, 1556198.397277333773673 ] ] ] ] } },
{ "type": "Feature", "properties": { "site_id": 352707, "name_eng": "AMP Abéné", "desig_eng": "Marine Protected Area", "iucn_cat": "V", "realm": "Marine", "gis_area": 118.98787855, "gov_type": "Joint governance", "mang_auth": "Direction des aires marines communautaires Protégées" }, "geometry": { "type": "MultiPolygon", "coordinates": [ [ [ [ 309769.266794503782876, 1428938.844229736365378 ], [ 311213.312938140355982, 1441910.405638844007626 ], [ 302148.018143781577237, 1441876.003429047996178 ], [ 300457.627921291044913, 1428938.849618300562724 ], [ 309769.266794503782876, 1428938.844229736365378 ] ] ] ] } },
{ "type": "Feature", "properties": { "site_id": 555629212, "name_eng": "Kalissaye", "desig_eng": "Wetland of International Importance (Ramsar Site)", "iucn_cat": "V", "realm": "Coastal", "gis_area": 300.0349623, "gov_type": "Not Reported", "mang_auth": "Full information available from the Ramsar Sites Information Service (RSIS) website - https://rsis.ramsar.org/ris/2326" }, "geometry": { "type": "MultiPolygon", "coordinates": [ [ [ [ 306246.437743044109084, 1403637.171936596976593 ], [ 306553.274919082294218, 1403058.232304603094235 ], [ 308062.266191423696, 1402846.618511058622971 ], [ 308286.031337538966909, 1402845.103208949090913 ], [ 309303.394084363128059, 1403468.196795996278524 ], [ 310306.296302185684908, 1403794.959195269271731 ], [ 311173.421504250145517, 1404270.877173106186092 ], [ 312027.104620106751099, 1404598.678989091189578 ], [ 313000.564460531924851, 1405185.082104057073593 ], [ 313748.791174675279763, 1405550.678254114231095 ], [ 314424.847789308172651, 1406287.265424025943503 ], [ 314727.522925660130568, 1406952.19831203809008 ], [ 315553.149077546957415, 1407761.89249053131789 ], [ 315632.556081036105752, 1408502.348340346710756 ], [ 315116.89275765279308, 1409468.962390141328797 ], [ 314976.517310826573521, 1410803.557636017212644 ], [ 315396.957521720090881, 1411430.555934393545613 ], [ 316846.368015965039376, 1411680.39922648947686 ], [ 316517.302028538659215, 1411719.582511232001707 ], [ 317445.722047840245068, 1412121.025252678431571 ], [ 318343.775675108947325, 1412633.809848214266822 ], [ 319838.70149539160775, 1413216.866073541343212 ], [ 321308.188022267539054, 1412741.998768928227946 ], [ 321923.410593166365288, 1412759.082625278504565 ], [ 323342.275302645866759, 1413120.553186610806733 ], [ 324104.193844068970066, 1413251.738617749651894 ], [ 324671.020409255230334, 1413980.204968324163929 ], [ 324823.357180673396215, 1414497.804135840618983 ], [ 325309.477350125438534, 1415244.338914234191179 ], [ 324537.197674242896028, 1416425.550047546392307 ], [ 323366.978804411948659, 1417046.458327272441238 ], [ 322386.662412011181004, 1418216.801938087213784 ], [ 322097.441156217304524, 1419625.910851950058714 ], [ 322345.934778848022688, 1420608.145260244607925 ], [ 322943.138533420860767, 1420752.479659430216998 ], [ 323392.682182631804608, 1421119.947515988489613 ], [ 324543.896461360855028, 1421211.599497458199039 ], [ 324995.728768271976151, 1421949.361888786312193 ], [ 324664.845710232853889, 1421926.589583517052233 ], [ 324321.235871110577136, 1421361.119974597822875 ], [ 324251.823323722404893, 1422176.209795780014247 ], [ 323048.514657852239907, 1423169.224095979705453 ], [ 322835.285522636200767, 1424799.75297821382992 ], [ 322314.099237792892382, 1424877.126561950659379 ], [ 320002.448243447230197, 1424669.798779161879793 ], [ 319109.112426406994928, 1424823.684616923332214 ], [ 318874.035827751795296, 1425444.166809337213635 ], [ 318893.338814978778828, 1426024.264774179784581 ], [ 317993.665858995867893, 1425201.211944186827168 ], [ 317471.033805000188295, 1425056.525552979903296 ], [ 316950.82701432518661, 1425282.100554295349866 ], [ 316432.579306084138807, 1425803.873450387502089 ], [ 316734.662841124925762, 1426408.632763340137899 ], [ 316981.560881543089636, 1426178.528250941075385 ], [ 316737.100061558419839, 1426778.863606640370563 ], [ 316543.460138353402726, 1427551.312707519391552 ], [ 316161.011438852583524, 1429818.497623934410512 ], [ 316086.636549153423402, 1429838.893133323872462 ], [ 315486.113498230173718, 1429176.490569802699611 ], [ 315731.861473234253936, 1428778.423349992139265 ], [ 315544.348222057684325, 1428594.553387417690828 ], [ 315035.939842857071199, 1428715.326107355533168 ], [ 313915.370709232171066, 1428298.441029116278514 ], [ 309873.058658601425122, 1428741.608412849484012 ], [ 309818.448976398562081, 1428548.299769827630371 ], [ 309770.937486692680977, 1428654.903360004303977 ], [ 309710.094742700806819, 1428594.391615429893136 ], [ 309169.688899918808602, 1425858.237742583500221 ], [ 308401.542933378368616, 1422530.871607217472047 ], [ 308264.647082354407758, 1421589.961488473694772 ], [ 307885.350371724925935, 1420629.705710638780147 ], [ 307579.549554403987713, 1419520.757852149195969 ], [ 306976.205806703772396, 1416253.404003096977249 ], [ 306899.236380438786, 1415903.43185047339648 ], [ 306943.572997711307835, 1416265.278786124661565 ], [ 306793.384444212540984, 1416319.939266680972651 ], [ 306712.703983589424752, 1415431.527304886141792 ], [ 305987.078189951833338, 1413370.944252004381269 ], [ 305535.108952222566586, 1412707.269806030206382 ], [ 305440.486681462207343, 1412053.307968286331743 ], [ 305436.389038074412383, 1411460.600517358630896 ], [ 306190.341405182960443, 1410405.885174710769206 ], [ 306410.983294173842296, 1409959.79122752440162 ], [ 306838.377669499837793, 1409302.181560289114714 ], [ 307030.251097478088923, 1409189.721065097255632 ], [ 307247.879817173001356, 1408299.039219017606229 ], [ 307017.581228677008767, 1407337.292723574209958 ], [ 306939.465380910784006, 1406819.102872939780354 ], [ 306411.330948212300427, 1405933.455950241070241 ], [ 305999.967599979951046, 1404404.838324055774137 ], [ 305950.139834824542049, 1403935.655247205868363 ], [ 306246.437743044109084, 1403637.171936596976593 ] ] ], [ [ [ 309656.376982962945476, 1428911.924529646756127 ], [ 309596.422711897350382, 1428771.958005559397861 ], [ 309725.050963260931894, 1428757.844922410557047 ], [ 309656.376982962945476, 1428911.924529646756127 ] ] ], [ [ [ 309725.050963260931894, 1428757.844922410557047 ], [ 309770.937486692680977, 1428654.903360004303977 ], [ 309859.589591989759356, 1428743.083514416124672 ], [ 309725.050963260931894, 1428757.844922410557047 ] ] ], [ [ [ 306943.572997711307835, 1416265.278786124661565 ], [ 306965.775826677388977, 1416257.193221687572077 ], [ 306972.594503695494495, 1416293.479884618427604 ], [ 306961.77255406009499, 1416413.851294987136498 ], [ 306943.572997711307835, 1416265.278786124661565 ] ] ], [ [ [ 309859.589591989759356, 1428743.083514416124672 ], [ 309873.058658601425122, 1428741.608412849484012 ], [ 309878.908837807481177, 1428762.312948390142992 ], [ 309859.589591989759356, 1428743.083514416124672 ] ] ] ] } },
{ "type": "Feature", "properties": { "site_id": 555629213, "name_eng": "Réserve Naturelle d'Intérêt Communautaire de la Somone", "desig_eng": "Wetland of International Importance (Ramsar Site)", "iucn_cat": "V", "realm": "Coastal", "gis_area": 7.01989679, "gov_type": "Not Reported", "mang_auth": "Full information available from the Ramsar Sites Information Service (RSIS) website - https://rsis.ramsar.org/ris/2327" }, "geometry": { "type": "MultiPolygon", "coordinates": [ [ [ [ 274509.112951373273972, 1603063.965870989486575 ], [ 274840.421670676558279, 1602858.606102334102616 ], [ 275225.454197470680811, 1603043.505297916242853 ], [ 275360.56686895666644, 1603145.59903399925679 ], [ 275437.275468435138464, 1603439.202726768795401 ], [ 275549.83527251414489, 1603603.722921656677499 ], [ 275714.908254148089327, 1603436.676192002836615 ], [ 275767.090533755312208, 1603068.324672700604424 ], [ 275933.327539393445477, 1603030.026423272676766 ], [ 276131.11468978296034, 1603153.202285972423851 ], [ 276328.55360441992525, 1603151.411100039724261 ], [ 276438.252796156564727, 1603343.551238161977381 ], [ 276684.203157128591556, 1603589.63865013117902 ], [ 276934.734961320355069, 1603660.945954537484795 ], [ 277284.86288424488157, 1603832.510009961668402 ], [ 277469.5244135496323, 1603784.858403177699074 ], [ 277653.191458824207075, 1603626.866403988329694 ], [ 277933.74742566619534, 1603605.944543302524835 ], [ 278027.114086859102827, 1603697.071941851638258 ], [ 278019.519287313858513, 1603881.065391124691814 ], [ 277929.38381256442517, 1604148.573654673993587 ], [ 277534.84858028619783, 1604100.746249142335728 ], [ 277800.377116833929904, 1604554.374311929801479 ], [ 278034.691981325217057, 1604883.325826041167602 ], [ 278037.674630134832114, 1605214.362185563892126 ], [ 278251.831114375439938, 1605531.444135990925133 ], [ 278605.975127324694768, 1605893.528760683024302 ], [ 278773.516019154631067, 1606002.373155426699668 ], [ 278978.368525889352895, 1606058.259338223841041 ], [ 279169.41829574352596, 1606206.526279938407242 ], [ 279221.786430921521969, 1606458.120868157362565 ], [ 279465.161301796324551, 1606768.584225225262344 ], [ 279264.898845371324569, 1607138.195042849052697 ], [ 279785.179636103915982, 1607372.603334535611793 ], [ 279978.647981971385889, 1607707.310809476533905 ], [ 279825.654762144491542, 1607758.437640939373523 ], [ 279620.783061639463995, 1607613.146873430116102 ], [ 279283.155659709766041, 1607538.826533257728443 ], [ 278840.604341864585876, 1607289.13211792637594 ], [ 278747.087385995371733, 1607179.622596209170297 ], [ 278451.128973463608418, 1607111.290294274222106 ], [ 278299.149437247775495, 1606760.668128779623657 ], [ 278296.664518189500086, 1606484.830375767545775 ], [ 278334.521411848370917, 1606311.686759554315358 ], [ 278200.65696755918907, 1606099.484437287552282 ], [ 277902.56780615093885, 1605881.470093167386949 ], [ 277640.497959677770268, 1605552.782330813119188 ], [ 277231.643122743349522, 1605283.161165088880807 ], [ 277082.587035072734579, 1605002.28426116402261 ], [ 276934.280593173811212, 1604976.036025121575221 ], [ 276822.318877327663358, 1604875.884330890839919 ], [ 276450.351397431630176, 1604848.821526359999552 ], [ 276320.880457476014271, 1604687.318690586136654 ], [ 276246.770152041921392, 1604850.669496026355773 ], [ 276046.701928708702326, 1604726.585680121323094 ], [ 276062.034365040482953, 1604889.135540526360273 ], [ 275817.867605714593083, 1605004.563539806753397 ], [ 275231.449356876895763, 1605225.199945139698684 ], [ 274679.159419615461957, 1605287.342349604470655 ], [ 274691.496473294915631, 1604791.27783955889754 ], [ 274945.554256558709312, 1604237.159391964785755 ], [ 275112.464658897719346, 1604272.423842982854694 ], [ 275130.137656367383897, 1604180.303999065887183 ], [ 275332.769175947178155, 1604157.49474356812425 ], [ 275129.298733685165644, 1604088.341989863198251 ], [ 274979.220542463473976, 1603868.995204762089998 ], [ 275062.147381583461538, 1603659.563602142501622 ], [ 275042.219623990007676, 1603503.396963506238535 ], [ 274967.341425692138728, 1603412.110438498901203 ], [ 274509.112951373273972, 1603063.965870989486575 ] ] ], [ [ [ 275195.237174101057462, 1603020.672065430320799 ], [ 275248.674359935917892, 1603054.648804385913536 ], [ 275225.454197470680811, 1603043.505297916242853 ], [ 275195.237174101057462, 1603020.672065430320799 ] ] ] ] } },
{ "type": "Feature", "properties": { "site_id": 555629214, "name_eng": "Réserve Naturelle Communautaire de Palmarin", "desig_eng": "Wetland of International Importance (Ramsar Site)", "iucn_cat": "VI", "realm": "Coastal", "gis_area": 104.56578198000001, "gov_type": "Not Reported", "mang_auth": "Full information available from the Ramsar Sites Information Service (RSIS) website - https://rsis.ramsar.org/ris/2328" }, "geometry": { "type": "MultiPolygon", "coordinates": [ [ [ [ 306852.5049890508526, 1555320.673341727815568 ], [ 308198.7246208419092, 1555639.519847172079608 ], [ 309399.298769740853459, 1554167.340638260589913 ], [ 309088.325946952216327, 1552884.111495008459315 ], [ 308907.253876944538206, 1552828.993040800560266 ], [ 308840.337744567426853, 1552002.375123251462355 ], [ 309073.242489954864141, 1552010.688868702854961 ], [ 309080.457624169066548, 1551805.559299977030605 ], [ 308919.068288199021481, 1551581.188644104171544 ], [ 308982.044437418109737, 1551443.424700711853802 ], [ 309131.627316718338989, 1551293.837708361446857 ], [ 310237.726229405961931, 1550510.514566427562386 ], [ 310033.041716613864992, 1549770.487120293313637 ], [ 309635.469075694680214, 1549313.881836459273472 ], [ 309285.137279945076443, 1547042.63581402413547 ], [ 309517.383246234443504, 1546475.806856370531023 ], [ 309383.547270356328227, 1546235.690531523199752 ], [ 310025.163560036104172, 1545936.534710054984316 ], [ 310127.507247662113514, 1545141.395522666396573 ], [ 310344.009150446625426, 1544932.77186450897716 ], [ 312457.803275521611795, 1546216.013304970692843 ], [ 313796.141941967769526, 1547550.421694536926225 ], [ 314221.268870181404054, 1550168.052173310890794 ], [ 315595.039383964671288, 1551404.055242144502699 ], [ 317567.126251165405847, 1552852.613557731267065 ], [ 317634.037847183528356, 1553419.438681627856568 ], [ 317102.639286837016698, 1553643.815737239317968 ], [ 316630.284802681067958, 1554395.642298117745668 ], [ 315654.079487692331895, 1554745.97647869377397 ], [ 315158.100020383950323, 1556304.758188008796424 ], [ 311992.226816484355368, 1559649.734709456097335 ], [ 311237.544367515656631, 1560630.752356381854042 ], [ 310166.871160121634603, 1561744.719361379276961 ], [ 309985.801600401173346, 1561847.065264146076515 ], [ 305998.327330736792646, 1562512.301634485833347 ], [ 305592.888510109158233, 1562724.861506329849362 ], [ 305439.376510923728347, 1562964.980649155564606 ], [ 304333.275271325139329, 1562122.61171750864014 ], [ 306852.5049890508526, 1555320.673341727815568 ] ] ] ] } },
{ "type": "Feature", "properties": { "site_id": 555651496, "name_eng": "AMP Bamboung", "desig_eng": "Marine Protected Area", "iucn_cat": "II", "realm": "Coastal", "gis_area": 70.01764111, "gov_type": "Joint governance", "mang_auth": "Direction des aires marines communautaires Protégées" }, "geometry": { "type": "MultiPolygon", "coordinates": [ [ [ [ 340146.853521096811164, 1524892.8317457777448 ], [ 338192.330069142393768, 1529449.853247994789854 ], [ 338980.420663444558159, 1531763.097088652662933 ], [ 338039.120228914020117, 1532585.593106514541432 ], [ 336319.400866994168609, 1531348.325915599707514 ], [ 335370.576274855295196, 1532046.401218206156045 ], [ 330600.110145315877162, 1530675.579555104020983 ], [ 328735.780642957310192, 1528491.392785671632737 ], [ 330104.6725342994323, 1527823.804492659633979 ], [ 330496.283471343922429, 1527236.380467423936352 ], [ 331509.375107653206214, 1527168.278278688667342 ], [ 332475.038856118568219, 1526517.968093531439081 ], [ 332770.234497598954476, 1526753.130382559262216 ], [ 334923.212646478379611, 1523839.572613514959812 ], [ 334242.156058336957358, 1522937.158974342048168 ], [ 334518.494671807740815, 1522287.280413715634495 ], [ 335026.007288106891792, 1521868.999021677067503 ], [ 335306.076503377291374, 1521049.653919450938702 ], [ 336726.0370518831769, 1520768.937475590035319 ], [ 338603.532929277687799, 1520764.053801199421287 ], [ 338515.845424837199971, 1522562.567023097071797 ], [ 338625.987916258804034, 1523869.041488979244605 ], [ 340146.853521096811164, 1524892.8317457777448 ] ] ] ] } },
{ "type": "Feature", "properties": { "site_id": 555651498, "name_eng": "Palmarin", "desig_eng": "Community Nature Reserve", "iucn_cat": "VI", "realm": "Coastal", "gis_area": 104.56662223, "gov_type": "Joint governance", "mang_auth": "Direction des aires marines communautaires Protégées" }, "geometry": { "type": "MultiPolygon", "coordinates": [ [ [ [ 306852.5049890508526, 1555320.673341727815568 ], [ 308198.7246208419092, 1555639.519847172079608 ], [ 309399.298769740853459, 1554167.340638260589913 ], [ 309088.325946952216327, 1552884.111495008459315 ], [ 308907.253876944538206, 1552828.993040800560266 ], [ 308840.337744567426853, 1552002.375123251462355 ], [ 309073.242489954864141, 1552010.688868702854961 ], [ 309080.457624169066548, 1551805.559299977030605 ], [ 308919.068288199021481, 1551581.188644104171544 ], [ 308982.044437418109737, 1551443.424700711853802 ], [ 309131.627316718338989, 1551293.837708361446857 ], [ 310237.726229405961931, 1550510.514566427562386 ], [ 310033.041716613864992, 1549770.487120293313637 ], [ 309635.469075694680214, 1549313.881836459273472 ], [ 309285.137279945076443, 1547042.63581402413547 ], [ 309517.383246234443504, 1546475.806856370531023 ], [ 309383.547270356328227, 1546235.690531523199752 ], [ 310025.163560036104172, 1545936.534710054984316 ], [ 310127.507247662113514, 1545141.395522666396573 ], [ 310344.009150446625426, 1544932.77186450897716 ], [ 312457.803275521611795, 1546216.013304970692843 ], [ 313796.141941967769526, 1547550.421694536926225 ], [ 314221.268870181404054, 1550168.052173310890794 ], [ 315595.039383964671288, 1551404.055242144502699 ], [ 317567.126251165405847, 1552852.613557731267065 ], [ 317634.037847183528356, 1553419.438681627856568 ], [ 317102.639286837016698, 1553643.815737239317968 ], [ 316630.284802681067958, 1554395.642298117745668 ], [ 315654.079487692331895, 1554745.97647869377397 ], [ 315158.100020383950323, 1556304.758188008796424 ], [ 311992.226816484355368, 1559649.734709456097335 ], [ 311237.544367515656631, 1560630.752356381854042 ], [ 310166.871160121634603, 1561744.719361379276961 ], [ 309985.801600401173346, 1561847.065264146076515 ], [ 305998.327330736792646, 1562512.301634485833347 ], [ 305592.888510109158233, 1562724.861506329849362 ], [ 305439.376510923728347, 1562964.980649155564606 ], [ 304333.275271325139329, 1562122.61171750864014 ], [ 306852.5049890508526, 1555320.673341727815568 ] ] ] ] } },
{ "type": "Feature", "properties": { "site_id": 555651499, "name_eng": "Tocc Tocc", "desig_eng": "Community Nature Reserve", "iucn_cat": "IV", "realm": "Terrestrial", "gis_area": 2.60903505, "gov_type": "Joint governance", "mang_auth": "Direction des Parcs Nationaux" }, "geometry": { "type": "MultiPolygon", "coordinates": [ [ [ [ 412123.233143607794773, 1808314.557477593887597 ], [ 411196.916745292022824, 1808369.765950376167893 ], [ 410473.039364758878946, 1808351.362470555584878 ], [ 410374.884434162755497, 1808210.271263060625643 ], [ 410246.056218213983811, 1807713.377101816702634 ], [ 410221.516193021787331, 1805652.166442376794294 ], [ 410430.097031215322204, 1805658.298866723664105 ], [ 410583.454237269063015, 1805860.740233235293999 ], [ 410638.675166339147836, 1806020.240629140753299 ], [ 410767.498679455020465, 1806149.060247078770772 ], [ 411049.688198772084434, 1806793.185614615911618 ], [ 411411.619297957513481, 1807216.470966650173068 ], [ 411442.298213817120995, 1807308.489441792713478 ], [ 411423.890792981430423, 1807375.971073852386326 ], [ 411472.966848780401051, 1807474.120972906472161 ], [ 411448.434943004627712, 1807498.658969189738855 ], [ 411368.678447737824172, 1807467.996581194456667 ], [ 411368.68284599884646, 1807529.340729150455445 ], [ 411417.755002433492336, 1807602.952861571451649 ], [ 411908.518480114464182, 1808050.778632263885811 ], [ 412172.307563653914258, 1808247.074186499230564 ], [ 412123.233143607794773, 1808314.557477593887597 ] ] ] ] } },
{ "type": "Feature", "properties": { "site_id": 555651500, "name_eng": "Technolpole", "desig_eng": "Urban Nature Reserve", "iucn_cat": "VI", "realm": "Terrestrial", "gis_area": 6.47981977, "gov_type": "Joint governance", "mang_auth": "Direction des aires marines communautaires Protégées" }, "geometry": { "type": "MultiPolygon", "coordinates": [ [ [ [ 238712.342488033609698, 1631191.746512914774939 ], [ 238725.080360108811874, 1631230.066951456712559 ], [ 238751.675362460606266, 1631347.566871674032882 ], [ 238671.088141757267294, 1631373.177967688068748 ], [ 238616.536064522806555, 1631371.486076698871329 ], [ 238608.703955222852528, 1631456.346127568511292 ], [ 238854.978679208375979, 1631503.394882319960743 ], [ 238950.865447485412005, 1631587.933688791235909 ], [ 239215.981127920793369, 1631578.092478051315993 ], [ 239870.490759834967321, 1631658.884431850397959 ], [ 240537.75936283331248, 1631694.479363894322887 ], [ 240749.666211878444301, 1632073.240682018222287 ], [ 240736.792025799601106, 1632113.407786525087431 ], [ 240780.463427922455594, 1632219.9652966754511 ], [ 241589.250188906007679, 1633330.903813867596909 ], [ 241653.41167055038386, 1633655.97493509342894 ], [ 241775.001570650812937, 1633880.636916390154511 ], [ 241922.973080304538598, 1633873.489268432371318 ], [ 242065.58926396156312, 1634125.735491819446906 ], [ 241636.016402762936195, 1634492.907942126039416 ], [ 241496.803354251518613, 1634317.486416469095275 ], [ 241380.331842337007402, 1634442.572170961415395 ], [ 241263.132221973064588, 1634391.819216904696077 ], [ 241181.732497226097621, 1634421.140440137591213 ], [ 241090.667391080904054, 1634309.322933195857331 ], [ 240961.656827563769184, 1634294.420732167549431 ], [ 240857.142972207511775, 1634040.497832606779411 ], [ 240798.320476642315043, 1634005.549108426552266 ], [ 240744.308706878800876, 1634013.423250035149977 ], [ 240730.538872765464475, 1634058.316043090773746 ], [ 240659.64054918801412, 1634019.312619112664834 ], [ 240550.604080884251744, 1633840.22825093055144 ], [ 240442.287881573167397, 1633815.730008605867624 ], [ 240051.418421210953966, 1633387.905991545878351 ], [ 240013.12946126924362, 1633373.439212731551379 ], [ 239909.045268327958183, 1633422.225872680777684 ], [ 239791.984697404433973, 1633582.518060751724988 ], [ 239627.377961157879326, 1633530.654482608893886 ], [ 239672.27058378449874, 1633473.071586857782677 ], [ 239530.360043547378154, 1633436.241082287626341 ], [ 239572.726093099161517, 1633330.076223912183195 ], [ 239357.121435273904353, 1633286.246542677748948 ], [ 239262.543800794432173, 1633230.54209782066755 ], [ 238798.904182739293901, 1632732.635090215597302 ], [ 238826.689359025884187, 1632715.918155472259969 ], [ 238791.548521721008001, 1632618.027294240891933 ], [ 238734.318770042649703, 1632590.559879220090806 ], [ 238705.616879929788411, 1632490.429806248517707 ], [ 238542.316754710103851, 1632374.007525682915002 ], [ 238231.301917445816798, 1632332.655889547429979 ], [ 238211.575790601869812, 1632426.19125291868113 ], [ 238171.723066094185924, 1632419.81406680890359 ], [ 238040.508074705692707, 1632335.926307156449184 ], [ 237836.183648587029893, 1632295.451168892905116 ], [ 237819.27557597879786, 1632249.183450979180634 ], [ 237771.27691855939338, 1632238.721581908874214 ], [ 237781.495871636900119, 1632208.466572416946292 ], [ 237676.645633107516915, 1632168.896986428648233 ], [ 237704.276187072915491, 1632086.179484877735376 ], [ 237629.276078046765178, 1631887.428240602137521 ], [ 237581.131647782749496, 1631927.2161807611119 ], [ 237524.199599232058972, 1631868.883962394902483 ], [ 237511.639038786408491, 1631637.363418873632327 ], [ 237454.827777031809092, 1631480.914011187851429 ], [ 237580.281519301293883, 1631366.516009937273338 ], [ 237569.44549144373741, 1631234.421143718762323 ], [ 237935.15351983968867, 1631308.861854851478711 ], [ 238040.4829166745767, 1631071.660961433546618 ], [ 237962.592856972769368, 1630910.401722486363724 ], [ 238065.393526642321376, 1630837.699079607147723 ], [ 238256.745799294731114, 1631209.151631176704541 ], [ 238452.78596800044761, 1631357.733104093465954 ], [ 238436.787689715420129, 1631414.596366131445393 ], [ 238606.225128598249285, 1631455.254787476966158 ], [ 238612.901693454041379, 1631368.137813766719773 ], [ 238748.672859808953945, 1631347.864936677971855 ], [ 238712.342488033609698, 1631191.746512914774939 ] ] ], [ [ [ 238695.820652800495736, 1631178.164467929629609 ], [ 238578.177524468163028, 1631178.249097225256264 ], [ 238386.390195907646557, 1630807.928666030755267 ], [ 238178.189809707226232, 1630586.237787547754124 ], [ 238134.424353376409272, 1630582.946744084125385 ], [ 238067.229452213679906, 1630319.736538069555536 ], [ 238172.964809605065966, 1630278.066174924373627 ], [ 238252.094155434693675, 1630290.717288138344884 ], [ 238477.682295062521007, 1630736.857847212348133 ], [ 238545.961243757017655, 1630756.523470103740692 ], [ 238695.820652800495736, 1631178.164467929629609 ] ] ], [ [ [ 238707.97804111710866, 1631178.642206089338288 ], [ 238708.3768440617132, 1631178.660045321565121 ], [ 238712.342488033609698, 1631191.746512914774939 ], [ 238707.97804111710866, 1631178.642206089338288 ] ] ] ] } },
{ "type": "Feature", "properties": { "site_id": 555651501, "name_eng": "AMP Somone", "desig_eng": "Marine Protected Area", "iucn_cat": "VI", "realm": "Coastal", "gis_area": 41.0656611, "gov_type": "Joint governance", "mang_auth": "Direction des aires marines communautaires Protégées" }, "geometry": { "type": "MultiPolygon", "coordinates": [ [ [ [ 274872.602975659072399, 1604655.308833085466176 ], [ 274667.512391256925184, 1604616.289416250074282 ], [ 274483.609001960954629, 1605381.865701472852379 ], [ 274286.118582664057612, 1606037.393904639175162 ], [ 274129.107109251548536, 1606485.349481486482546 ], [ 274003.822028289432637, 1606742.057913733646274 ], [ 268998.925697354483418, 1606706.628926578909159 ], [ 269091.447425137041137, 1601100.101608196739107 ], [ 276572.656366274750326, 1601159.863134253304452 ], [ 276110.974162767757662, 1601793.760057798353955 ], [ 275823.701849900535308, 1602599.707989658927545 ], [ 275577.529307344928384, 1602688.07153509138152 ], [ 275317.270284978323616, 1602863.477768218843266 ], [ 275252.138320438854862, 1602957.888781381770968 ], [ 275115.546575178857893, 1602908.98747747275047 ], [ 275288.075898167560808, 1603215.695757935289294 ], [ 275407.871752478415146, 1603301.947937737451866 ], [ 275373.079763617599383, 1603448.021460896125063 ], [ 275414.341439605224878, 1603558.883331058779731 ], [ 275464.003486384404823, 1603620.120330050587654 ], [ 275772.102471449587028, 1603534.201308779418468 ], [ 275835.115189525473397, 1603471.186736083356664 ], [ 275826.375438074581325, 1603426.664978065760806 ], [ 275893.710603628191166, 1603369.377389856148511 ], [ 275900.746838331688195, 1603273.902343878522515 ], [ 275815.317044008290395, 1603180.440703753847629 ], [ 275890.699202341551427, 1603088.981760501395911 ], [ 276035.411170985142235, 1603091.994715820532292 ], [ 276082.655903039034456, 1603167.37664124998264 ], [ 276202.251819942670409, 1603113.101927248062566 ], [ 276253.50508306059055, 1603131.196764275431633 ], [ 276361.036883358494379, 1603316.118329417193308 ], [ 276595.206606036517769, 1603567.369577360805124 ], [ 276645.759025831706822, 1603611.80037879338488 ], [ 276785.855796380725224, 1603642.604633656330407 ], [ 276891.086958897183649, 1603618.023724230006337 ], [ 277271.126023396500386, 1603702.406303035560995 ], [ 277354.95705611538142, 1603703.26499818218872 ], [ 277390.353965918067843, 1603662.428391803754494 ], [ 277519.761072440946009, 1603663.097586274147034 ], [ 277505.115482051682193, 1603604.219486148329452 ], [ 277581.79211390519049, 1603518.365772413788363 ], [ 277538.704244751250371, 1603459.722075233235955 ], [ 277576.610641617677175, 1603392.191293043550104 ], [ 277872.37306643021293, 1603526.913363603176549 ], [ 278100.641921951784752, 1603496.01723995571956 ], [ 278107.356311354087666, 1603587.935895453905687 ], [ 278313.636341860401444, 1604117.945054740877822 ], [ 278355.66516879783012, 1604194.63866178994067 ], [ 278585.929571898654103, 1604409.396288110176101 ], [ 278485.327195950783789, 1604533.577096564695239 ], [ 278302.425308129400946, 1604355.579959037713706 ], [ 278020.805356052238494, 1604387.863322008401155 ], [ 277912.279283607203979, 1604499.944347056560218 ], [ 278045.815843085933011, 1604678.306004961021245 ], [ 278176.822654346062336, 1604791.450024509802461 ], [ 278262.9756048063864, 1604971.699940944556147 ], [ 278628.254115473362617, 1605285.930946606444195 ], [ 279016.811050199670717, 1606155.116698291385546 ], [ 279165.847380451275967, 1606131.755756797268987 ], [ 279438.139210587600246, 1606445.65629956824705 ], [ 279442.930717922165059, 1606608.587323870044202 ], [ 279347.086576297704596, 1606948.830100987106562 ], [ 279141.015626211999916, 1607111.771899682236835 ], [ 278939.694255249691196, 1607336.272792316507548 ], [ 278838.947257999621797, 1607329.055107114603743 ], [ 278258.819823732716031, 1606799.235371759859845 ], [ 278318.450595927308314, 1606646.104040227597579 ], [ 278443.58362941048108, 1606460.045020791236311 ], [ 278425.628293440910056, 1606384.086769857211038 ], [ 278220.555042155378032, 1606412.517039042664692 ], [ 278102.885475694725756, 1606316.540599157800898 ], [ 277955.070567535120063, 1606074.771823333809152 ], [ 277824.300782517995685, 1605737.649809015681967 ], [ 277764.523769742925651, 1605709.746549464995041 ], [ 277746.524898411473259, 1605557.546975169796497 ], [ 277686.959743393992539, 1605492.25693924119696 ], [ 277689.969722089474089, 1605431.548348802607507 ], [ 277623.776269729365595, 1605446.588613569037989 ], [ 277468.295060420816299, 1605334.664760413346812 ], [ 277293.975765138107818, 1605306.137476194882765 ], [ 277224.256944901193492, 1605265.210530193522573 ], [ 277136.947563992463984, 1605155.792887384537607 ], [ 277142.075029675965197, 1605075.420575713273138 ], [ 277004.059825803153217, 1604957.97342971758917 ], [ 276582.506934786855709, 1604788.147359240334481 ], [ 276275.744769702258054, 1604706.144400809891522 ], [ 276243.251144533162005, 1604641.253165451344103 ], [ 276003.610961819591466, 1604710.564563725143671 ], [ 275712.477153737039771, 1604995.540070998249575 ], [ 275434.046323823393323, 1605049.351438626414165 ], [ 275248.298965133784804, 1605128.007678350899369 ], [ 275142.859619418566581, 1605106.547424652613699 ], [ 274920.667909190466162, 1605199.129762277705595 ], [ 274747.035130224656314, 1605188.631325372727588 ], [ 274728.647602701559663, 1605175.208725314354524 ], [ 274779.845724763115868, 1605096.737679953454062 ], [ 274738.539902596618049, 1605066.115610709879547 ], [ 274881.320582678774372, 1604877.782935730880126 ], [ 274872.602975659072399, 1604655.308833085466176 ] ] ] ] } },
{ "type": "Feature", "properties": { "site_id": 555651502, "name_eng": "AMP Sangomar", "desig_eng": "Marine Protected Area", "iucn_cat": "VI", "realm": "Marine", "gis_area": 874.27622177000001, "gov_type": "Joint governance", "mang_auth": "Direction des aires marines communautaires Protégées" }, "geometry": { "type": "MultiPolygon", "coordinates": [ [ [ [ 285934.477713953820057, 1555906.182346375193447 ], [ 285803.770176717778668, 1524469.439319445751607 ], [ 316129.444767304463312, 1524469.439250014023855 ], [ 317371.226400509942323, 1524534.791041603544727 ], [ 318743.727818013983779, 1524861.58525937772356 ], [ 318874.447057853045408, 1525515.14676666771993 ], [ 319005.155888298875652, 1527541.218745976453647 ], [ 319528.011670396197587, 1528979.078855699393898 ], [ 319462.654729001922533, 1529959.435367532772943 ], [ 319593.371893575065769, 1531201.219703888287768 ], [ 318547.654096279409714, 1531854.789906621910632 ], [ 317959.446345384989399, 1532900.495170005597174 ], [ 316848.376428038813174, 1533750.13657278008759 ], [ 316260.162690480821766, 1535514.776396062457934 ], [ 316456.234407165786251, 1537148.705528569407761 ], [ 317828.73055947793182, 1536756.563355810474604 ], [ 318024.79712981270859, 1537475.492108040722087 ], [ 318678.377248796750791, 1541070.135119281476364 ], [ 317959.442906882846728, 1542442.627979317447171 ], [ 317501.947845061891712, 1542442.634053514804691 ], [ 316913.726564749900717, 1541854.416122427443042 ], [ 315083.73769196140347, 1540677.991186887258664 ], [ 313319.089459706330672, 1539436.2094788311515 ], [ 312469.448731162876356, 1538978.70731912762858 ], [ 309593.745400081854314, 1540612.636010543908924 ], [ 309201.603187640896067, 1544272.628946057287976 ], [ 309005.532259934698232, 1548455.482555173104629 ], [ 308809.459078471700195, 1550285.476298633264378 ], [ 308744.103659582324326, 1551788.692844942677766 ], [ 308809.4570598169812, 1552834.406642493093386 ], [ 308548.02741956722457, 1553422.618435074575245 ], [ 308286.596393425483257, 1555383.32478337478824 ], [ 308025.17611767211929, 1556036.897382904309779 ], [ 307436.954093543987256, 1555840.834644623333588 ], [ 285934.477713953820057, 1555906.182346375193447 ] ], [ [ 309008.209752252907492, 1548333.705451760673895 ], [ 308940.173097867984325, 1548324.764323215465993 ], [ 309005.530281197628938, 1548390.122769451700151 ], [ 309008.209752252907492, 1548333.705451760673895 ] ] ] ] } },
{ "type": "Feature", "properties": { "site_id": 555651503, "name_eng": "AMP Niamone-Kalounayes", "desig_eng": "Marine Protected Area", "iucn_cat": "VI", "realm": "Coastal", "gis_area": 660.57916826000007, "gov_type": "Federal or national ministry or agency", "mang_auth": "Not Reported" }, "geometry": { "type": "MultiPolygon", "coordinates": [ [ [ [ 354216.999378572567366, 1393130.001938770059496 ], [ 354646.456668020400684, 1392672.073054008418694 ], [ 355892.352859321399592, 1392860.742308577522635 ], [ 357347.181845804676414, 1393243.5937594845891 ], [ 358915.124847009079531, 1393532.466628844384104 ], [ 359437.577380353584886, 1392748.783256089547649 ], [ 361042.26552713336423, 1392151.69025367195718 ], [ 362870.848612112458795, 1391741.190703411120921 ], [ 363579.895559665048495, 1391927.788566820323467 ], [ 366714.620394697994925, 1393905.648498527007177 ], [ 368710.332591399084777, 1394426.829823967535049 ], [ 370483.758216303423978, 1393420.508806882193312 ], [ 372163.076116245472804, 1392338.280961978482082 ], [ 376006.84321740019368, 1392189.007902873679996 ], [ 378731.073055948596448, 1393719.058149217860773 ], [ 382201.666154100908898, 1394540.058344133663923 ], [ 385560.296436993521638, 1395510.330371204065159 ], [ 387836.708303309744224, 1396891.098269531037658 ], [ 388657.703260024311021, 1397973.333451677346602 ], [ 388956.257587756030262, 1400063.144616232253611 ], [ 389086.929854020127095, 1401699.054989535361528 ], [ 388665.736434526741505, 1402995.195971342502162 ], [ 389209.002876242680941, 1404050.004592195386067 ], [ 390133.99565902701579, 1405450.003491479670629 ], [ 389954.997346800751984, 1405963.004710671491921 ], [ 390170.998887985944748, 1406552.995993602555245 ], [ 389817.000305544701405, 1406753.003727540373802 ], [ 389293.997817223658785, 1407510.004318078281358 ], [ 389138.002251995843835, 1408251.747311842162162 ], [ 389146.001211809518281, 1408867.004271177109331 ], [ 389076.001460224157199, 1409814.749848684761673 ], [ 389434.999342919269111, 1410308.005129581550136 ], [ 390362.999819333781488, 1410829.004713605856523 ], [ 391193.997854490065947, 1410992.999141155043617 ], [ 392256.810826408793218, 1411420.056117940694094 ], [ 392213.996205728501081, 1412395.002033377066255 ], [ 392667.639203704078682, 1412953.250600758939981 ], [ 393055.99786404822953, 1413968.999860595213249 ], [ 392153.996906145301182, 1414696.996849923627451 ], [ 391793.995999483799096, 1415198.996979150222614 ], [ 391707.002827613148838, 1417241.002942082937807 ], [ 391823.995531156542711, 1417856.999957095365971 ], [ 392396.994877748133149, 1418480.000754627864808 ], [ 392666.002027534705121, 1419188.000608643516898 ], [ 393325.003204509383067, 1419200.998113779351115 ], [ 393939.338631506136153, 1419874.070522351423278 ], [ 394419.003244785242714, 1420657.002876877784729 ], [ 394470.524475556449033, 1421589.595250102691352 ], [ 393217.718667067529168, 1421589.600128662772477 ], [ 391874.759158147906419, 1421746.069192262133583 ], [ 390732.221003488870338, 1421722.090532710542902 ], [ 389825.453814773005433, 1421465.990858843317255 ], [ 387748.405722372001037, 1421568.172121186507866 ], [ 385684.470399623562116, 1421304.699506809469312 ], [ 385826.193006643443368, 1420024.700456514954567 ], [ 386704.115139344823547, 1418582.899873309768736 ], [ 387360.775371422874741, 1417299.489528118167073 ], [ 387750.149677557405084, 1416406.77826483733952 ], [ 387181.062580190598965, 1415770.894292651675642 ], [ 386493.283136754878797, 1415493.599386556772515 ], [ 384013.79533051175531, 1414918.234950694721192 ], [ 384635.560973096115049, 1413542.396247028606012 ], [ 384741.394783933879808, 1412410.543606247985736 ], [ 383114.855677394079976, 1412327.092342898948118 ], [ 380661.995633630431257, 1412523.994491593679413 ], [ 379502.638328366505448, 1412669.263191713951528 ], [ 377968.050350358826108, 1413270.442771825240925 ], [ 377848.983426220540423, 1407893.534420655108988 ], [ 380262.817502591875382, 1407241.139719456667081 ], [ 380673.252893809694797, 1407240.463676493847743 ], [ 382254.304000301111955, 1406721.994632821064442 ], [ 384397.4338904034812, 1406179.591262704692781 ], [ 383656.603902356524486, 1405525.504931604024023 ], [ 382227.852013572584838, 1404665.604859849903733 ], [ 381189.301094796101097, 1403583.850304718129337 ], [ 380799.100260977225844, 1403541.127489080186933 ], [ 379582.013963330187835, 1403117.785903953015804 ], [ 379176.834402974112891, 1403369.445148529019207 ], [ 377958.726060666143894, 1404246.702572522684932 ], [ 377174.297311169328168, 1404467.171274184249341 ], [ 376904.23782343394123, 1405029.734603884629905 ], [ 376392.58330876508262, 1406393.656629136996344 ], [ 376035.200131652934942, 1407592.599208499537781 ], [ 373304.349490718333982, 1408878.300331196980551 ], [ 369143.98037455487065, 1410761.412370589794591 ], [ 367830.53389074280858, 1411442.673108657123521 ], [ 366396.443395226320717, 1412343.294492498738691 ], [ 365124.302342951181345, 1413510.267980497097597 ], [ 362456.612783789401874, 1412897.468409446068108 ], [ 360073.707903874805197, 1412208.795572488103062 ], [ 359007.591081561229657, 1412212.194450326031074 ], [ 358396.740555518015753, 1412002.210901645710692 ], [ 358207.654848098754883, 1410430.476544077740982 ], [ 358224.929762261803262, 1409310.631665876600891 ], [ 357745.950768631591927, 1408014.203114726115018 ], [ 355673.384507677983493, 1408365.485758960014209 ], [ 355180.001689938362688, 1408222.003710762131959 ], [ 354292.546803234552499, 1408146.189698642818257 ], [ 353648.669365503708832, 1407853.605668656993657 ], [ 352406.445699171512388, 1406717.906525168102235 ], [ 352059.105133114673663, 1405378.247704058419913 ], [ 352727.229052597656846, 1404671.945129335625097 ], [ 353447.003117416519672, 1404523.002873411634937 ], [ 354101.301634509291034, 1403981.106049632653594 ], [ 353801.004636978090275, 1402203.003745458787307 ], [ 354057.002928197500296, 1401154.002408531727269 ], [ 354269.004253597406205, 1400686.995026520453393 ], [ 354907.004290880286135, 1400612.998353170929477 ], [ 355886.997727155103348, 1400342.000490404199809 ], [ 355852.002696157956962, 1399599.996528540039435 ], [ 355545.997245815698989, 1399288.870059374952689 ], [ 354913.004202323150821, 1398985.996096170274541 ], [ 354309.999733825097792, 1398799.9993824895937 ], [ 353876.00508258678019, 1398227.998181950766593 ], [ 354295.997146264533512, 1396992.001183887710795 ], [ 355668.995065890718251, 1396308.005423413123935 ], [ 354962.986536921816878, 1395734.845694648800418 ], [ 354122.994670787011273, 1395329.999284700257704 ], [ 353549.002994459704496, 1396344.000218943459913 ], [ 352633.000623314874247, 1395439.003595693036914 ], [ 353486.005043829558417, 1394275.999823870835826 ], [ 354216.999378572567366, 1393130.001938770059496 ] ] ] ] } },
{ "type": "Feature", "properties": { "site_id": 555651504, "name_eng": "AMP Kassa-Balantacounda", "desig_eng": "Marine Protected Area", "iucn_cat": "VI", "realm": "Coastal", "gis_area": 800.5986988000001, "gov_type": "Joint governance", "mang_auth": "Direction des aires marines communautaires Protégées" }, "geometry": { "type": "MultiPolygon", "coordinates": [ [ [ [ 388817.211616176355164, 1398584.476554259192199 ], [ 388730.390356321295258, 1398482.068053398281336 ], [ 388657.703260024311021, 1397973.333451677346602 ], [ 387836.708303309744224, 1396891.098269531037658 ], [ 386596.138530443946365, 1396138.583865206921473 ], [ 386093.724476129980758, 1395607.478717286605388 ], [ 384999.810218552593142, 1395212.458709901664406 ], [ 384452.50884489499731, 1395190.252840590430424 ], [ 382201.666154100908898, 1394540.058344133663923 ], [ 378731.073055948596448, 1393719.058149217860773 ], [ 376006.84321740019368, 1392189.007902873679996 ], [ 372163.076116245472804, 1392338.280961978482082 ], [ 370483.758216303423978, 1393420.508806882193312 ], [ 368710.332591399084777, 1394426.829823967535049 ], [ 366714.620394697994925, 1393905.648498527007177 ], [ 364858.841447483981028, 1392734.738347624894232 ], [ 364728.621544616296887, 1392708.698561645578593 ], [ 364045.891070008801762, 1392341.06991446390748 ], [ 363546.968725642946083, 1392196.649667895166203 ], [ 362864.235738469462376, 1392131.000335474032909 ], [ 362234.026884154067375, 1392222.898754368769005 ], [ 361630.065645133261569, 1392249.158695232588798 ], [ 361236.184981493046507, 1392301.686038691783324 ], [ 361197.928916534525342, 1392247.484863396501169 ], [ 360711.003205477609299, 1392432.972668344154954 ], [ 360146.4306487737922, 1392748.087684035301208 ], [ 359371.793679074617103, 1393286.39058857341297 ], [ 358754.712647970067337, 1393627.756121693877503 ], [ 358111.363462827517651, 1393772.179146194597706 ], [ 356982.223213148594368, 1393772.179086144082248 ], [ 356483.303971423301846, 1393719.667252847226337 ], [ 355866.216632218216546, 1393575.244476420106366 ], [ 355511.725373143213801, 1393391.429903527023271 ], [ 355209.746073405898642, 1393102.580054545542225 ], [ 354888.094140778644942, 1392708.661911079194397 ], [ 354540.13871656509582, 1392209.775906468508765 ], [ 354014.959183762897737, 1391067.50881349039264 ], [ 354028.095678303041495, 1390844.312515007331967 ], [ 355013.242240025196224, 1389156.433532000286505 ], [ 355609.554784604115412, 1388208.687832281226292 ], [ 355610.430150381638668, 1388255.14064583228901 ], [ 355738.128538749995641, 1388403.967464891262352 ], [ 355956.192506874678656, 1388504.234543656231835 ], [ 356075.538403394864872, 1388697.537573157809675 ], [ 356216.153184298193082, 1388786.06171609275043 ], [ 356403.601207593281288, 1388974.687726335367188 ], [ 356466.446140259446111, 1389082.451565978815779 ], [ 356747.775400504353456, 1389141.977874320931733 ], [ 357327.172965330188163, 1389801.161038664635271 ], [ 357273.213346502394415, 1389861.735891578253359 ], [ 357339.036625280219596, 1390031.738652542000636 ], [ 357957.434368461021222, 1390212.806146095972508 ], [ 357847.184291985933669, 1390404.999938908731565 ], [ 358058.452097606030293, 1390620.505505234235898 ], [ 359210.700911349966191, 1391169.233657645760104 ], [ 358826.100685018580407, 1391513.00921869976446 ], [ 359219.169698623474687, 1391791.866722431499511 ], [ 359805.06445777323097, 1391973.439141296548769 ], [ 360981.085658096359111, 1392050.768393873702735 ], [ 360985.025044739304576, 1392105.645230869064108 ], [ 361088.18346976255998, 1392099.148006330942735 ], [ 361221.252308301511221, 1392001.16362865967676 ], [ 361365.066567170957569, 1391972.458391068968922 ], [ 361516.600290021277033, 1392012.084714566823095 ], [ 361552.110950483940542, 1391972.944476505974308 ], [ 361878.758615782484412, 1391954.571778330020607 ], [ 362624.795190745033324, 1391796.428380807861686 ], [ 363162.646146595361643, 1391725.323215395677835 ], [ 363187.269932865398005, 1391760.36804407578893 ], [ 363528.461157844751142, 1391774.961829550564289 ], [ 363934.529926868854091, 1391957.454115524888039 ], [ 363965.09300113923382, 1391996.574807388242334 ], [ 364035.132944409386255, 1391993.807770250365138 ], [ 364149.549604393308982, 1392049.563258686102927 ], [ 365103.951845623494592, 1389206.262266324367374 ], [ 364829.017321535910014, 1389183.690525345504284 ], [ 365014.545788873219863, 1388046.099965936038643 ], [ 363575.601293475716375, 1386319.165104440180585 ], [ 363855.146580051863566, 1385379.330477064708248 ], [ 364060.979383268975653, 1384921.418440955225378 ], [ 364495.559512521955185, 1384244.175325695192441 ], [ 365887.46610154141672, 1381712.782372246496379 ], [ 364784.598579087643884, 1379743.544027013704181 ], [ 364755.030560216691811, 1379446.158015388529748 ], [ 364775.587849587318487, 1379238.505457752849907 ], [ 365131.20725388941355, 1379204.497498707380146 ], [ 367288.624732833122835, 1379292.835443570511416 ], [ 367422.038927105546463, 1379320.603218975011259 ], [ 368803.730855939676985, 1380167.510837607784197 ], [ 368962.66737972816918, 1380223.53955451445654 ], [ 369163.919979486614466, 1380228.143897474044934 ], [ 370527.144561746390536, 1379975.332192462170497 ], [ 370815.352543963352218, 1379976.471615892834961 ], [ 370880.715392143232748, 1379726.485933318268508 ], [ 371264.149004043545574, 1379499.621291035087779 ], [ 371533.014177133911289, 1379437.278690532781184 ], [ 371623.912189491733443, 1379296.305089240660891 ], [ 372425.858502087299712, 1378645.858768082689494 ], [ 372497.566469038953073, 1377810.937628720654175 ], [ 372856.972528617770877, 1377312.624974734615535 ], [ 375627.921123492647894, 1377722.108166389167309 ], [ 375861.508655559911858, 1377450.841821824898943 ], [ 376200.600894865754526, 1377428.237872501602396 ], [ 378188.824339544109534, 1378179.001538395415992 ], [ 379957.375389732711483, 1378736.588994844816625 ], [ 380046.861228461260907, 1378797.534578932914883 ], [ 380111.984915490204003, 1378959.19675660203211 ], [ 380282.401408855512273, 1379227.827535621356219 ], [ 380441.731751711748075, 1379371.358488445868716 ], [ 380607.833536984398961, 1379601.939352889079601 ], [ 380682.427462439693045, 1379655.449455722700804 ], [ 380848.273070811410435, 1379675.13609308283776 ], [ 381159.972721217316575, 1379800.543558445293456 ], [ 381295.470631692791358, 1379917.322745484765619 ], [ 381463.688427744840737, 1380099.366825210861862 ], [ 381620.456233816454187, 1380428.548444099491462 ], [ 382120.896951155329589, 1380991.427940877620131 ], [ 382218.891346137272194, 1381166.563070205738768 ], [ 382192.893972997087985, 1381768.686870167031884 ], [ 382260.527563385898247, 1381998.262943946989253 ], [ 382556.87655584217282, 1382662.133653001626953 ], [ 382685.797607070126105, 1383291.429702545749024 ], [ 382802.107969353208318, 1383449.049406725680456 ], [ 383134.135130090697203, 1383505.508517033653334 ], [ 383752.116297811502591, 1383896.687752240803093 ], [ 384506.173580044938717, 1383777.624919994035736 ], [ 385084.096002307836898, 1383299.655854770215228 ], [ 386218.41508222167613, 1382225.555730588268489 ], [ 386609.613943280943204, 1382388.562067970167845 ], [ 386887.433787283720449, 1382944.186379939084873 ], [ 387204.928507833741605, 1383261.68902090145275 ], [ 388276.493041015346535, 1383341.06115496577695 ], [ 388357.923362209228799, 1383381.777268465142697 ], [ 388759.191616111784242, 1383439.203874232713133 ], [ 388909.536574116733391, 1383510.700116535881534 ], [ 389349.39346183417365, 1383388.825011509237811 ], [ 389785.152076786616817, 1383364.87543234997429 ], [ 388483.650862898153719, 1386343.381519268732518 ], [ 383434.729105574544519, 1387411.728007942438126 ], [ 383322.108387683925685, 1387643.422116796951741 ], [ 383174.080607268901076, 1388277.355238734278828 ], [ 385899.659052755567245, 1390993.282381117111072 ], [ 389574.524254885618575, 1391395.518157173879445 ], [ 391962.226064778689761, 1390475.190730749396607 ], [ 394411.065718178753741, 1389783.335529561853036 ], [ 394864.813492603891063, 1389064.863857920048758 ], [ 395280.867832391115371, 1388068.484270018525422 ], [ 395337.841802597802598, 1386569.460440646624193 ], [ 395446.779478541866411, 1385744.764464821200818 ], [ 395825.45897510292707, 1385943.192789307329804 ], [ 396778.702411028090864, 1386231.270251527195796 ], [ 397061.293078251183033, 1386235.640380821889266 ], [ 397303.196346487500705, 1386192.469347404083237 ], [ 397531.889704698114656, 1386335.250868392875418 ], [ 398266.343337908852845, 1387052.822519929846749 ], [ 398940.301102310826536, 1388054.471593264257535 ], [ 399396.401867023843806, 1388321.936967982677743 ], [ 399664.51475712750107, 1388520.147995493840426 ], [ 399993.553783228213433, 1388694.314676576992497 ], [ 400309.799032990413252, 1388923.938449654262513 ], [ 399999.20919133676216, 1389606.6976495643612 ], [ 400426.342566516192164, 1389954.660277835791931 ], [ 401062.662964289251249, 1389896.434098606696352 ], [ 401561.077350651787128, 1389616.707291287137195 ], [ 401496.699421586934477, 1389393.225307798944414 ], [ 402285.875738894508686, 1389222.876613445812836 ], [ 403636.338951043842826, 1390669.901246034074575 ], [ 403708.773759335628711, 1390698.102377086179331 ], [ 404137.967788634821773, 1390688.729643870377913 ], [ 404308.286920385144185, 1390770.47529808874242 ], [ 404387.872966987953987, 1390767.455051088705659 ], [ 404520.589730590465479, 1390848.310261014616117 ], [ 404568.139800172240939, 1390803.105738640995696 ], [ 404689.988417916116305, 1390824.121443593641743 ], [ 404771.811071785050444, 1390889.232834989903495 ], [ 404826.050368995114695, 1390882.294712067116052 ], [ 404951.270789635484107, 1390747.990732435369864 ], [ 405238.312170905992389, 1390665.495251299347728 ], [ 405655.070545210095588, 1390344.594908964354545 ], [ 405722.425818799121771, 1389356.545533521799371 ], [ 405109.668851217778865, 1387783.669939205283299 ], [ 404328.212762748473324, 1385624.690898133441806 ], [ 408612.393900932103861, 1385394.620276274858043 ], [ 408161.722641103784554, 1388571.2950845065061 ], [ 408004.875638563535176, 1388912.165096610086039 ], [ 408005.792309433571063, 1389106.034721138654277 ], [ 407578.352170262194704, 1389563.804207098204643 ], [ 408203.933533607516438, 1390007.884418264497072 ], [ 409136.034946585074067, 1389035.468890477437526 ], [ 409157.849741106620058, 1388867.804820999735966 ], [ 409325.538997664232738, 1388646.062094991561025 ], [ 408972.181317987386137, 1388255.491485346807167 ], [ 409318.880124602408614, 1388025.560465257847682 ], [ 410579.152790408930741, 1387630.204768453724682 ], [ 411176.742754633189179, 1387280.992257432779297 ], [ 411452.837164496944752, 1387735.905389081919566 ], [ 411606.412448133516591, 1387671.47462645964697 ], [ 411782.14499687415082, 1387643.649336725939065 ], [ 412034.360947273497004, 1387738.913061120780185 ], [ 412218.252237219712697, 1387739.377336301840842 ], [ 412410.378476218902506, 1387789.529385649366304 ], [ 412541.109594298235606, 1387836.0435886005871 ], [ 412705.212851140589919, 1387949.465176528086886 ], [ 413183.587268736213446, 1387214.721912101842463 ], [ 412615.424366288236342, 1386027.117072101915255 ], [ 411882.979584730463102, 1384232.1818627868779 ], [ 410882.309743276215158, 1382475.427989407908171 ], [ 414930.694050270831212, 1382951.850755939492956 ], [ 415036.364925781555939, 1383693.525539594702423 ], [ 415020.065778615011368, 1383865.987558932974935 ], [ 415123.273327549512032, 1384323.45816187816672 ], [ 414942.959052005258854, 1385104.355637249071151 ], [ 414801.057157345698215, 1385517.309617229038849 ], [ 414737.442270259256475, 1385890.240518235601485 ], [ 414667.805141686287243, 1386053.372972738463432 ], [ 414759.724787341663614, 1386335.597842635586858 ], [ 414829.809917740174569, 1386784.086720671039075 ], [ 414690.030174352403264, 1387974.957758783362806 ], [ 415070.398888144060038, 1388741.197933077812195 ], [ 415449.923512092849705, 1388923.304314887383953 ], [ 415935.252952247858047, 1388534.954659823095426 ], [ 416040.057209580380004, 1388494.147993756690994 ], [ 416718.306944445124827, 1387833.986385002965108 ], [ 417397.534969264350366, 1387457.067013056017458 ], [ 418037.920171151286922, 1387270.78196351416409 ], [ 418916.192193035210948, 1386451.860394342103973 ], [ 418977.208080531447195, 1386290.38970949803479 ], [ 420072.632703715469688, 1386793.481409453088418 ], [ 419893.142494339088444, 1386973.08572501828894 ], [ 419543.761057085241191, 1387610.442702926928177 ], [ 419132.477526277652942, 1387761.541467390256003 ], [ 418834.938732292153873, 1388247.583350896602497 ], [ 418129.58582261716947, 1388628.303681711200625 ], [ 417810.184204913733993, 1388573.889856848167256 ], [ 417505.333680191019084, 1388724.995540626812726 ], [ 417310.6988643478835, 1389015.043918906943873 ], [ 417218.91098168946337, 1388924.844740367960185 ], [ 417157.53828984615393, 1388957.481243676505983 ], [ 417169.941011650196742, 1389012.498250667238608 ], [ 417133.736275300849229, 1389058.919203628320247 ], [ 416715.642822272377089, 1389106.349840619601309 ], [ 416460.846313024347182, 1389642.316820297157392 ], [ 416491.3613912781002, 1389671.899704615818337 ], [ 416422.941433346015401, 1389883.198877539951354 ], [ 416478.546172489470337, 1390093.416845399653539 ], [ 416462.200528359389864, 1390154.157872212585062 ], [ 416557.15338354895357, 1390305.580528962425888 ], [ 416535.880561414000113, 1390401.426965239457786 ], [ 416566.782922495505773, 1390478.375608255388215 ], [ 416632.835635159164667, 1390487.373110641492531 ], [ 416701.779374886071309, 1390701.854573334567249 ], [ 416688.152139123296365, 1390875.281512717716396 ], [ 416756.53493402665481, 1391046.77733782492578 ], [ 416992.324017966398969, 1391139.38720345357433 ], [ 417077.808005830913316, 1391234.182231680955738 ], [ 417322.607246315281373, 1391355.67741782288067 ], [ 418046.565229869331233, 1391258.879615247482434 ], [ 418184.679136883642059, 1391207.025051880860701 ], [ 418428.083943442674354, 1391032.190292984014377 ], [ 418581.93201466742903, 1390973.734725493937731 ], [ 418668.239423019229434, 1390894.039439028128982 ], [ 418736.221101479255594, 1390692.004173564258963 ], [ 419149.319861581490841, 1390507.216333216056228 ], [ 419230.755388793593738, 1390420.790616822894663 ], [ 419465.429213431780227, 1390373.56917217024602 ], [ 419623.581129436497577, 1390414.352680545998737 ], [ 419847.553607163019478, 1390393.662332245381549 ], [ 420093.194088952732272, 1390340.388108558952808 ], [ 420270.572964664665051, 1390209.858929063426331 ], [ 420455.416469445335679, 1390200.352864177199081 ], [ 420526.225423710595351, 1390123.139826755737886 ], [ 420748.774785846704617, 1389470.473554662195966 ], [ 420825.965272266301326, 1389460.693598011741415 ], [ 421384.519772857311182, 1389511.495838562259451 ], [ 421953.816028231813107, 1389626.168193167075515 ], [ 422102.313379253435414, 1389624.292454520473257 ], [ 422469.374004244571552, 1389727.704199949512258 ], [ 423009.792641279520467, 1389731.961661369539797 ], [ 424096.72699469816871, 1389824.241505562793463 ], [ 424527.397858836862724, 1390506.143801084021106 ], [ 425210.741287074575666, 1390679.124992076074705 ], [ 425357.370812273584306, 1390754.728484358638525 ], [ 425692.295821731211618, 1390821.868787411367521 ], [ 425829.8931015903363, 1390929.746320456964895 ], [ 425915.817233143432532, 1390929.501267747022212 ], [ 426113.024378853559028, 1390834.391410302603617 ], [ 426203.270789741247427, 1390741.085180226480588 ], [ 426430.592857852345333, 1390642.062405905453488 ], [ 426477.604270269453991, 1390535.254790680715814 ], [ 426464.327224183245562, 1390462.498307710047811 ], [ 426575.733249428682029, 1390283.121738668298349 ], [ 426626.086166240449529, 1389928.671858531422913 ], [ 426604.563900587381795, 1389809.26736324490048 ], [ 426625.581903668353334, 1389702.526888327440247 ], [ 426586.776552670227829, 1389608.72419724916108 ], [ 426646.901329621730838, 1389463.342666192213073 ], [ 426603.903239798499271, 1389412.161167957819998 ], [ 426659.380160507804248, 1389305.354484110837802 ], [ 426812.393626910808962, 1388660.785276415525004 ], [ 426862.970277566870209, 1388263.63706450839527 ], [ 427063.644448938895948, 1387921.777499934192747 ], [ 427153.081968894694, 1387642.166018747957423 ], [ 427195.737585045280866, 1387301.583866657689214 ], [ 427532.718667065259069, 1387102.806538029341027 ], [ 427666.798340520472266, 1387108.837711431784555 ], [ 427728.553684366401285, 1387071.324588272953406 ], [ 428002.945283366716467, 1387034.305010182317346 ], [ 428334.425500613171607, 1386900.301763311959803 ], [ 428528.758350318763405, 1386683.900975363096222 ], [ 428622.569334758853074, 1386416.670432747108862 ], [ 428734.508955934899859, 1386212.519855475518852 ], [ 428907.767285213863943, 1386016.014306248398498 ], [ 429114.510850303107873, 1385919.765085208928213 ], [ 429442.372040009009652, 1385968.025091455783695 ], [ 429569.62532537028892, 1385908.945013196673244 ], [ 429805.596408567507751, 1385896.555491144536063 ], [ 430022.32557611761149, 1385843.783389321528375 ], [ 430122.10554907983169, 1385772.066188500262797 ], [ 430256.280518406652845, 1385600.768494529882446 ], [ 430489.331255148979835, 1385005.298979998799041 ], [ 430546.991284494055435, 1384982.742935189977288 ], [ 430526.927459653350525, 1384144.779830572893843 ], [ 430282.278781267174054, 1380875.773423166247085 ], [ 430915.09311529470142, 1381338.798269686521962 ], [ 430973.007239564787596, 1381908.004001158988103 ], [ 431128.846598513657227, 1382020.442135541699827 ], [ 431640.461923133640084, 1382019.453774927416816 ], [ 432125.132455322076567, 1382107.407159637426957 ], [ 432433.89348111092113, 1382020.940725103486329 ], [ 432612.686399975209497, 1382416.395258974051103 ], [ 432047.337144653312862, 1382569.453604909591377 ], [ 431762.908620169968344, 1382535.645730801392347 ], [ 431433.61843090923503, 1382667.676056617405266 ], [ 431273.668694730149582, 1382979.188849773490801 ], [ 431270.28708910709247, 1383268.950993724865839 ], [ 431562.504706941021141, 1383701.60716601414606 ], [ 431882.631652412179392, 1383852.408254772424698 ], [ 432042.729240692744497, 1384112.664783620042726 ], [ 432034.917267249431461, 1384645.124467031564564 ], [ 431854.350369753548875, 1385317.491068949457258 ], [ 431982.851991223637015, 1385341.91382048628293 ], [ 432200.63105351960985, 1385321.116321173030883 ], [ 432738.789385586977005, 1385378.196242556208745 ], [ 432901.218869491829537, 1385453.060486056609079 ], [ 432950.248813760234043, 1385572.801967450650409 ], [ 432920.391504236322362, 1385660.579748744377866 ], [ 433082.008637211052701, 1385788.628968518460169 ], [ 433344.289325435063802, 1385736.5059587394353 ], [ 433433.15010839572642, 1385787.601679203798994 ], [ 433573.502703096135519, 1385920.557742401026189 ], [ 433665.957506347447634, 1386102.660230768378824 ], [ 434072.414419548527803, 1386554.196153178578243 ], [ 434120.439075119327754, 1386693.217302716569975 ], [ 434359.375318073260132, 1387010.589214996667579 ], [ 434664.91034575831145, 1386921.64123364770785 ], [ 434845.535529436485376, 1386772.621114463545382 ], [ 435305.538008607749362, 1385184.248808381380513 ], [ 435933.866941192245577, 1385674.182390356669202 ], [ 436845.628570190747268, 1386313.195219123037532 ], [ 435047.373085050145164, 1387459.039211035706103 ], [ 434764.2104969395441, 1387828.860623182961717 ], [ 434781.465526853513438, 1387868.478394686011598 ], [ 434893.388431512867101, 1387903.788991355337203 ], [ 434929.770482853287831, 1387960.847414781572297 ], [ 435513.662983253889252, 1388100.360879086423665 ], [ 435598.669961601379327, 1388128.756657204357907 ], [ 435705.280678282841109, 1388218.303809622302651 ], [ 435807.116150337154977, 1388232.750365317100659 ], [ 436194.655116324604023, 1388520.762967949500307 ], [ 436394.297795283957385, 1388605.681757632875815 ], [ 436477.563546172750648, 1388702.327987297205254 ], [ 436603.868612488498911, 1388725.017101357923821 ], [ 436733.335406131693162, 1388698.886091331252828 ], [ 436898.999985166650731, 1388751.857052469160408 ], [ 437380.417337343445979, 1388724.678606148576364 ], [ 437759.650411196984351, 1388600.954692792613059 ], [ 437848.229324454790913, 1388550.179193580523133 ], [ 437887.405478280968964, 1388491.261281197192147 ], [ 437891.128824609622825, 1388324.740725137293339 ], [ 437977.722920557367615, 1388284.973504445981234 ], [ 438022.760817190515809, 1388208.581265471177176 ], [ 438022.406517415191047, 1388059.973825832828879 ], [ 437984.39584871311672, 1387975.279344031820074 ], [ 438356.814402688061818, 1387728.383760287659243 ], [ 438652.114089618844446, 1388078.645089259836823 ], [ 438819.529932908364572, 1388163.417412031209096 ], [ 439040.789248766377568, 1388158.566148855956271 ], [ 439223.113678024848923, 1387954.232445591362193 ], [ 439411.591373263858259, 1387838.02548171649687 ], [ 439844.46648761164397, 1387817.339777463581413 ], [ 440120.026915456168354, 1387605.539841375313699 ], [ 440049.890420855721459, 1385876.129987942054868 ], [ 440029.205907022056635, 1384249.64183923532255 ], [ 440809.722475234826561, 1384230.538345968117937 ], [ 440796.935234883858357, 1385663.455654348479584 ], [ 440838.05287730821874, 1386256.31826413073577 ], [ 441259.175745370564982, 1386410.927073758328333 ], [ 441670.062790714844596, 1386332.090842663310468 ], [ 441890.443103818746749, 1386680.070533707505092 ], [ 441279.946475371543784, 1387062.31048291688785 ], [ 441089.823549589840695, 1387509.684143092483282 ], [ 440803.597576452069916, 1388477.815754282753915 ], [ 439694.109234965464566, 1389053.131513794418424 ], [ 439030.844924270000774, 1389329.348316023824736 ], [ 439013.068057466181926, 1389561.466110441600904 ], [ 439058.909655828902032, 1389576.518941439921036 ], [ 439059.017491176724434, 1389622.025659531820565 ], [ 439140.261953652603552, 1389703.610320752020925 ], [ 439295.338562516903039, 1390100.988130992976949 ], [ 439665.614095224300399, 1390550.85001127794385 ], [ 439681.399070396961179, 1390639.054800903424621 ], [ 439710.029448018758558, 1390647.675534504698589 ], [ 439768.875286681868602, 1390860.355792075162753 ], [ 439757.522295107017271, 1391153.205559295602143 ], [ 439798.966242350637913, 1391242.594901919364929 ], [ 439993.778573812276591, 1391369.515916047850624 ], [ 440041.237420881225262, 1391427.010437533026561 ], [ 440059.75175200618105, 1391522.508488622028381 ], [ 440130.164550439512823, 1391596.664810755988583 ], [ 440527.446435894467868, 1391760.964438755065203 ], [ 440784.651798220467754, 1391959.709137488156557 ], [ 441175.41348568914691, 1391873.980927052907646 ], [ 441360.752534370229114, 1391920.76532502216287 ], [ 441505.28610931354342, 1391868.824354761745781 ], [ 441677.804759285529144, 1391887.802137913415208 ], [ 441675.858838087471668, 1392041.202304868493229 ], [ 443939.191596447548363, 1391309.014333819504827 ], [ 445306.401827460504137, 1391067.783007349586114 ], [ 446068.592990251665469, 1391562.559606073191389 ], [ 445861.70284116838593, 1392153.518905319971964 ], [ 445266.584221429075114, 1391823.611329792998731 ], [ 444664.281966582930181, 1391734.500003081280738 ], [ 444044.562805705179926, 1392066.319554718676955 ], [ 442697.871290049108211, 1392463.733368402579799 ], [ 441559.776072310982272, 1393064.907302344916388 ], [ 440788.324333681317512, 1392876.408681399188936 ], [ 440434.841450887965038, 1392841.236616875045002 ], [ 440305.129917806887534, 1392903.503360486822203 ], [ 440315.675815826514736, 1392970.575033710105345 ], [ 440482.269772689847741, 1393109.501466031884775 ], [ 440498.061069771065377, 1393192.044567143544555 ], [ 441180.064709230791777, 1393819.045645770151168 ], [ 441409.785553893190809, 1394179.454073464497924 ], [ 441618.927901576389559, 1394374.621682642027736 ], [ 441923.402843242278323, 1394839.895099205896258 ], [ 442012.198563491634559, 1395046.093278638552874 ], [ 442220.613168050243985, 1395257.069453263189644 ], [ 442470.200996831292287, 1395432.000672939931974 ], [ 442692.727418175549246, 1395491.479475615778938 ], [ 443895.392937742348295, 1394869.871328217210248 ], [ 444772.997000873554498, 1394794.969644707394764 ], [ 445509.951189512212295, 1394865.830366070382297 ], [ 446141.506368746573571, 1395160.461135366698727 ], [ 446051.805632129660808, 1395360.428869042778388 ], [ 445583.326216996123549, 1395137.967073870124295 ], [ 445101.888461491907947, 1395048.386294648749754 ], [ 444486.881894748134073, 1395037.867099145194516 ], [ 443950.744501015404239, 1395081.714459320530295 ], [ 443300.094758435327094, 1395743.608892932301387 ], [ 443313.416132388170809, 1395959.43852718709968 ], [ 443504.879018221690785, 1396288.852518431609496 ], [ 444126.866558195033576, 1396604.435919089941308 ], [ 444793.118931403092574, 1397077.810212938580662 ], [ 444926.692148610542063, 1397254.170623787911609 ], [ 445124.866313317848835, 1397653.871130462735891 ], [ 445194.253172087715939, 1397717.457823611795902 ], [ 445246.243318771827035, 1397945.068471321603283 ], [ 445469.503623811237048, 1398140.312830039067194 ], [ 445605.061872515536379, 1398382.604664743412286 ], [ 445745.507449310505763, 1398387.533746418077499 ], [ 446252.790724438265897, 1398289.816651610890403 ], [ 446394.882432900601998, 1398551.242308183806017 ], [ 446378.702818017045502, 1398735.898574478225783 ], [ 447500.407518196268938, 1399112.697417613351718 ], [ 448080.1610099003301, 1398874.333476669620723 ], [ 448928.221275750838686, 1399749.176573877688497 ], [ 449265.574338108766824, 1399710.5959631963633 ], [ 450238.196691120334435, 1399439.218980560777709 ], [ 450616.674701899464708, 1399866.816905432613567 ], [ 450240.423797020455822, 1400077.777310210512951 ], [ 450028.997743963031098, 1400050.911259353393689 ], [ 449758.422688853112049, 1400257.014577117981389 ], [ 449731.618856967426836, 1400585.516721886349842 ], [ 449466.177027102734428, 1400596.958600795129314 ], [ 448979.127709403866902, 1401083.219861033372581 ], [ 448598.946669995144475, 1401578.60773545014672 ], [ 448352.786540584289469, 1402477.046966541092843 ], [ 448046.834074078942649, 1402419.846612786175683 ], [ 448160.1906085217488, 1401629.91202231682837 ], [ 448290.62981784628937, 1401075.387816596310586 ], [ 448486.130987194832414, 1400653.417937968391925 ], [ 448387.549175302032381, 1400476.624318056739867 ], [ 448012.830427055596374, 1400218.987614664714783 ], [ 447751.173187739157584, 1399993.571468913462013 ], [ 447251.820188935904298, 1399915.14877095236443 ], [ 446775.938258195703384, 1399939.349082162603736 ], [ 446652.03091515036067, 1400039.89565169904381 ], [ 446524.955805409466848, 1399980.240625987993553 ], [ 446559.547311223461293, 1399643.005234608892351 ], [ 445846.197878196253441, 1399441.362588561605662 ], [ 445268.739847559365444, 1399148.804409903008491 ], [ 444714.000186645891517, 1399035.719313297187909 ], [ 444581.403664235433098, 1398660.864152056630701 ], [ 444428.944540069147479, 1398570.701218494912609 ], [ 444098.574044686509296, 1398757.479716045083478 ], [ 443856.261818801052868, 1398815.452251027105376 ], [ 443729.47998328472022, 1398959.102437313646078 ], [ 443740.965284185658675, 1399116.081305988598615 ], [ 443709.775086055742577, 1399290.274829120375216 ], [ 443652.495340240595397, 1399302.685820768587291 ], [ 443565.495442090963479, 1399589.049152953317389 ], [ 443535.635019335255492, 1399857.671420188620687 ], [ 443457.409285826899577, 1400131.643054518150166 ], [ 443628.48492870334303, 1400406.788440970238298 ], [ 443646.718539618013892, 1400484.130645666737109 ], [ 443554.258721606922336, 1400720.287213083123788 ], [ 443668.847243483760394, 1400991.818442150019109 ], [ 443666.581460847693961, 1401206.828237252542749 ], [ 443698.717326438170858, 1401291.59650776302442 ], [ 443727.394819077511784, 1401641.771996872266755 ], [ 443814.508927097835112, 1402007.424565120832995 ], [ 443828.46760335523868, 1402037.764383071335033 ], [ 444078.717833324859384, 1402115.267168482067063 ], [ 444344.242785365669988, 1402048.41367521462962 ], [ 444346.205994379357435, 1402384.520014949375764 ], [ 443759.277453153103124, 1402370.63916724245064 ], [ 443666.481000948231667, 1402429.092441593995318 ], [ 443546.54176718450617, 1402613.836529586929828 ], [ 443597.278719922760502, 1402721.636340295663103 ], [ 443548.272837440134026, 1402817.724534253589809 ], [ 443601.507259120524395, 1402898.513734755339101 ], [ 443517.619317144795787, 1403306.795730931684375 ], [ 443555.566423981101252, 1403399.028051012894139 ], [ 443982.125880846753716, 1403631.466498834313825 ], [ 443993.748781540372875, 1403727.400874172104523 ], [ 443908.998856979480479, 1403915.789868242805824 ], [ 443630.267711612745188, 1403775.354768590768799 ], [ 443454.424045391147956, 1403739.974497055867687 ], [ 443422.321126772149, 1403855.48178119934164 ], [ 443430.399347367812879, 1404474.616477451520041 ], [ 443203.937151753925718, 1404706.697688135318458 ], [ 443859.210099871095736, 1405148.406063220929354 ], [ 443724.340895796543919, 1405283.127528714947402 ], [ 443563.523163371137343, 1405329.96161089790985 ], [ 443204.809009848104324, 1405124.543211346957833 ], [ 442950.596748344949447, 1405202.57756337733008 ], [ 442486.388280416023917, 1406336.02281945454888 ], [ 442876.58336314704502, 1406587.561010481324047 ], [ 442835.527139112702571, 1406825.022541086189449 ], [ 442466.912648807105143, 1406800.203099372331053 ], [ 441967.365007467858959, 1407217.216100740479305 ], [ 441616.627201185678132, 1408253.93608405161649 ], [ 441519.427750322385691, 1408758.434188374085352 ], [ 439450.282316171564162, 1408942.299161313800141 ], [ 439408.160012923646718, 1408865.40840621618554 ], [ 439395.224076317739673, 1408715.764579656766728 ], [ 439415.922081718454137, 1408628.066990152932703 ], [ 439470.391249335894827, 1408595.370404310524464 ], [ 439478.497983567882329, 1408482.905785197857767 ], [ 439385.663934929354582, 1408257.87894385564141 ], [ 439397.889952799654566, 1408112.394559285137802 ], [ 439351.220723822363652, 1407875.302924778545275 ], [ 439417.958960175106768, 1407756.784787871874869 ], [ 439379.590767013607547, 1407502.821524732979015 ], [ 439299.507751461642329, 1407307.416537990095094 ], [ 439311.819099147687666, 1407211.630832923343405 ], [ 439181.506860676745418, 1407028.388407226419076 ], [ 439328.536181768111419, 1406629.862410572357476 ], [ 439454.05137036711676, 1406134.828193381428719 ], [ 439556.650423126062378, 1406090.582965277601033 ], [ 439605.337570797535591, 1406138.883698558434844 ], [ 439649.617142191447783, 1406136.555172394961119 ], [ 439773.180582677538041, 1406031.088089030934498 ], [ 440064.869940034346655, 1405560.630394886480644 ], [ 440118.846264870837331, 1405538.088536852505058 ], [ 440096.133356497739442, 1405389.43872591201216 ], [ 440169.953834537649527, 1405180.899612969718874 ], [ 440266.667340449872427, 1405144.311344058951363 ], [ 440305.884590334724635, 1405093.57878706837073 ], [ 440282.587585219589528, 1405038.14552576513961 ], [ 440315.672238345374353, 1404967.553120494354516 ], [ 440255.123746998957358, 1404881.078817120287567 ], [ 440232.646941386978142, 1404730.957640420645475 ], [ 440300.323496000026353, 1404403.338912086561322 ], [ 440217.098413531843107, 1404191.117697202134877 ], [ 440221.68182315636659, 1404063.388941616984084 ], [ 440290.264055599924177, 1403984.029342954512686 ], [ 440280.722178349853493, 1403810.004780513467267 ], [ 440317.139017273613717, 1403712.399680319242179 ], [ 440489.20213210536167, 1403465.56815742701292 ], [ 440484.157114455651026, 1403364.102520111948252 ], [ 440567.461143995402381, 1403184.629991225898266 ], [ 440560.867800675390754, 1403121.309669759823009 ], [ 440715.329112103558145, 1402513.234714530175552 ], [ 440733.887974999903236, 1402099.140982517972589 ], [ 440316.138902539620176, 1401980.75900313211605 ], [ 440350.073905466415454, 1401476.480701424414292 ], [ 440799.687490650219843, 1401063.817042855080217 ], [ 440880.255277607240714, 1400921.586957735475153 ], [ 440245.354516388324555, 1399821.809347346192226 ], [ 440265.390759211499244, 1398325.1955513774883 ], [ 439743.454816357290838, 1397927.183765067486092 ], [ 439654.786834943108261, 1397595.982461037114263 ], [ 439797.263115016743541, 1396925.934848981676623 ], [ 439298.610837615153287, 1396140.102588634938002 ], [ 438769.067726433975622, 1395461.571217671735212 ], [ 437736.892551757628098, 1396238.626909812912345 ], [ 437464.036050785449333, 1396047.597036197548732 ], [ 438006.26164291711757, 1395223.952322062570602 ], [ 438044.914911071537063, 1394759.219360390212387 ], [ 437628.43924804503331, 1394269.92208533687517 ], [ 436686.368517286842689, 1393764.109651700826362 ], [ 436470.882541454979219, 1393225.778645473765209 ], [ 436320.811341883963905, 1392746.357373874634504 ], [ 436145.984027679369319, 1392511.127789984690025 ], [ 436274.265607666806318, 1391903.64293936942704 ], [ 436069.11482856242219, 1391759.905033804709092 ], [ 435994.457559443253558, 1391589.931624692399055 ], [ 435380.953017465246376, 1391739.181589376879856 ], [ 434405.51674718526192, 1391648.942363004432991 ], [ 434089.973985471820924, 1391836.221589960856363 ], [ 434001.739039877953473, 1391704.393151705851778 ], [ 434121.666541045415215, 1391406.200469621224329 ], [ 433391.368466414569411, 1390803.447432481916621 ], [ 431398.186865046154708, 1388868.4473598273471 ], [ 430746.745504531310871, 1389424.003570702392608 ], [ 429816.406806937768124, 1390022.969158826861531 ], [ 429682.670420702139381, 1390450.826806801604107 ], [ 429683.19967462553177, 1390661.510138866724446 ], [ 429496.855256923707202, 1390809.772625630255789 ], [ 429794.851058758213185, 1391016.527472582645714 ], [ 429779.82188449788373, 1391332.209903181064874 ], [ 429665.950190740579274, 1391354.508531492901966 ], [ 429561.758590983459726, 1391452.250290451571345 ], [ 429280.157267436385155, 1391478.10543519211933 ], [ 429293.040898770093918, 1391566.125256188213825 ], [ 429258.564875497715548, 1391698.277182447025552 ], [ 429280.900161137862597, 1391773.688453927170485 ], [ 429214.834183071507141, 1391931.089019732084125 ], [ 429046.882576518983115, 1391818.283863861113787 ], [ 428983.909753258572891, 1391934.781153785996139 ], [ 428917.463181126164272, 1391982.146357814315706 ], [ 428889.369154937099665, 1392133.149661232950166 ], [ 428762.096565082960296, 1392303.189656355418265 ], [ 428737.032916353316978, 1392410.137586874188855 ], [ 428683.234102596412413, 1392397.719994458835572 ], [ 428667.767121633980423, 1392567.503477116813883 ], [ 428535.04997885558987, 1392652.746696682181209 ], [ 428469.037599659641273, 1392829.004904664354399 ], [ 428380.567018538713455, 1392829.248974984046072 ], [ 428152.676560891675763, 1393305.902163347927853 ], [ 428010.618264691205695, 1393432.211746507091448 ], [ 427964.3339343436528, 1393439.948301396565512 ], [ 427919.099903910770081, 1393510.829386822180822 ], [ 427792.819953628233634, 1393544.779417698038742 ], [ 427681.528245727531612, 1393672.45058503979817 ], [ 427703.878190333722159, 1393872.396734030451626 ], [ 428299.076672708557453, 1394123.846820445265621 ], [ 428242.774798800062854, 1394185.963350174250081 ], [ 428091.162512711598538, 1394566.168245433829725 ], [ 427997.770974225597456, 1394473.740357323782519 ], [ 427754.519630762806628, 1394452.636073609348387 ], [ 427514.796279883012176, 1394345.540731262648478 ], [ 427434.304302644683048, 1394406.18331412691623 ], [ 427158.904889737139456, 1394479.776211442193016 ], [ 427011.029161510057747, 1394455.33806283865124 ], [ 426331.509949436935131, 1394142.234745144844055 ], [ 426006.179025247518439, 1394194.668092848500237 ], [ 425544.833260622341186, 1394144.422652297653258 ], [ 425444.096903814119287, 1394187.805392554495484 ], [ 425306.740783042390831, 1394162.684865840245038 ], [ 424950.71030557481572, 1394311.756851134588942 ], [ 424787.55648457154166, 1394318.977264592191204 ], [ 424671.873876222467516, 1394554.554400329012424 ], [ 424811.835126899066381, 1394550.678993171080947 ], [ 424848.660177730431315, 1394626.602177440188825 ], [ 424861.45252793841064, 1394938.667659861966968 ], [ 425116.683141174900811, 1395409.976267579710111 ], [ 425119.247762752347626, 1395484.850772148463875 ], [ 425065.305869860923849, 1395585.840739785227925 ], [ 425056.36062785499962, 1395785.503434279002249 ], [ 425279.727415228320751, 1395851.746490378165618 ], [ 425285.083728309487924, 1395885.562254324555397 ], [ 425374.682998310658149, 1395826.271574028767645 ], [ 425420.235233482671902, 1395847.540512385312468 ], [ 425650.408553646528162, 1396137.626980086555704 ], [ 425393.627657935547177, 1396332.961445965105668 ], [ 424999.679350182355847, 1396429.260300788329914 ], [ 424814.232495739939623, 1396120.989999824436381 ], [ 424721.756607000366785, 1396163.65725486073643 ], [ 424646.490910566528328, 1396073.370656909653917 ], [ 424228.306002897210419, 1395409.063876469153911 ], [ 423654.766275794594549, 1394636.754539949120954 ], [ 423616.311260024900548, 1394233.541932405671105 ], [ 423429.389924716204405, 1394130.939153220038861 ], [ 423352.706732679274864, 1394033.99071292555891 ], [ 423342.328212469234131, 1393947.082723345374689 ], [ 423257.060883333266247, 1393970.215627396479249 ], [ 423205.275195723515935, 1393926.947955202544108 ], [ 423149.553727779653855, 1393801.731670145876706 ], [ 422978.82869891426526, 1393753.598498168867081 ], [ 422934.366873886145186, 1393691.654713669093326 ], [ 422926.384977834415622, 1393603.822429596679285 ], [ 422718.794868727214634, 1393588.392774967942387 ], [ 422530.686553310602903, 1393475.502651686314493 ], [ 422415.95849243021803, 1393473.823909648694098 ], [ 422339.714450402243529, 1393552.020631687249988 ], [ 422236.856238719716202, 1393581.309130841866136 ], [ 422024.761974888620898, 1393984.475211708340794 ], [ 421778.866712482878938, 1394650.546406717970967 ], [ 421650.216594127879944, 1394841.615507110022008 ], [ 421660.911995249334723, 1394958.979333243565634 ], [ 421531.115207912167534, 1395127.248244632268324 ], [ 421481.502593693207018, 1395242.157250798773021 ], [ 421519.823143412533682, 1395262.59960038238205 ], [ 421378.501082945265807, 1395472.749130059499294 ], [ 420987.304445824993309, 1395539.755874564871192 ], [ 420961.819465262931772, 1395506.759584918385372 ], [ 421163.968213367566932, 1394863.504969369387254 ], [ 421142.825762878812384, 1394641.539093867177144 ], [ 421089.97944322420517, 1394588.700802808161825 ], [ 420920.865648090955801, 1394694.386874248972163 ], [ 420033.044135994685348, 1395455.383831789484248 ], [ 419652.547608768974897, 1395687.902604834875092 ], [ 419388.315477448282763, 1395740.74963173433207 ], [ 419166.367915764218196, 1395698.480137106496841 ], [ 418855.27608692611102, 1395555.041850459994748 ], [ 418426.516254716611002, 1395603.346287179738283 ], [ 417771.212684756494127, 1395233.429456556448713 ], [ 417151.039579149335623, 1395039.134549691108987 ], [ 417038.491770173190162, 1395072.164460527012125 ], [ 416868.84503295988543, 1394993.319698312785476 ], [ 416676.969158124411479, 1394979.42581845424138 ], [ 416570.132379926799331, 1394911.546872231177986 ], [ 416421.622192121983971, 1394981.600542273372412 ], [ 416067.401088159240317, 1395034.731446901801974 ], [ 416081.176804127288051, 1395076.42871357081458 ], [ 416040.271809987141751, 1395171.969045510049909 ], [ 416130.47680303780362, 1395751.233608119655401 ], [ 416133.897814059513621, 1396001.827725578797981 ], [ 416087.503643217380159, 1396533.741009205114096 ], [ 415072.913230310252402, 1396534.79385822894983 ], [ 415160.595749530999456, 1395096.021368453744799 ], [ 414906.938228745595552, 1394969.197464088676497 ], [ 414457.560666464152746, 1394667.782569978153333 ], [ 414373.29237849637866, 1394659.354105984792113 ], [ 414239.621300692670047, 1394570.241707839537412 ], [ 413990.653508179995697, 1394290.858509936602786 ], [ 413934.557349158101715, 1394303.325868675485253 ], [ 413712.60460932541173, 1394155.3591178660281 ], [ 413596.340309071820229, 1394134.222974608885124 ], [ 413585.776029724511318, 1394049.661887473426759 ], [ 413437.804724307847209, 1393806.572438492672518 ], [ 413416.666782430082094, 1393817.143028213642538 ], [ 413057.308450097625609, 1393489.485561611829326 ], [ 412803.64563735818956, 1393045.584425290348008 ], [ 412697.944962224690244, 1393024.441457048757002 ], [ 412613.396257908258121, 1392844.764147865353152 ], [ 412708.514662154309917, 1392538.249782384606078 ], [ 412592.262047960131895, 1392115.484788149828091 ], [ 412084.933549209497869, 1391650.436031830962747 ], [ 411916.539329691382591, 1391742.59309839294292 ], [ 411286.343304986367002, 1392861.113537854747847 ], [ 411027.508298099506646, 1392967.415407612221316 ], [ 410942.746108627296053, 1393136.944431914482266 ], [ 410666.160544444632251, 1393331.747593262931332 ], [ 409965.754202885262202, 1393632.135144819039851 ], [ 409647.126502473838627, 1393900.439261752879247 ], [ 409378.824753587075975, 1394317.956634121248499 ], [ 409223.720895442296751, 1394469.345826598117128 ], [ 409027.41518268105574, 1394530.821152290096506 ], [ 408907.377559772983659, 1394631.691181125352159 ], [ 408820.555972233647481, 1394661.254428627667949 ], [ 408992.46104906644905, 1395400.927752622868866 ], [ 408107.22977246332448, 1395499.977372775785625 ], [ 407846.468212719308212, 1394795.43259207601659 ], [ 407263.460219115950167, 1394985.048991347663105 ], [ 406589.420746579125989, 1395331.524336008820683 ], [ 406293.336584354983643, 1395517.357732044765726 ], [ 405512.202052327222191, 1395633.897129995282739 ], [ 405386.210208638745826, 1395533.109193842392415 ], [ 404579.887466345855501, 1395389.569666345603764 ], [ 404567.254084943095222, 1394390.542091967305169 ], [ 403969.907209624478128, 1394206.636471109697595 ], [ 403063.761326994048432, 1394852.988413729006425 ], [ 403055.872452442883514, 1395152.068275892641395 ], [ 402809.845306123839691, 1395060.613873704802245 ], [ 402759.865602573670913, 1394960.661339661804959 ], [ 402612.138840356783476, 1394933.627438622061163 ], [ 402472.483622155792546, 1394738.868903981987387 ], [ 402231.945768022211269, 1394738.874897349160165 ], [ 402150.732524558668956, 1394701.384908414678648 ], [ 402094.503290836699307, 1394623.286617873702198 ], [ 401910.197160062612966, 1394613.922556824516505 ], [ 401810.246692707180046, 1394557.696529084816575 ], [ 401675.916271565714851, 1394542.067890384467319 ], [ 401522.850800707296003, 1394426.491819602437317 ], [ 401394.785578159440774, 1394492.087324040941894 ], [ 401185.484453371202108, 1394473.347267571603879 ], [ 401098.022770253941417, 1394501.465841637691483 ], [ 401052.698908668884542, 1394464.960262489970773 ], [ 400873.112458068993874, 1394445.234531775349751 ], [ 400720.043982135714032, 1394492.096537935081869 ], [ 400708.584965560643468, 1394538.996477833017707 ], [ 400423.293691042345017, 1394617.045107457321137 ], [ 400335.821115464495961, 1394595.176182917552069 ], [ 400263.976786061772145, 1394479.599032029509544 ], [ 399935.900278892193455, 1394273.124744528438896 ], [ 399849.734291785629466, 1394413.310974232386798 ], [ 399853.381780982832424, 1394520.865183066111058 ], [ 399804.4316879051039, 1394615.078243398107588 ], [ 399570.534462119103409, 1394727.914830796886235 ], [ 399594.529314337763935, 1394761.993825379293412 ], [ 399458.303686342551373, 1394972.941354969516397 ], [ 399452.044112596311606, 1395221.299208090640604 ], [ 399398.26624813536182, 1395282.56110308226198 ], [ 399432.693122542579658, 1395339.552103704307228 ], [ 399427.587942856363952, 1395453.308692819671705 ], [ 399298.409581686195452, 1395597.829706130316481 ], [ 399219.350102803204209, 1395601.72597492672503 ], [ 399169.313778547919355, 1395799.021382074570283 ], [ 399123.101756922958884, 1395867.656137084821239 ], [ 399032.871069462038577, 1395952.483759406255558 ], [ 398868.380913713073824, 1396009.926012265030295 ], [ 399208.196216113690753, 1398029.86185549129732 ], [ 398954.821210026741028, 1398230.446099410532042 ], [ 399655.999922225135379, 1400363.428457769099623 ], [ 400930.398755487636663, 1403123.702964887721464 ], [ 401214.309478267212398, 1403651.854590382659808 ], [ 402126.20451973262243, 1404390.696128717623651 ], [ 402614.950206358218566, 1404628.574343364220113 ], [ 403203.45489511085907, 1404858.078384632244706 ], [ 402998.052534927905072, 1405823.036105090985075 ], [ 402000.61577949358616, 1405352.00265693035908 ], [ 400987.175810510001611, 1405167.484550683526322 ], [ 400704.067752488190308, 1405051.01134640048258 ], [ 400243.215234681381844, 1405179.168806759873405 ], [ 400202.129102015867829, 1405243.93628333741799 ], [ 400190.287033332453575, 1405408.061465973500162 ], [ 400058.38674966635881, 1405430.094143929891288 ], [ 399914.542449696455151, 1405436.663871671771631 ], [ 399748.308797906094696, 1405391.100296245189384 ], [ 399447.741099592647515, 1405181.090933455619961 ], [ 399419.043994787673, 1405138.557353870943189 ], [ 399663.629108025343157, 1404687.752529320539907 ], [ 399829.462331276619807, 1404183.63339454960078 ], [ 399176.811927601345815, 1403109.221981631824747 ], [ 398261.316022010520101, 1401017.153980061179027 ], [ 397816.283004592871293, 1400244.432131511857733 ], [ 397672.216038037789986, 1400118.382423527538776 ], [ 397443.061838949215598, 1400020.168678798479959 ], [ 397240.02971456857631, 1400064.357286442071199 ], [ 397131.973450952325948, 1400280.449254086008295 ], [ 396982.129018802894279, 1400322.799190151272342 ], [ 395360.780238673440181, 1402219.481442008167505 ], [ 395185.935421104892157, 1401799.8501921154093 ], [ 395273.359663086710498, 1401625.001340816030279 ], [ 395046.059998954646289, 1401572.544186449376866 ], [ 394923.66697577649029, 1401869.780025338055566 ], [ 393859.897508829133585, 1402400.840242960490286 ], [ 392846.724086328817066, 1403316.054509566398337 ], [ 391529.92452703404706, 1402854.97616852261126 ], [ 390482.574929384922143, 1403460.885822751093656 ], [ 390172.114942386455368, 1403034.958674615249038 ], [ 388666.358649960428011, 1402993.257999866269529 ], [ 389086.929854020127095, 1401699.054989535361528 ], [ 388956.446581367519684, 1400064.260948096169159 ], [ 388767.822209722478874, 1398744.112394525902346 ], [ 388817.211616176355164, 1398584.476554259192199 ] ] ] ] } },
{ "type": "Feature", "properties": { "site_id": 555651505, "name_eng": "AMP Gandoule", "desig_eng": "Marine Protected Area", "iucn_cat": "VI", "realm": "Coastal", "gis_area": 280.52303181000002, "gov_type": "Joint governance", "mang_auth": "Direction des aires marines communautaires Protégées" }, "geometry": { "type": "MultiPolygon", "coordinates": [ [ [ [ 332691.36292015213985, 1561777.700291954912245 ], [ 332382.71364775125403, 1561570.86822870420292 ], [ 332146.566981906245928, 1561636.700110914651304 ], [ 328593.997280687559396, 1560678.999906690558419 ], [ 327338.999609513441101, 1556300.003533985698596 ], [ 326231.377395584946498, 1554832.157046596519649 ], [ 326523.6043609608314, 1552562.812427518889308 ], [ 324089.428890029317699, 1548911.555474473163486 ], [ 319663.753698705113493, 1549263.755504301516339 ], [ 318638.998686378647108, 1547165.308282426791266 ], [ 322660.679541953606531, 1544784.055205921875313 ], [ 323746.029457585944328, 1542652.805561308516189 ], [ 325497.656139935716055, 1543323.634921219898388 ], [ 327581.935225778841414, 1546583.221729314886034 ], [ 333073.150765771220904, 1546225.54471762990579 ], [ 333860.985149651998654, 1545371.795979374088347 ], [ 334110.955862203729339, 1544935.215795390540734 ], [ 334433.294756023737136, 1544035.276814962504432 ], [ 334464.533311422215775, 1543300.550827722065151 ], [ 339275.659111737506464, 1544312.737443007063121 ], [ 339366.882766944996547, 1543990.546953135635704 ], [ 339403.505722250090912, 1543409.996758736902848 ], [ 339281.896786784287542, 1543026.842606572434306 ], [ 340192.933164258836769, 1542752.428797887405381 ], [ 340673.027884478215128, 1542858.017878640210256 ], [ 340986.742087847786024, 1542698.179285670630634 ], [ 341660.785673424077686, 1542652.11649175407365 ], [ 342173.373867418849841, 1542578.399393018567935 ], [ 342213.56298860127572, 1542932.557939856080338 ], [ 342449.653807584836613, 1543155.167787528363988 ], [ 342837.9164289154578, 1543283.120628295699134 ], [ 342805.582607755612116, 1542968.14343955158256 ], [ 342838.625605000939686, 1542626.137168691726401 ], [ 342922.134170096658636, 1542406.72163257189095 ], [ 343249.780827132868581, 1542145.800041195936501 ], [ 343776.149759992084, 1542339.082111294846982 ], [ 343871.801636718213558, 1542546.152710443362594 ], [ 343816.887063654547092, 1542870.455698943231255 ], [ 343962.037243379629217, 1543071.052107890369371 ], [ 344241.797325245803222, 1542539.546247469959781 ], [ 344744.560476300073788, 1542627.194756008218974 ], [ 344871.852911734487861, 1542807.857608529506251 ], [ 344977.921215567621402, 1543156.308171685552225 ], [ 345275.28289907798171, 1543618.094912382075563 ], [ 345302.049816700688098, 1543776.476512118708342 ], [ 345263.572716515918728, 1543910.315806648461148 ], [ 344949.415704282291699, 1544176.451993588358164 ], [ 344610.8016274983529, 1544777.174922763369977 ], [ 344420.53321873571258, 1545453.393037244211882 ], [ 344499.908157889847644, 1546026.50539347762242 ], [ 344610.725468024145812, 1545749.800046587130055 ], [ 344865.919766805949621, 1545925.283049446297809 ], [ 345155.11316034552874, 1546255.167668445967138 ], [ 345410.983475591987371, 1546755.194236869458109 ], [ 345589.251169509836473, 1546890.53558892197907 ], [ 345622.919069281080738, 1547090.284377686912194 ], [ 346084.075731088989414, 1547209.143720137886703 ], [ 345686.290308991912752, 1547749.652710023103282 ], [ 345594.001760597922839, 1547933.722066245041788 ], [ 342990.027119220350869, 1548178.22613896173425 ], [ 342859.364105692657176, 1548476.139109435956925 ], [ 342583.299595226882957, 1548027.46933155762963 ], [ 342298.865929549443536, 1548046.878291094908491 ], [ 342309.918923694523983, 1548325.733440510928631 ], [ 342177.994099968695082, 1548561.362158396746963 ], [ 341605.643635616754182, 1548306.322593341348693 ], [ 341412.209008666046429, 1548074.122055343352258 ], [ 341293.3333228364354, 1548226.878381891874596 ], [ 341394.084696046891622, 1548523.896576708182693 ], [ 341354.541474514175206, 1548789.270650228252634 ], [ 341286.45662579452619, 1548932.374975739046931 ], [ 341162.152359135972802, 1548813.908216466661543 ], [ 341018.769545934046619, 1548731.881009174278006 ], [ 340855.726115805911832, 1548776.672521996311843 ], [ 341212.012001341441646, 1549406.108921759063378 ], [ 341447.890869904425927, 1549286.489599864697084 ], [ 341565.190776360803284, 1549340.325594128808007 ], [ 341581.154220865515526, 1549608.287019768031314 ], [ 341512.268094363738783, 1549825.707193508045748 ], [ 341537.300702514359728, 1549950.056777094025165 ], [ 341389.493897483916953, 1550224.20139680383727 ], [ 341457.826206909725443, 1550325.13789715222083 ], [ 341675.190496941795573, 1550428.037537452066317 ], [ 341884.158060351444874, 1550727.715903929201886 ], [ 342190.592612163105514, 1550857.858505157288164 ], [ 342381.444152858573943, 1550903.343698105076328 ], [ 342465.546960171021055, 1550963.27349098213017 ], [ 342617.413043310632929, 1551353.551019884413108 ], [ 342508.929476552060805, 1551368.259415202541277 ], [ 342369.877252385485917, 1551527.907239756779745 ], [ 342399.700695638428442, 1551736.207928862888366 ], [ 342300.511917733529117, 1551865.164428107207641 ], [ 342186.683706587122288, 1552199.289716249797493 ], [ 342065.251693666330539, 1552098.581126825418323 ], [ 341679.96281629812438, 1552170.546074947342277 ], [ 341516.488591487403028, 1552274.581749000586569 ], [ 341446.546067032963037, 1552462.891611028229818 ], [ 341654.423782661673613, 1552853.203485173406079 ], [ 341286.849078097671736, 1552845.333203962538391 ], [ 341275.029357343679294, 1553144.810316980583593 ], [ 341460.507280358695425, 1553120.467499307123944 ], [ 341539.576797185698524, 1553226.204609202919528 ], [ 341485.883071800752077, 1553367.904041087720543 ], [ 341610.030209235032089, 1553553.159755872562528 ], [ 341798.191660936339758, 1553731.889341807225719 ], [ 341916.009372016123962, 1554056.924557053484023 ], [ 342034.488529758295044, 1554194.744821451837197 ], [ 342296.740525596775115, 1554336.730712779797614 ], [ 342746.982622381008696, 1554492.492710551247001 ], [ 342555.195849495998118, 1555175.080035931430757 ], [ 342294.622239485499449, 1555053.139595855027437 ], [ 342189.815819788898807, 1554944.164058378664777 ], [ 341975.438594358623959, 1554886.460686090867966 ], [ 341856.196740064537153, 1554919.295437779277563 ], [ 341812.44907844311092, 1554768.443969076266512 ], [ 341667.479128895967733, 1554642.848428922705352 ], [ 341320.289135973085649, 1554574.492734271567315 ], [ 341191.07262885873206, 1554772.710436094319448 ], [ 340996.797663468285464, 1555186.647998120635748 ], [ 340767.0811278806068, 1555056.14373643300496 ], [ 340670.68518778582802, 1555072.146943690720946 ], [ 340420.327758590690792, 1555039.939044350758195 ], [ 340142.337357758195139, 1554944.846380371600389 ], [ 339906.092227028508205, 1554771.69698335044086 ], [ 339780.606077093456406, 1554857.264322459464893 ], [ 339516.454769535106607, 1554887.028822396649048 ], [ 339199.122129730065353, 1554782.967125099617988 ], [ 339077.734478797006886, 1554457.211194666102529 ], [ 338908.47471997566754, 1554213.007363809738308 ], [ 338606.437586710671894, 1554215.085383968194947 ], [ 338380.389592715771869, 1554176.137514502741396 ], [ 338218.552285494282842, 1554309.526939545758069 ], [ 338040.449809650890529, 1554620.942126875976101 ], [ 337978.887935103790369, 1554792.163312445860356 ], [ 337944.609351584047545, 1555121.41737287514843 ], [ 338064.016935473540798, 1555178.065307043259963 ], [ 338185.179481886443682, 1555162.602619512472302 ], [ 338190.339975421957206, 1555344.086496654199436 ], [ 338119.239979610079899, 1555424.803393117384985 ], [ 338024.282681421027519, 1555764.920545774046332 ], [ 337869.760705868015066, 1555854.588813902111724 ], [ 337741.984702328976709, 1555984.026406249729916 ], [ 337709.258780438452959, 1556225.572119863703847 ], [ 337839.137250369065441, 1556346.540688246488571 ], [ 337983.10306789749302, 1556273.534181963186711 ], [ 338170.275332602090202, 1556084.652440066449344 ], [ 338226.288856322295032, 1556202.995108414907008 ], [ 338239.783256202179473, 1556389.017380359582603 ], [ 338473.038438846124336, 1556496.188222537050024 ], [ 338699.605849555577151, 1556509.575100342044607 ], [ 338631.389960883418098, 1556705.773996232775971 ], [ 338504.19760381989181, 1556763.668458832893521 ], [ 338023.49559000483714, 1556692.778416907414794 ], [ 337851.972922902205028, 1556784.458677741000429 ], [ 337533.167473471374251, 1556699.601684598950669 ], [ 337344.360926667111926, 1556764.932303027482703 ], [ 337448.177265374688432, 1556924.245414872653782 ], [ 337642.564221570210066, 1556963.495411998825148 ], [ 337706.430310439667664, 1557097.142932172864676 ], [ 337569.379160522134043, 1557343.858383054146543 ], [ 337873.135756244708318, 1557576.308256609365344 ], [ 338038.505415108520538, 1557543.490792828146368 ], [ 338043.472946743306238, 1557318.108867632225156 ], [ 338080.126961083209608, 1557211.67785486439243 ], [ 338422.960403120261617, 1557620.710960866184905 ], [ 338997.364158664655406, 1557851.575158047955483 ], [ 339187.201496944995597, 1558425.899284828454256 ], [ 339948.083298110868782, 1559623.830734402872622 ], [ 340110.978707126574591, 1559757.278550162445754 ], [ 340225.226784735685214, 1559941.902632378041744 ], [ 340144.874881451309193, 1560189.452632300090045 ], [ 339765.168851811089553, 1560427.685268232598901 ], [ 339639.876312028849497, 1560721.777442373801023 ], [ 339418.213535384275019, 1561028.340699422638863 ], [ 339213.208889503846876, 1561102.193489671684802 ], [ 338566.293288244807627, 1561448.893675428116694 ], [ 332932.199270435026847, 1561566.720353135606274 ], [ 332691.36292015213985, 1561777.700291954912245 ] ] ] ] } },
{ "type": "Feature", "properties": { "site_id": 555705171, "name_eng": "AMP Kaalolaal Blouf-Fogny", "desig_eng": "Marine Protected Area", "iucn_cat": "VI", "realm": "Terrestrial", "gis_area": 834.56028297, "gov_type": "Joint governance", "mang_auth": "Direction des aires marines communautaires Protégées" }, "geometry": { "type": "MultiPolygon", "coordinates": [ [ [ [ 343639.245057487511076, 1439553.867736033629626 ], [ 343369.097755104128737, 1439756.931449974188581 ], [ 342767.185768271912821, 1440087.267403884790838 ], [ 342667.023562486632727, 1440189.146597873419523 ], [ 342554.450865866616368, 1440235.476306628901511 ], [ 342403.386250798823312, 1440363.776410979451612 ], [ 341945.457885185547639, 1440757.626042639138177 ], [ 341795.324976274860092, 1441026.426552656572312 ], [ 341669.291362026240677, 1441175.628321501659229 ], [ 341026.538198054011445, 1441735.166430233279243 ], [ 340943.193597474484704, 1441854.755562318721786 ], [ 340865.539241827325895, 1441894.729907642584294 ], [ 340755.660640642046928, 1442174.533765877597034 ], [ 340694.190161849255674, 1442521.914385557873175 ], [ 340597.992343411315233, 1442732.356925370171666 ], [ 340489.389356785628479, 1442849.373091370100155 ], [ 340217.079258175333962, 1443307.363484965404496 ], [ 340075.054257802432403, 1443860.676230080891401 ], [ 339869.500995829002932, 1444165.601112503325567 ], [ 339862.823733321274631, 1444257.391323470044881 ], [ 339807.432935871707741, 1444323.57948277448304 ], [ 339720.088067510165274, 1444651.136935237096623 ], [ 339591.011442978051491, 1444794.263097923249006 ], [ 339563.76482054463122, 1444910.555165487574413 ], [ 339422.102141412440687, 1445122.785262920428067 ], [ 339138.618599354405887, 1445454.269824350252748 ], [ 338863.575258324854076, 1445692.706788373645395 ], [ 338632.713761919410899, 1445753.423666909569874 ], [ 337602.855021829600446, 1445808.779199895914644 ], [ 337382.866709738271311, 1445846.43270058138296 ], [ 337050.846828325593378, 1445820.800362929468974 ], [ 336424.250845563248731, 1445878.799340460682288 ], [ 335744.816432851424906, 1445800.174302768660709 ], [ 335420.556724053341895, 1445794.416593316476792 ], [ 335101.491007872915361, 1445848.236826279666275 ], [ 334874.546200207434595, 1445848.782229285687208 ], [ 334486.2021254330175, 1446083.767972952919081 ], [ 334173.104246545175556, 1446216.462475902866572 ], [ 334060.830166030093096, 1446216.554710058728233 ], [ 333859.227695726323873, 1446135.877352306386456 ], [ 333758.958961284486577, 1446132.512939490610734 ], [ 333597.240989583311602, 1446162.631950548384339 ], [ 333412.147464479319751, 1446281.185160247143358 ], [ 333223.97081547358539, 1446165.162918486399576 ], [ 332629.747564844205044, 1446017.983828106429428 ], [ 331925.169896539882757, 1445750.377117495285347 ], [ 331723.661215617263224, 1445708.11258798558265 ], [ 330993.540650950744748, 1445452.023695549927652 ], [ 330798.516089964658022, 1445434.915638484293595 ], [ 330449.950235136901028, 1445532.736757406033576 ], [ 329600.721517496742308, 1445450.353186917025596 ], [ 329321.533120496023912, 1445481.624815115006641 ], [ 328708.352000438957475, 1445268.720168665749952 ], [ 328595.997232295805588, 1445630.547982641495764 ], [ 328357.421621942252386, 1445865.886545900255442 ], [ 328172.525337502243929, 1445971.820270078256726 ], [ 327561.056376192369498, 1446004.163624774198979 ], [ 327432.435109460551757, 1446038.857777565484866 ], [ 327115.094671648927033, 1445969.487132454989478 ], [ 326993.160685963113792, 1445313.267932904185727 ], [ 326992.902121917926706, 1444336.960323098348454 ], [ 326793.667906723101623, 1443125.168785018380731 ], [ 326750.404008067736868, 1442619.032832904718816 ], [ 326686.273441452241968, 1442452.673129550646991 ], [ 326646.07729876274243, 1442445.945539067033678 ], [ 326552.942463603743818, 1442217.683192236348987 ], [ 326304.222815170593094, 1442077.357396878767759 ], [ 325402.256735602684785, 1441744.102334069088101 ], [ 325272.49748803966213, 1441706.75786771113053 ], [ 324980.627830281213392, 1441696.231833512429148 ], [ 324680.563300198758952, 1441274.291774007258937 ], [ 324459.691778969485313, 1441125.682928449008614 ], [ 324426.255111627280712, 1441046.485129242762923 ], [ 324577.785114732745569, 1440972.448174640769139 ], [ 324790.331444133422337, 1440449.715242343489081 ], [ 324983.569022678420879, 1440212.600960143143311 ], [ 325060.473539022728801, 1440160.680667307693511 ], [ 325042.796232043532655, 1440017.747564301593229 ], [ 325008.995204736362211, 1439983.555982553400099 ], [ 324883.490222729742527, 1439932.533468865090981 ], [ 324749.61770737048937, 1439828.052596959751099 ], [ 324677.537828495609574, 1439806.29616258200258 ], [ 324608.021766398858745, 1439841.432045794790611 ], [ 324555.126402772963047, 1439786.519553754478693 ], [ 324588.894724836223759, 1439692.655800495063886 ], [ 324699.825309558655135, 1439640.075682087801397 ], [ 324681.736250874120742, 1439579.421239063376561 ], [ 324792.379019744577818, 1439580.477131897583604 ], [ 324787.839496708242223, 1439461.84356613853015 ], [ 324685.767342347069643, 1439460.998666445724666 ], [ 324682.594550307781901, 1439403.855967462528497 ], [ 324754.303475821623579, 1439372.191366425482556 ], [ 324771.71210728911683, 1439431.62216777401045 ], [ 324795.924180747417267, 1439426.467853920999914 ], [ 324870.07026513305027, 1439305.387519703712314 ], [ 324863.844578949850984, 1439173.975813505006954 ], [ 324987.656947465846315, 1439169.70520187029615 ], [ 325033.488193004974164, 1439200.324638277990744 ], [ 325412.246070545865223, 1439180.522815133910626 ], [ 325434.392848114715889, 1439207.23263016412966 ], [ 325518.667006970848888, 1439205.084268211852759 ], [ 325624.640306474175304, 1439133.124110763659701 ], [ 325740.208387555496302, 1439163.237545799929649 ], [ 325794.770347354235128, 1438999.602946535684168 ], [ 325762.888191876001656, 1438889.638830505311489 ], [ 325694.952844244369771, 1438871.603738376637921 ], [ 325682.917490760446526, 1438798.697080877842382 ], [ 325821.945499364170246, 1438750.602265648543835 ], [ 325898.15144984878134, 1438844.964469612343237 ], [ 325998.974119949212763, 1438872.760404681088403 ], [ 326128.16680656967219, 1438966.435008837608621 ], [ 325320.216634072479792, 1438111.675627836724743 ], [ 325076.218371181748807, 1431066.438267603283748 ], [ 329657.370708444504999, 1425557.206212773919106 ], [ 329345.763909318484366, 1425036.831091631669551 ], [ 329107.693418617593125, 1424219.681174733908847 ], [ 329137.441120854811743, 1423260.726140018785372 ], [ 329386.69339460786432, 1422526.186539090704173 ], [ 329599.446453854616266, 1421651.023727499181405 ], [ 329440.102871046925429, 1420685.272281810874119 ], [ 329151.023522630799562, 1419974.046820227755234 ], [ 328814.623284095432609, 1419399.449009218253195 ], [ 328068.417426614323631, 1417535.13016870431602 ], [ 327890.837365808314644, 1416651.876797465374693 ], [ 327668.221591242589056, 1412624.710117968497798 ], [ 327638.914539715042338, 1411358.973754078615457 ], [ 327461.785269479209092, 1410000.574800963047892 ], [ 327827.98400922305882, 1409937.998968145810068 ], [ 327907.36147499026265, 1409950.025955962017179 ], [ 327984.332139540580101, 1410014.294708989094943 ], [ 328073.447387177380733, 1409997.444441835395992 ], [ 328395.068807318282779, 1409670.75090889330022 ], [ 328655.254606865404639, 1409585.025504758348688 ], [ 328942.668901262688451, 1409539.184125831583515 ], [ 329609.510883756331168, 1409643.580542141804472 ], [ 329847.047584022919182, 1409565.14997226651758 ], [ 330134.624613522260915, 1409375.031067366013303 ], [ 330322.762918837484904, 1409167.990803239168599 ], [ 330383.473106153542176, 1408806.26754008140415 ], [ 330365.918336312402971, 1408631.950035568326712 ], [ 330325.829246139153838, 1408545.980779592180625 ], [ 330472.43805483460892, 1408389.681707750540227 ], [ 331183.354566263966262, 1408496.120854676468298 ], [ 331807.880488196387887, 1408459.302279245574027 ], [ 331887.487682250735816, 1408303.809412251226604 ], [ 331904.983122761419509, 1407576.525365809909999 ], [ 331967.596113018284086, 1407378.709882194641978 ], [ 332055.001690782839432, 1407270.065397136146203 ], [ 332186.419729515560903, 1407263.133241285337135 ], [ 332280.932427456835285, 1407191.650346514303237 ], [ 332397.066689613391645, 1407171.214286433998495 ], [ 332490.816123084339779, 1407172.306248106295243 ], [ 332961.849829436745495, 1407369.789462318643928 ], [ 333108.460209720069543, 1407326.155138908186927 ], [ 333184.939138744608499, 1407238.597848389763385 ], [ 333177.441186962358188, 1407083.414645195472986 ], [ 332998.604990917025134, 1406750.06647909223102 ], [ 339232.5132357791299, 1407168.00491431588307 ], [ 340942.785233024857007, 1407984.917817139532417 ], [ 340627.058763489185367, 1408608.652154985815287 ], [ 340536.167882777226623, 1409090.443004759028554 ], [ 339848.946658090339042, 1409868.452738336054608 ], [ 337958.543421484995633, 1410838.695121894124895 ], [ 337286.964293237077072, 1411468.90017847251147 ], [ 337215.419207025435753, 1412035.50134684657678 ], [ 336196.061629246338271, 1414889.31829863646999 ], [ 335941.347146516898647, 1415544.411972109461203 ], [ 335617.89904007606674, 1415983.743088687071577 ], [ 335613.463234820344951, 1417384.384543810039759 ], [ 334713.724414991855156, 1418202.387206413783133 ], [ 334564.539835995878093, 1418750.547843294683844 ], [ 334285.659792352118529, 1419171.352746202843264 ], [ 334088.510732487426139, 1419358.701678425772116 ], [ 332853.343707948981319, 1420821.037518392549828 ], [ 332412.401448515476659, 1421310.89383271173574 ], [ 331891.717148192750756, 1421643.785357406362891 ], [ 332561.027456844283734, 1421797.396119939396158 ], [ 335159.113522074534558, 1421876.306717490777373 ], [ 335328.514302304247394, 1421911.382060072151944 ], [ 336583.416740764863789, 1422441.57597669144161 ], [ 336929.101611286925618, 1422373.048167190281674 ], [ 337928.610510167025495, 1422528.649809473194182 ], [ 338333.474662214284763, 1422526.512727513210848 ], [ 339034.291048245038837, 1422600.59610054618679 ], [ 340971.770937643945217, 1422581.937107543693855 ], [ 341204.567749034031294, 1422478.663359403144568 ], [ 342654.230431618052535, 1422412.369223451241851 ], [ 343563.071123436500784, 1422474.0328914669808 ], [ 343792.733405883423984, 1422431.806509566493332 ], [ 344230.250473279855214, 1421735.54265333339572 ], [ 344611.704292673384771, 1421210.408016958041117 ], [ 344834.587320425314829, 1420654.688773907488212 ], [ 345149.557616380217951, 1420414.557528065051883 ], [ 345650.57551005447749, 1420235.360876168124378 ], [ 345848.245668371091597, 1420243.828078600345179 ], [ 346170.054785594227724, 1420191.005400197347626 ], [ 346662.20265632821247, 1419997.994196496438235 ], [ 347108.717669136589393, 1419654.734239222249016 ], [ 349296.543296558898874, 1418188.343236012384295 ], [ 349709.867986395896878, 1417940.131591518875211 ], [ 350071.577299775613938, 1417790.099153150105849 ], [ 350409.591323620872572, 1417718.957565922522917 ], [ 351003.099672665353864, 1417725.042472061701119 ], [ 351553.466087093518581, 1417869.937681783922017 ], [ 352600.294052002369426, 1417833.548139327205718 ], [ 353060.577580492245033, 1417946.126284772530198 ], [ 353451.229226984083652, 1417989.288419142365456 ], [ 354099.506260559544899, 1418005.483168211299926 ], [ 354879.985145205748267, 1417907.350621522637084 ], [ 355533.335252583317924, 1417895.3455887993332 ], [ 355866.099242320982739, 1418671.761350457556546 ], [ 355216.295534596370999, 1419692.927105945767835 ], [ 355660.161090771551244, 1419833.957187640480697 ], [ 355543.150349339121021, 1420045.282633396564052 ], [ 355393.180165262310766, 1420158.287597111426294 ], [ 355468.695985101163387, 1420274.861508573172614 ], [ 355670.139677171129733, 1420402.554712735582143 ], [ 355722.233202493516728, 1420500.545077982824296 ], [ 355982.565043452894315, 1420712.335511064622551 ], [ 356015.830679808859713, 1420707.98291727504693 ], [ 356293.374849069397897, 1421036.440989860799164 ], [ 356535.072408786276355, 1421438.400614608312026 ], [ 356698.32244076707866, 1421883.759962047915906 ], [ 356927.526072502369061, 1422139.398700143676251 ], [ 356929.145068672369234, 1422247.803705593338236 ], [ 357067.899408666300587, 1422512.612146622501314 ], [ 356628.07375196646899, 1423450.302794682327658 ], [ 355423.77309016592335, 1425213.962625149637461 ], [ 355256.982602394476999, 1425348.2750317028258 ], [ 353882.80479389091488, 1426050.835864667315036 ], [ 353568.622662115609273, 1426101.411738702794537 ], [ 353572.523153726360761, 1426238.511116900248453 ], [ 353856.580936099053361, 1426483.79225494293496 ], [ 354178.311367075308226, 1426975.872956392588094 ], [ 354674.259857331751846, 1427535.25142949516885 ], [ 355100.038887002097908, 1428205.08723113220185 ], [ 355302.752043001295533, 1428609.438027055701241 ], [ 355846.705863991985098, 1429503.283139053499326 ], [ 356063.585975932131987, 1429774.58225530711934 ], [ 356794.029194170143455, 1430221.607321469811723 ], [ 357258.318390786240343, 1430578.449731542961672 ], [ 358374.320251931669191, 1430959.275610930286348 ], [ 359245.772657398949377, 1431369.445911222370341 ], [ 359150.377802885137498, 1431447.028312493348494 ], [ 359089.6332901265705, 1431581.722233142936602 ], [ 359005.607186434324831, 1431665.231742994161323 ], [ 358824.553717344999313, 1431607.394355088239536 ], [ 358518.499976891325787, 1431627.326981355203316 ], [ 358375.774991144193336, 1431594.893140965839848 ], [ 358126.529474509821739, 1431757.255276696523651 ], [ 358038.963091001089197, 1431856.427123412489891 ], [ 357857.340045101824217, 1431871.903371066087857 ], [ 357734.094669352401979, 1431937.753976110136136 ], [ 357522.327127043274231, 1432180.081671244464815 ], [ 357245.09534247382544, 1432379.287761530373245 ], [ 357117.844698325032368, 1432429.333093985216692 ], [ 357026.217799410223961, 1432404.839682691730559 ], [ 356857.632965526077896, 1432572.550896619213745 ], [ 356681.578684397041798, 1432619.244441147893667 ], [ 356488.570147029415239, 1432540.64425426046364 ], [ 355927.590268208121415, 1432486.46578543051146 ], [ 355415.448269781074487, 1432176.188958950340748 ], [ 355246.629149701155256, 1432025.459593621082604 ], [ 354958.474440540885553, 1431926.183106061071157 ], [ 354959.572370006586425, 1432409.791074883658439 ], [ 355019.113666579360142, 1432661.020676104817539 ], [ 355234.277201057528146, 1432967.463902777526528 ], [ 355345.782951573026367, 1433314.647328134160489 ], [ 355486.31655898905592, 1433561.914918346796185 ], [ 355581.287355274602305, 1433809.829868551809341 ], [ 355993.524148656870238, 1434467.48443925823085 ], [ 356389.636427527933847, 1435015.009572929469869 ], [ 356707.266184289881494, 1435383.537943087052554 ], [ 357055.786490137455985, 1435666.912501839455217 ], [ 357444.538371226517484, 1435888.149749167496338 ], [ 357793.572137118375394, 1436217.191608146531507 ], [ 358150.455534663866274, 1436221.607732355827466 ], [ 358275.100828622351401, 1436201.96473005390726 ], [ 358388.916797286423389, 1436130.786932120332494 ], [ 358625.702795608900487, 1436197.8576058014296 ], [ 358678.851022720220499, 1436175.783647648757324 ], [ 358933.620870397542603, 1436210.996338919503614 ], [ 359475.189962465898134, 1436392.311713284114376 ], [ 359842.409340226557106, 1436636.940418575890362 ], [ 360007.757898990879767, 1436710.534737149719149 ], [ 360384.402289654419292, 1436499.512944856891409 ], [ 360486.310540266858879, 1436615.165367503883317 ], [ 360573.892873267468531, 1436583.27574286959134 ], [ 360869.074570545577444, 1436925.012491147499532 ], [ 361222.770104536146391, 1437198.00977604300715 ], [ 361405.343712635571137, 1437385.579235542332754 ], [ 361464.758902089553885, 1437557.76139587117359 ], [ 361562.310917613678612, 1437701.877709780586883 ], [ 361726.645216165401507, 1437822.198565832106397 ], [ 361882.926180178532377, 1438173.765456547727808 ], [ 362014.274530080496334, 1438257.694885954260826 ], [ 362157.752942397608422, 1438794.195548635907471 ], [ 362322.742448962526396, 1439071.509849100606516 ], [ 362238.349919319618493, 1439113.112649089889601 ], [ 361876.957839715818409, 1439096.336684837006032 ], [ 361817.86720760515891, 1439117.881543793017045 ], [ 361698.581517437472939, 1439280.274336020927876 ], [ 361641.871126209269278, 1439252.971628101076931 ], [ 361612.321159150917083, 1439280.065434301272035 ], [ 361691.103060227469541, 1439307.301637645578012 ], [ 361665.97724770399509, 1439362.292166315717623 ], [ 361513.291489039314911, 1439421.75020792381838 ], [ 361461.536046687746421, 1439536.595235791057348 ], [ 361607.108399003220256, 1440052.398584441281855 ], [ 361969.587036116048694, 1440106.607163826003671 ], [ 362196.264431480376516, 1440197.791335365036502 ], [ 362534.834805593010969, 1440214.938265789300203 ], [ 362650.151399711729027, 1440159.310993125196546 ], [ 363109.397492671152577, 1440072.949192795902491 ], [ 363180.593130990397185, 1440082.506698679877445 ], [ 363248.068995993118733, 1440179.589092492125928 ], [ 363450.753282990830485, 1440284.596084058750421 ], [ 364013.297494350292254, 1440232.193808067124337 ], [ 364273.762471630470827, 1440295.17614917550236 ], [ 364809.86597187758889, 1440512.782513388432562 ], [ 365073.415659623569809, 1440586.619019265985116 ], [ 365792.335356531257275, 1441171.179386607604101 ], [ 366016.216354121803306, 1441392.531002503121272 ], [ 366192.099889985634945, 1441479.026452660094947 ], [ 366612.7463966361247, 1441805.559305418515578 ], [ 366626.419299990404397, 1441970.681351841194555 ], [ 366556.135756017523818, 1442082.97262366511859 ], [ 366645.940455677220598, 1442192.375353841809556 ], [ 366829.909031713847071, 1442696.119548481889069 ], [ 366978.290662278654054, 1443222.159037831705064 ], [ 367102.133174351067282, 1443926.646561674308032 ], [ 367047.45520359755028, 1444110.062673628563061 ], [ 367034.257645971258171, 1444369.987866023322567 ], [ 367151.089156062225811, 1444755.592243844177574 ], [ 366952.953134188370313, 1444726.729966132901609 ], [ 366933.388798210420646, 1444753.150449136504903 ], [ 367042.43714310717769, 1444951.027767074061558 ], [ 367242.967827767017297, 1445143.662490309681743 ], [ 367086.658414038480259, 1445374.680098918965086 ], [ 366082.376103772665374, 1446237.703866912983358 ], [ 365676.205944432877004, 1446526.9395525038708 ], [ 365547.485101602040231, 1446679.176179164787754 ], [ 365413.167298136278987, 1447095.905852066120133 ], [ 365416.399594746646471, 1447171.26175756030716 ], [ 365466.492387723294087, 1447387.607487447094172 ], [ 365495.178402979159728, 1447402.266799093456939 ], [ 365488.826742290402763, 1447515.44409222737886 ], [ 365591.883289803517982, 1447667.319286219077185 ], [ 365753.19355899898801, 1447721.260264397133142 ], [ 365765.850485839066096, 1447883.633505233097821 ], [ 365723.169126741180662, 1448004.355455772019923 ], [ 365611.854623281513341, 1447992.268978983862326 ], [ 365588.045246255293023, 1448089.725255758967251 ], [ 365521.574837825610302, 1448134.938122700434178 ], [ 365278.965556045644917, 1448053.800169994588941 ], [ 365202.361720605869778, 1448146.118542707059532 ], [ 364984.030352981528267, 1449066.622751423856243 ], [ 365349.833888003253378, 1449091.037298173410818 ], [ 365858.398816181928851, 1449030.082762006903067 ], [ 365800.869219281186815, 1449383.828782731667161 ], [ 365814.929984409187455, 1449452.15197283658199 ], [ 365752.550911285565235, 1449727.464185081422329 ], [ 365616.432326043606736, 1450047.85959395696409 ], [ 365611.442529203603044, 1450137.856918381294236 ], [ 365724.470552518148907, 1450602.519291126402095 ], [ 365729.374095261911862, 1450832.891590118175372 ], [ 365759.355689876130782, 1450873.693470732308924 ], [ 365786.752880754764192, 1451097.042064633918926 ], [ 365593.791162940149661, 1451097.602529374416918 ], [ 365536.048194369999692, 1451039.836468545952812 ], [ 365467.472932578122709, 1451083.1469945195131 ], [ 365466.159744952921756, 1451146.77827951265499 ], [ 365407.250464969780296, 1451193.514708478935063 ], [ 365301.987182894139551, 1451113.207713379058987 ], [ 365083.14468647504691, 1451159.449927051784471 ], [ 364950.674772063677665, 1450876.225046253530309 ], [ 364888.206801327818539, 1450854.344441940775141 ], [ 364802.500876618374605, 1450726.234870760003105 ], [ 364728.244788823416457, 1450690.608264633221552 ], [ 364507.38367526960792, 1450699.809214617358521 ], [ 364286.088524263352156, 1450459.779069205047563 ], [ 364261.952750586147886, 1450385.002181191928685 ], [ 364307.146502350631636, 1450252.793664679164067 ], [ 364150.696294229244813, 1450232.243513575056568 ], [ 364039.700297881034203, 1450276.188559219008312 ], [ 363910.887155729811639, 1450205.84788362053223 ], [ 363916.983040605555288, 1450027.618544283555821 ], [ 364008.811428712448105, 1449889.801830111769959 ], [ 363995.594105676515028, 1449765.194608010817319 ], [ 363843.700874298345298, 1449726.338804958155379 ], [ 363528.406576599169057, 1449739.379415287869051 ], [ 363412.138935447204858, 1449711.387645093956962 ], [ 363163.89166040479904, 1449479.463707969756797 ], [ 362998.521076222881675, 1449471.452561483951285 ], [ 362362.311400196282193, 1449631.704716350417584 ], [ 362284.856519726396073, 1448905.235286938026547 ], [ 362064.361997812986374, 1448423.976832578890026 ], [ 362071.260342259192839, 1448316.767708798637614 ], [ 362003.505727443669457, 1448049.853062874637544 ], [ 361496.306109962926712, 1447942.371825469424948 ], [ 361257.823565643164329, 1447743.796484561171383 ], [ 360540.86127024400048, 1447410.887915649916977 ], [ 360367.13576195546193, 1447230.020294602960348 ], [ 360284.075806977751199, 1447095.503911875654012 ], [ 360062.158325943397358, 1447048.307450147112831 ], [ 359877.333825646725018, 1446943.690851953346282 ], [ 359870.517919167992659, 1446787.481596077093855 ], [ 359960.898703672399279, 1446637.10327924718149 ], [ 360796.944108330877498, 1445535.040808744728565 ], [ 361187.911548088188283, 1445096.963421024382114 ], [ 360821.496925332350656, 1444097.135049928445369 ], [ 360573.143920256465208, 1443740.588138112798333 ], [ 360143.371079416596331, 1443218.743947105947882 ], [ 359854.94120931281941, 1442985.664089610101655 ], [ 359614.37795087962877, 1442801.942314513493329 ], [ 358530.49411596916616, 1442298.817970271920785 ], [ 357909.319138344144449, 1441748.187278493307531 ], [ 357306.771590110904071, 1440878.953412315109745 ], [ 356507.352221326436847, 1439019.356904867803678 ], [ 356004.155080719618127, 1438635.40829712501727 ], [ 355908.799625676008873, 1438597.489019192289561 ], [ 354810.76876164827263, 1438426.168984215008095 ], [ 352676.91214744746685, 1438239.714710002532229 ], [ 351610.619484874419868, 1438006.690478652017191 ], [ 351441.920032912224997, 1438003.582294867374003 ], [ 350641.991951018688269, 1438394.753056564833969 ], [ 350422.019129969296046, 1438731.605256045237184 ], [ 349059.502782005176414, 1440018.136802751338109 ], [ 348666.219196268240921, 1440489.529550077859312 ], [ 348397.010641762055457, 1440466.883029465796426 ], [ 346750.541949343634769, 1440577.350747483083978 ], [ 345915.716581649845466, 1440337.268757285550237 ], [ 343639.245057487511076, 1439553.867736033629626 ] ] ] ] } },
{ "type": "Feature", "properties": { "site_id": 555705172, "name_eng": "AMP Gorée", "desig_eng": "Marine Protected Area", "iucn_cat": "VI", "realm": "Marine", "gis_area": 525.61688456000002, "gov_type": "Joint governance", "mang_auth": "Direction des aires marines communautaires Protégées" }, "geometry": { "type": "MultiPolygon", "coordinates": [ [ [ [ 239763.457187031017384, 1626770.643655625171959 ], [ 239604.088264975609491, 1626595.263271684525535 ], [ 239292.933177880622679, 1626615.459554773755372 ], [ 239146.117658444185508, 1626450.574078436940908 ], [ 239187.98522642813623, 1626206.095381960971281 ], [ 239077.686244478740264, 1626149.725765058072284 ], [ 238854.973924629972316, 1626148.254173350287601 ], [ 238716.39308296731906, 1626044.245143688283861 ], [ 238591.686368833645247, 1625683.359854870708659 ], [ 238824.631633541575866, 1625321.863403893075883 ], [ 238962.925448470632546, 1625298.470792973879725 ], [ 239048.695172879466554, 1625344.111138156615198 ], [ 239264.086129663424799, 1625169.61666406178847 ], [ 239274.810861070087412, 1625069.35064773238264 ], [ 239393.005405191273894, 1624918.892558910185471 ], [ 239364.092435135127744, 1624594.926699633477256 ], [ 239273.885074540536152, 1624280.108225411036983 ], [ 239192.741817303263815, 1624243.095932313706726 ], [ 239102.312544040323701, 1624271.740480930311605 ], [ 239065.094027052517049, 1624333.301792595535517 ], [ 239159.676091467234073, 1624775.467597142094746 ], [ 239145.434157331299502, 1624906.479845441412181 ], [ 239056.393801710626576, 1624977.962457784917206 ], [ 238909.768988425232237, 1624722.310852936003357 ], [ 238864.345585983799538, 1624676.934923452557996 ], [ 238773.042024609312648, 1624671.151287762681022 ], [ 238736.527673327713273, 1624746.964117441093549 ], [ 238736.293475302576553, 1624879.675245647551492 ], [ 238835.950196386198513, 1625135.58675041119568 ], [ 238723.827201035630424, 1625313.17131881415844 ], [ 238532.881399532721844, 1625475.751716191647574 ], [ 238418.398505534336437, 1625448.632354301400483 ], [ 238265.414161341934232, 1625290.447551742661744 ], [ 237871.523663679370657, 1625318.57951851352118 ], [ 237677.259050571301486, 1625231.016672435449436 ], [ 237561.162991937773768, 1624969.761226361384615 ], [ 237676.174946209415793, 1624843.737265470670536 ], [ 237932.021619197417749, 1624738.680070897564292 ], [ 237952.053199763759039, 1624651.519094747724012 ], [ 237917.702789100963855, 1624501.843869397649541 ], [ 238019.156515705166385, 1624489.382208831841126 ], [ 238126.212394447706174, 1624428.716547498479486 ], [ 238096.725860812119208, 1624305.324807306053117 ], [ 238168.216735691996291, 1624325.411655384581536 ], [ 238203.175268108083401, 1624255.304609336424619 ], [ 237976.647891830361914, 1623927.242653890512884 ], [ 238057.397645048593404, 1623764.129188755294308 ], [ 238148.587377464951715, 1623693.837855766760185 ], [ 238292.987389144458575, 1623613.033899679780006 ], [ 238400.935751025885111, 1623602.89582464331761 ], [ 238411.585605982778361, 1623876.911165341967717 ], [ 238547.332281596784014, 1624068.06184534332715 ], [ 238603.416192452685209, 1624000.153068258892745 ], [ 238482.722376368910773, 1623605.161048310110345 ], [ 238600.518262386205606, 1623532.582250181818381 ], [ 238722.871628234104719, 1623513.069621620932594 ], [ 238887.047086953127291, 1623878.160330830840394 ], [ 238955.028407387289917, 1623771.955298480344936 ], [ 238871.221233743388439, 1623499.854445161996409 ], [ 238982.00552388993674, 1623459.688705053646117 ], [ 239173.243580077192746, 1623889.781876793131232 ], [ 239265.809295901097357, 1623852.192489019129425 ], [ 239299.638340646139113, 1623681.295744142029434 ], [ 239195.470881445711711, 1623314.962543295929208 ], [ 238816.363934757042443, 1623098.587142148055136 ], [ 238198.928445896628546, 1622844.160738273756579 ], [ 237973.337596942292294, 1622281.410670047160238 ], [ 237724.553281071654055, 1622019.875486715929583 ], [ 237755.873796053754631, 1621944.892276355996728 ], [ 237954.246602171828272, 1621782.861223055748269 ], [ 237914.923311335383914, 1621619.82212014705874 ], [ 238094.259516580350464, 1621475.178387159248814 ], [ 238195.314469231263502, 1621454.498804444912821 ], [ 238123.002010104944929, 1621240.260232703760266 ], [ 238239.644848383992212, 1620994.900400703074411 ], [ 237961.492082100186963, 1620653.916195845231414 ], [ 236261.998564150417224, 1597073.438475177390501 ], [ 252023.914889291772852, 1595992.342799608362839 ], [ 254236.403401772578945, 1627628.728400158230215 ], [ 253461.983538845321164, 1627923.876614188076928 ], [ 253211.693209760647733, 1628097.802257364150137 ], [ 251673.082925502327271, 1628640.586833960842341 ], [ 250565.251553122565383, 1629183.352326305350289 ], [ 249351.304299756651744, 1629702.05706587806344 ], [ 248765.257690241036471, 1629997.310349253006279 ], [ 247251.171353434154298, 1630482.118963607819751 ], [ 245999.247097246407066, 1630748.357996558537707 ], [ 245107.056418520252919, 1630886.665850315010175 ], [ 243495.776348307146691, 1631000.419228697195649 ], [ 242354.271094735333463, 1630887.175087588373572 ], [ 241727.941304225445492, 1630791.988206446636468 ], [ 240127.870721661951393, 1630323.273498412920162 ], [ 239208.196468260342954, 1629849.540596034843475 ], [ 238800.482957493601134, 1629497.469901353586465 ], [ 238306.760300211375579, 1628870.949712246190757 ], [ 238154.525323163135909, 1628476.112864987459034 ], [ 238145.91701960816863, 1628005.744442873634398 ], [ 238224.280719440052053, 1627720.87147180782631 ], [ 238398.661362662212923, 1627423.905545641900972 ], [ 238635.244896085758228, 1627390.704987065633759 ], [ 238788.77023526042467, 1627494.263869383372366 ], [ 238892.578544380812673, 1627452.464748975122347 ], [ 238967.710170323087368, 1627341.03327764570713 ], [ 239152.536373092851136, 1627169.829742503119633 ], [ 239270.77144234473235, 1627137.807541235582903 ], [ 239323.682723335485207, 1627252.822547544026747 ], [ 239485.724745288869599, 1627394.242316466523334 ], [ 239568.07189655280672, 1627351.558489296352491 ], [ 239634.199226001132047, 1627268.310986364725977 ], [ 239763.457187031017384, 1626770.643655625171959 ] ] ] ] } },
{ "type": "Feature", "properties": { "site_id": 555790812, "name_eng": "AMP Ufoyaal Kassa-Bandial", "desig_eng": "Marine Protected Area", "iucn_cat": "VI", "realm": "Coastal", "gis_area": 1231.5694369500002, "gov_type": "Joint governance", "mang_auth": "Direction des aires marines communautaires Protégées" }, "geometry": { "type": "MultiPolygon", "coordinates": [ [ [ [ 333477.965191712486558, 1380778.401763924397528 ], [ 334462.471023812307976, 1379905.974010830046609 ], [ 334584.054725991562009, 1379720.494128029793501 ], [ 335091.454275766620412, 1378205.34359518205747 ], [ 335514.372781968908384, 1377511.274034293368459 ], [ 336284.310723593633156, 1377004.581459914334118 ], [ 336179.278036792180501, 1376810.010028026299551 ], [ 335917.886156092630699, 1376740.708143699914217 ], [ 335890.156417665653862, 1376624.537410650867969 ], [ 335926.282022789993789, 1376557.561770198401064 ], [ 335890.427875695400871, 1376511.592560795601457 ], [ 335668.962168547441252, 1376507.077313811285421 ], [ 335498.391974055324681, 1376417.815131691284478 ], [ 335328.75650831812527, 1376399.279270328581333 ], [ 335240.018365836003795, 1376505.129244454903528 ], [ 335147.586942007765174, 1376479.959460591198877 ], [ 334843.501701495260932, 1376594.164679632522166 ], [ 334364.880829130648635, 1376606.507409079233184 ], [ 333953.796023061091546, 1376403.798271261155605 ], [ 333875.417298243381083, 1376268.583051952999085 ], [ 333907.464138009119779, 1375967.420667781261727 ], [ 334033.288489492260851, 1375834.063004318391904 ], [ 334084.122800141572952, 1375674.631631338968873 ], [ 334240.919086459791288, 1375686.519747959915549 ], [ 334300.014972512144595, 1375729.566426951205358 ], [ 334459.956341579847503, 1375707.930582700762898 ], [ 334568.481954705552198, 1375567.97118206252344 ], [ 334895.76034717465518, 1375399.217572310240939 ], [ 335329.623082787380554, 1374820.587441731942818 ], [ 335337.419341673492454, 1374752.013710777740926 ], [ 335281.000163581338711, 1374611.979779863264412 ], [ 335096.36877279728651, 1374468.893259768374264 ], [ 334686.068516972358339, 1374614.699016229948029 ], [ 334498.676160932925995, 1374574.929409147240222 ], [ 334315.364737864583731, 1374475.20319079561159 ], [ 333924.598686629440635, 1374496.913205390330404 ], [ 333796.367751513258554, 1374598.513997593196109 ], [ 333503.466437473311089, 1374467.652058479143307 ], [ 333206.417701041966211, 1373727.138104015728459 ], [ 333567.292703876388259, 1373464.802431332413107 ], [ 333681.620048326440156, 1373555.850290583679453 ], [ 334049.857650943682529, 1373493.868948484072462 ], [ 334345.644047557609156, 1373269.008574166800827 ], [ 334606.194059997622389, 1373150.382911724038422 ], [ 335403.609474661760032, 1373064.135217156959698 ], [ 335508.526115366490558, 1372808.603809783235192 ], [ 335450.305163781857118, 1372575.625459173927084 ], [ 335962.252492691564839, 1372219.744957080809399 ], [ 335920.260035854182206, 1372042.92444404354319 ], [ 336133.380539509351365, 1371988.565804906422272 ], [ 336176.300361466070171, 1371448.576089977985248 ], [ 336227.54276133334497, 1371245.819322018418461 ], [ 336435.74322658078745, 1371222.177392271347344 ], [ 336549.753627394151408, 1371249.731488122139126 ], [ 336907.760600021341816, 1371023.844267512671649 ], [ 336821.949763803742826, 1370803.906684501329437 ], [ 336883.378533551120199, 1370590.010508230421692 ], [ 337220.406342278933153, 1370417.708751129219308 ], [ 337362.386231079115532, 1370309.56781545910053 ], [ 337617.524202665255871, 1369858.351178652374074 ], [ 337931.905653087364044, 1369822.844480363884941 ], [ 338275.508819818205666, 1370012.398062044987455 ], [ 338517.304736389080063, 1369847.61291603022255 ], [ 338822.264565747464076, 1369824.933771994430572 ], [ 338906.349509124993347, 1370024.420799851650372 ], [ 339141.607889808132313, 1370302.095331228105351 ], [ 339241.809080876293592, 1370290.511428687022999 ], [ 339346.25026350247208, 1370027.358658412005752 ], [ 339691.575051230436657, 1369954.255580154247582 ], [ 339813.918744143389631, 1369893.857523312792182 ], [ 339828.702946049917955, 1369778.821781462058425 ], [ 340082.796752500813454, 1369730.729183388408273 ], [ 340218.117486919509247, 1369971.163997681578621 ], [ 340604.817340649024118, 1370078.09577184682712 ], [ 340726.352163809118792, 1369860.219975058687851 ], [ 340890.129274185863324, 1369788.39391481759958 ], [ 340940.025484839105047, 1369613.156911336351186 ], [ 340897.840395483188331, 1369294.577584561659023 ], [ 341068.247368466516491, 1369185.726236274465919 ], [ 341089.883436242351308, 1369050.024213614873588 ], [ 340815.228552521788515, 1368827.771220493363217 ], [ 340729.821580697840545, 1368642.921931555029005 ], [ 340622.633366992289666, 1368672.325552918016911 ], [ 340704.342886850354262, 1368555.541087149176747 ], [ 340688.420500303269364, 1368350.764883185038343 ], [ 340804.233222614624538, 1368301.50284462980926 ], [ 341091.37461666460149, 1367998.410940924426541 ], [ 341255.551382542646024, 1367794.498288032365963 ], [ 341332.380620281910524, 1367653.274401554604992 ], [ 341348.977254159457516, 1367540.066821663174778 ], [ 341419.450659088324755, 1367433.578559030080214 ], [ 341549.622857984853908, 1367320.504313500598073 ], [ 341707.711977891740389, 1367253.527757606934756 ], [ 341863.634340100339614, 1367297.943998787086457 ], [ 341997.569864115794189, 1367296.707244938006625 ], [ 342047.928645270760171, 1367360.525050059426576 ], [ 342044.498990151972976, 1367425.829678296810016 ], [ 342080.327623024582863, 1367445.313815448665991 ], [ 342183.835969666193705, 1367450.183198642451316 ], [ 342399.163318877108395, 1367370.134782555047423 ], [ 342461.529548992984928, 1367384.331900466699153 ], [ 342831.369672820204869, 1367669.6237588878721 ], [ 342923.858415281982161, 1368008.118924383772537 ], [ 342954.837466106982902, 1368406.270113319624215 ], [ 343050.632047485909425, 1368544.000923402840272 ], [ 343390.749591153755318, 1368626.488549687666818 ], [ 343484.02955625532195, 1368427.120148608461022 ], [ 343567.044128873560112, 1368344.629163739737123 ], [ 343556.32630017970223, 1368280.739672651514411 ], [ 343650.106176343979314, 1368254.704819623380899 ], [ 344074.716665507643484, 1368525.75558284111321 ], [ 344207.755027919018175, 1368753.928336207987741 ], [ 344213.706901245634072, 1368860.087659615790471 ], [ 344151.798423823551275, 1368966.876472486648709 ], [ 343782.413777154055424, 1369363.218095713527873 ], [ 343662.014155843411572, 1369453.044795131776482 ], [ 343471.146003831061535, 1369472.833585574757308 ], [ 343343.017748912214302, 1369431.888590638991445 ], [ 343095.894188171252608, 1369271.556970567442477 ], [ 343016.497630053490866, 1369246.123918879078701 ], [ 342860.708404842705932, 1369258.149775945348665 ], [ 342715.058423072914593, 1369313.228850742103532 ], [ 342521.675340803805739, 1369442.924070650013164 ], [ 342417.023799013579264, 1369638.807785784360021 ], [ 342433.465544234786648, 1369825.262626885436475 ], [ 342465.244034315808676, 1369870.409832319011912 ], [ 342428.504487577476539, 1370163.268022371688858 ], [ 342437.309785004006699, 1370505.291570905828848 ], [ 342391.814191509387456, 1371055.370747884269804 ], [ 342290.553260736807715, 1371471.354133517481387 ], [ 342301.659252699872013, 1371672.096661230316386 ], [ 342412.000877170416061, 1371832.676511690486223 ], [ 342604.880683088675141, 1372012.000308695016429 ], [ 342721.279438604367897, 1372195.33518294733949 ], [ 343021.87392184662167, 1372872.935958161950111 ], [ 343431.320492600149009, 1373526.686894185375422 ], [ 343687.550158916972578, 1374038.949858034728095 ], [ 343721.152716843236703, 1373941.813012149650604 ], [ 344004.038131639186759, 1373930.950730853248388 ], [ 344304.499802505481057, 1373759.758021180285141 ], [ 344738.670192482939456, 1373700.104511635843664 ], [ 345011.156764129409567, 1373732.658535856520757 ], [ 345287.551679804804735, 1373823.322750052670017 ], [ 345450.601216575480066, 1373795.273326978785917 ], [ 345599.565492596302647, 1373688.608034626813605 ], [ 345827.573188885929994, 1373308.855317583773285 ], [ 346028.546010542311706, 1373376.533328074496239 ], [ 346212.709487841115333, 1373397.135536201763898 ], [ 346507.613221718929708, 1373255.277255522320047 ], [ 346698.801066374813672, 1373241.145402491092682 ], [ 346749.60325388959609, 1373285.70876644924283 ], [ 346811.957087085582316, 1373540.91067529655993 ], [ 346908.152261637034826, 1373608.662326426478103 ], [ 346971.180042645777576, 1373775.767015617340803 ], [ 347039.765532288409304, 1373836.441823579370975 ], [ 346936.913747405807953, 1374086.533171357819811 ], [ 346787.860289401141927, 1374150.018665939336643 ], [ 346389.301998057053424, 1374582.425465240841731 ], [ 346171.334625561721623, 1374894.86678137909621 ], [ 345946.388752121361904, 1374818.854567609727383 ], [ 345775.620073281170335, 1374896.731095364550129 ], [ 345611.147249581117649, 1375243.437723600771278 ], [ 345639.102845499175601, 1375600.676854304270819 ], [ 345561.927286225603893, 1375873.248239606851712 ], [ 345665.38139479549136, 1376010.323669424979016 ], [ 345600.568925929081161, 1376034.983282091794536 ], [ 345455.211018697358668, 1376014.68807168235071 ], [ 345313.648404548410326, 1375925.636512482073158 ], [ 345169.128375279251486, 1375909.718562162248418 ], [ 345095.790579692984466, 1375694.620552499312907 ], [ 345108.285867359139957, 1375624.400918210158125 ], [ 345176.11646769894287, 1375598.850234298268333 ], [ 345020.311523123411462, 1375343.907816177932546 ], [ 344937.130749457748607, 1375272.320697566960007 ], [ 344894.501652986509725, 1375273.9541971902363 ], [ 344806.558270845911466, 1375388.61515764053911 ], [ 344734.312289335415699, 1375415.949196892324835 ], [ 344540.932007425813936, 1375401.889405416557565 ], [ 344482.185825974855106, 1375428.720106605906039 ], [ 344465.710266483249143, 1375555.010850785067305 ], [ 344425.920190045668278, 1375496.277568107238039 ], [ 344358.553924422420096, 1375470.733880622312427 ], [ 344136.735965043772012, 1375479.240828562295064 ], [ 343644.67262606008444, 1375750.398049280513078 ], [ 343473.516758171201218, 1375883.334558997070417 ], [ 343434.944813776528463, 1376166.114058505743742 ], [ 343475.535680627101101, 1376310.182633507298306 ], [ 343447.161743319011293, 1376967.931215262506157 ], [ 343473.096958264824934, 1377189.997704298468307 ], [ 343723.216645227512345, 1377253.054768051253632 ], [ 344107.57590935297776, 1377553.291669607628137 ], [ 344198.866590742953122, 1377738.369038333883509 ], [ 344312.51707979029743, 1377824.777666015550494 ], [ 344455.002572554629296, 1377856.054827017011121 ], [ 344739.969211148913018, 1378117.997128074290231 ], [ 344752.495316571614239, 1378187.308288491796702 ], [ 344643.790073025971651, 1378372.711397790815681 ], [ 344841.891984104178846, 1378546.772830309113488 ], [ 344643.415030006959569, 1378728.865116796921939 ], [ 344512.317337038461119, 1378645.580621989676729 ], [ 344378.703763563476969, 1378684.419821690302342 ], [ 344142.451793846907094, 1378646.404724373714998 ], [ 344123.909556381171569, 1378711.193571228766814 ], [ 344246.151996626169421, 1378764.82367161125876 ], [ 344260.977603342500515, 1379078.507643359480426 ], [ 344345.584728687885217, 1379139.918555684853345 ], [ 344504.548117248108611, 1379065.378979234723374 ], [ 344614.797708298603538, 1379072.46130575845018 ], [ 344653.365601875353605, 1378955.641582870390266 ], [ 344827.531099165498745, 1379045.442278520204127 ], [ 345014.623614781536162, 1378887.239040721440688 ], [ 345181.019173847045749, 1379001.916894354624674 ], [ 345461.068640801124275, 1379021.044257198227569 ], [ 345520.527050080243498, 1378992.529556583147496 ], [ 345523.632983568299096, 1378933.156334285624325 ], [ 345598.409397523151711, 1378959.790339445928112 ], [ 345601.322259239968844, 1379004.386185119394213 ], [ 345675.19985563994851, 1379005.306954489322379 ], [ 345719.561767238017637, 1378958.843101860024035 ], [ 345752.348555597011, 1379006.088733215583488 ], [ 345825.314623993937857, 1379029.66890622372739 ], [ 346309.306290940323379, 1379083.664577392861247 ], [ 346442.833521628053859, 1379136.844963570358232 ], [ 346445.888134846580215, 1379191.970604555914178 ], [ 346687.950275366194546, 1379173.603107499191537 ], [ 347224.450998814660124, 1379422.880237875739112 ], [ 347938.387828891107347, 1379624.583056017756462 ], [ 348127.435701126640197, 1379707.531779699958861 ], [ 348594.81819101178553, 1379715.635830577695742 ], [ 348664.28540075244382, 1379694.840351831167936 ], [ 348753.599762117490172, 1379487.488739820197225 ], [ 349902.350442191062029, 1379312.187810924369842 ], [ 350098.81624054745771, 1379551.706788482842967 ], [ 350412.04814281174913, 1379792.954269851092249 ], [ 350452.63029019034002, 1379955.40146777452901 ], [ 350819.524122169124894, 1380036.470684496220201 ], [ 350947.295931047992781, 1380154.497882669558749 ], [ 351016.993634195358027, 1380426.225069230655208 ], [ 350931.937794119236059, 1380704.704139982815832 ], [ 350939.998700578638818, 1380930.657559643499553 ], [ 350774.88129946787376, 1381357.277123191161081 ], [ 350988.22038388333749, 1381423.181573465466499 ], [ 351891.03395563561935, 1380807.049620547099039 ], [ 352118.257371186860837, 1380399.709443496773019 ], [ 352161.224488953070249, 1379961.570869331248105 ], [ 352248.843036035250407, 1379991.351958986837417 ], [ 352414.086810328939464, 1380194.431354848202318 ], [ 352578.012040764908306, 1380613.855373726226389 ], [ 353031.141524594626389, 1381398.782603977248073 ], [ 353327.353304190095514, 1382003.076098993653432 ], [ 353339.82659688568674, 1382618.230630974983796 ], [ 353781.763854118529707, 1383609.30495063518174 ], [ 353799.513495862775017, 1383912.990722107235342 ], [ 353702.894072447496001, 1384031.57302077440545 ], [ 353165.762749723508023, 1383901.456600785953924 ], [ 352710.67886621854268, 1383707.879307564813644 ], [ 351950.376492455718108, 1383460.650280812056735 ], [ 351663.186524329241365, 1383477.230248283362016 ], [ 351591.736874814727344, 1383278.848389504710212 ], [ 351222.186956644291058, 1382970.188580978661776 ], [ 351209.93054484698223, 1382760.793563048122451 ], [ 351102.710577976948116, 1382655.170385734876618 ], [ 350919.973023157916032, 1382662.190056683495641 ], [ 350511.831321102567017, 1382586.912554415874183 ], [ 350264.247757480596192, 1382407.401838058140129 ], [ 349959.369537970633246, 1382062.723742107627913 ], [ 349681.355840636533685, 1381885.223204903537408 ], [ 348774.93876249960158, 1381516.228366191731766 ], [ 348325.439135763037484, 1381257.763952508103102 ], [ 348043.698762676795013, 1381296.206611945061013 ], [ 347948.917309025069699, 1381260.602412635926157 ], [ 347715.57669406972127, 1381502.335862651700154 ], [ 347337.398291761463042, 1381557.15859695780091 ], [ 347060.172201958892401, 1381485.270495208445936 ], [ 346980.476577255758457, 1381384.370274680666625 ], [ 346723.917356874444522, 1381413.909416389418766 ], [ 346606.233004453708418, 1381592.406643650960177 ], [ 346321.177459627273493, 1381662.708667769329622 ], [ 346388.200576874078251, 1381089.40482179238461 ], [ 346128.09828794002533, 1381009.701498122885823 ], [ 345979.95182359626051, 1381064.806232777424157 ], [ 345769.37443308433285, 1381406.155759152257815 ], [ 345185.990918494178914, 1381601.185570846078917 ], [ 344833.000748099992052, 1381795.526625378057361 ], [ 344313.481881482293829, 1381867.546254797140136 ], [ 343546.807166580692865, 1381872.325003626057878 ], [ 343131.052119776140898, 1382049.13220108859241 ], [ 343069.96043365780497, 1382089.508933581411839 ], [ 342992.926439977250993, 1382209.94924597395584 ], [ 343076.079302361118607, 1382424.093211356084794 ], [ 343089.746672710054554, 1382544.558433609083295 ], [ 343182.620894356281497, 1382692.079952699597925 ], [ 342977.541782946209423, 1382702.634945412166417 ], [ 342717.284198055975139, 1382765.251207248074934 ], [ 342529.858177911257371, 1382905.135606463998556 ], [ 342425.261761825648136, 1382899.901343524921685 ], [ 342197.021607540315017, 1382969.681136245839298 ], [ 342002.040844847098924, 1383102.796860672300681 ], [ 342036.181776433310006, 1383150.716947009321302 ], [ 342022.768505416752305, 1383178.146491728490219 ], [ 341973.09547359822318, 1383147.866889770142734 ], [ 341799.972195892187301, 1383245.189755526836962 ], [ 341664.964646013453603, 1383162.737371081952006 ], [ 341441.864416192867793, 1383249.486271737143397 ], [ 341418.005151903897058, 1383341.574860712513328 ], [ 341463.756481513031758, 1383372.118533602915704 ], [ 341456.198400898720138, 1383428.442787423264235 ], [ 341526.473324134596623, 1383589.834258171496913 ], [ 341485.290021336521022, 1383703.611060568829998 ], [ 341518.339417974057142, 1383772.288572245743126 ], [ 341503.823662437556777, 1383808.551880955928937 ], [ 341580.514181708858814, 1383832.76352599170059 ], [ 341639.601913924794644, 1383903.067437399644405 ], [ 341709.702168191317469, 1384082.413441657321528 ], [ 341687.573334458982572, 1384220.243984169559553 ], [ 341599.081873566959985, 1384324.25954884220846 ], [ 341616.930748236947693, 1384389.879386566346511 ], [ 341340.459745930158533, 1384504.800572122214362 ], [ 341283.51387420098763, 1384446.399066753452644 ], [ 341287.779805362923071, 1384343.201721454039216 ], [ 341385.409729389939457, 1384185.938229534309357 ], [ 341379.969806730630808, 1384104.210274125915021 ], [ 341420.84737046220107, 1384059.28368580318056 ], [ 341407.270613959641196, 1383982.113892351277173 ], [ 341372.507485736743547, 1383971.155531005235389 ], [ 341370.984303973498754, 1383854.749236533185467 ], [ 341237.762828264094424, 1383855.341417747316882 ], [ 341062.588203624123707, 1383977.525809704093263 ], [ 341040.216641990293283, 1384037.593756397021934 ], [ 341096.25076909235213, 1384060.624183411477134 ], [ 340979.74103458574973, 1384242.937791800592095 ], [ 341025.270851145323832, 1384245.38480133167468 ], [ 341070.826263179944362, 1384299.590123251546174 ], [ 341042.353081866516732, 1384348.961887230165303 ], [ 340936.978529355837964, 1384308.42849009972997 ], [ 340895.05866002314724, 1384341.580804547294974 ], [ 340718.882813221891411, 1384264.83684328570962 ], [ 340532.814672667242121, 1384332.727443972835317 ], [ 340445.686136371339671, 1384303.786840988323092 ], [ 340302.287573019973934, 1384313.079484835965559 ], [ 340232.492791344004218, 1384360.182063245913014 ], [ 340239.56035238574259, 1384382.244388837832958 ], [ 339994.884527798159979, 1384489.701409765519202 ], [ 339778.150761732598767, 1384742.91137407370843 ], [ 339726.400199120340403, 1384747.425907914992422 ], [ 339711.300987209076993, 1384881.116004945710301 ], [ 339654.882742424029857, 1384948.842434457503259 ], [ 339604.538192688720301, 1384922.895916217006743 ], [ 339526.422253186930902, 1385096.562266780296341 ], [ 339444.565909524506424, 1385180.360656446078792 ], [ 339402.809863552101888, 1385277.231330736307427 ], [ 339356.070373845519498, 1385287.570373468566686 ], [ 339203.434702295111492, 1385666.533519700169563 ], [ 339196.10339408996515, 1385770.08122620685026 ], [ 339291.307219205540605, 1385820.908272495958954 ], [ 339153.454789405863266, 1385874.114589541452006 ], [ 339101.481298314873129, 1385945.080892583355308 ], [ 338822.156349751632661, 1386681.141664224676788 ], [ 338928.434633497497998, 1386697.61289850063622 ], [ 338981.147150355798658, 1386646.35429427283816 ], [ 339005.295900858240202, 1386671.738602456403896 ], [ 339064.144482594681904, 1386656.507694873958826 ], [ 339079.549010237678885, 1386597.449924595188349 ], [ 339039.056141312874388, 1386521.83647208660841 ], [ 339047.393402405432425, 1386464.101557788671926 ], [ 339141.584257867070846, 1386381.194570980966091 ], [ 339229.870107536087744, 1386359.515764249954373 ], [ 339175.00960184854921, 1386458.119920801138505 ], [ 339234.214012984593865, 1386461.681681307498366 ], [ 339319.424924765364267, 1386581.690694900928065 ], [ 339488.653399154543877, 1386647.778016401687637 ], [ 339430.656743834610097, 1386706.47667975933291 ], [ 339494.958734402025584, 1386789.855430697090924 ], [ 339476.910116190905683, 1386834.856916715856642 ], [ 339344.821487818029709, 1386860.78503888566047 ], [ 339313.903728075267281, 1386913.09331711800769 ], [ 339295.221481095300987, 1387122.158294845372438 ], [ 339256.007118311128579, 1387159.955690769711509 ], [ 339251.257993883104064, 1387219.982364881085232 ], [ 339378.773140259319916, 1387330.351367123425007 ], [ 339399.024395381449722, 1387434.120595836779103 ], [ 339528.888896435149945, 1387380.218148146290332 ], [ 339732.624277731520124, 1387463.447112603578717 ], [ 339726.98378925898578, 1387585.735158159397542 ], [ 339780.773709606961347, 1387633.951890606665984 ], [ 339755.378484653308988, 1387682.700079220812768 ], [ 339881.871047838940285, 1387723.618749908637255 ], [ 339966.672297126846388, 1387674.140504435868934 ], [ 339990.340201863902621, 1387613.753991356818005 ], [ 339973.170643405872397, 1387460.133429038338363 ], [ 340209.939902582205832, 1387410.924844713648781 ], [ 340349.967588003957644, 1387435.254725238308311 ], [ 340056.993899730616249, 1388122.738971343263984 ], [ 340112.61098373826826, 1388185.127334809629247 ], [ 340262.66909219592344, 1388149.776636809809133 ], [ 340396.696436702157371, 1387965.799840086139739 ], [ 340454.084175395197235, 1387936.497880265349522 ], [ 340504.945782505907118, 1387997.807241400005296 ], [ 340638.15351900155656, 1387914.156746985856444 ], [ 340647.244445654796436, 1387956.28516613598913 ], [ 340813.389196581556462, 1388107.030702615622431 ], [ 340882.50312392169144, 1388011.392679086653516 ], [ 340971.46917870134348, 1388024.958138783695176 ], [ 341096.563343958987389, 1387949.684565872885287 ], [ 341109.858651583315805, 1387903.604466428048909 ], [ 341079.191398415830918, 1387842.724139647791162 ], [ 340983.692231861641631, 1387797.546524362638593 ], [ 340967.874083236441948, 1387835.465976793784648 ], [ 340908.462257341947407, 1387821.326991009991616 ], [ 340761.64209791389294, 1387630.252339363330975 ], [ 340952.74041956779547, 1387299.878578912001103 ], [ 341058.291405479889363, 1387244.813148251269013 ], [ 341063.915694162598811, 1387169.483801442198455 ], [ 341122.716240448993631, 1387090.795456855325028 ], [ 341229.389989692834206, 1387102.847943686880171 ], [ 341147.796242741635069, 1387286.562066793907434 ], [ 341239.361206271627452, 1387311.839767672820017 ], [ 341247.947783157229424, 1387267.013772134203464 ], [ 341435.640665420680307, 1387427.366917274193838 ], [ 341489.177570201223716, 1387438.254191437037662 ], [ 341535.823808926972561, 1387431.292662109946832 ], [ 341684.238282151171006, 1387193.958883449668065 ], [ 341727.6496569334995, 1387165.920664456672966 ], [ 341793.810788755945396, 1387187.955525602214038 ], [ 341892.876097531756386, 1387140.827365095261484 ], [ 341872.473274835094344, 1387025.653529788600281 ], [ 341799.54268200264778, 1386948.689564045751467 ], [ 341842.009518134233076, 1386895.126084684627131 ], [ 341775.144249026663601, 1386826.358676545787603 ], [ 341607.517644105362706, 1386783.225206413771957 ], [ 341518.66632492543431, 1386875.507539116544649 ], [ 341296.205560827627778, 1386923.076617064885795 ], [ 341262.865445332601666, 1386838.803966592298821 ], [ 341274.955448132241145, 1386769.168991128681228 ], [ 341185.904495456255972, 1386554.575443457812071 ], [ 341242.068079594173469, 1386323.171131852548569 ], [ 341401.685664063785225, 1386395.207498124334961 ], [ 341538.408921785070561, 1386409.008910826873034 ], [ 341517.527071358112153, 1386362.786269591655582 ], [ 341405.614065330126323, 1386335.252675840398297 ], [ 341376.440298198489472, 1386277.284041341859847 ], [ 341400.083894137991592, 1386172.419686340494081 ], [ 341380.406983202206902, 1386112.263576247729361 ], [ 341411.132558748067822, 1386051.895080899586901 ], [ 341276.488171793520451, 1385850.473577961558476 ], [ 341368.260949993506074, 1385702.290247862692922 ], [ 341420.81190692220116, 1385697.420091472333297 ], [ 341430.859283021301962, 1385647.320779885631055 ], [ 341387.959795204573311, 1385618.96307432744652 ], [ 341403.298843738739379, 1385574.597716538934037 ], [ 341370.885631555458531, 1385542.133420566562563 ], [ 341470.561124280444346, 1385498.231127319857478 ], [ 341351.487690281821415, 1385337.906311583239585 ], [ 341394.125471280422062, 1385173.335904924198985 ], [ 341224.25421387469396, 1384771.45815203548409 ], [ 341278.595999889657833, 1384596.789837194839492 ], [ 341346.206349034560844, 1384510.222302644047886 ], [ 341584.05919350089971, 1384408.456534364027902 ], [ 341680.30611133214552, 1384524.461978266714141 ], [ 341715.547477469430305, 1384620.339579890482128 ], [ 341695.223369506769814, 1384967.040671000722796 ], [ 341765.353574182838202, 1385067.449269458651543 ], [ 341828.395367162418552, 1385045.221482819644734 ], [ 341882.915609278017655, 1385123.382528038695455 ], [ 341879.411276322614867, 1385296.065746022854 ], [ 341929.184749013511464, 1385465.512968400027603 ], [ 342036.607404585694894, 1385476.436683089239523 ], [ 342123.870988795650192, 1385566.486213253811002 ], [ 342121.456505027483217, 1385686.608630966162309 ], [ 342297.561245252145454, 1385764.654417953221127 ], [ 342353.302478006691672, 1385665.997555561829358 ], [ 342580.727723016520031, 1385616.098908436018974 ], [ 342659.559412884293124, 1385580.003247669897974 ], [ 342680.11919716821285, 1385524.172290968708694 ], [ 342803.648295516031794, 1385545.264768917113543 ], [ 342844.620849828410428, 1385515.759777340805158 ], [ 342909.833563405438326, 1385564.594342517433688 ], [ 342942.556348443962634, 1385651.980174891185015 ], [ 343106.285768733127043, 1385719.114108707755804 ], [ 343068.891414170269854, 1385804.726569230202585 ], [ 343179.855043950839899, 1385944.913825794588774 ], [ 343093.755412461003289, 1386054.840929560363293 ], [ 343120.550341155263595, 1386091.806573202367872 ], [ 343292.747255495167337, 1386016.607502412516624 ], [ 343354.66707330866484, 1386024.001399917993695 ], [ 343342.485108648310415, 1386113.61287202918902 ], [ 343383.464473126921803, 1386133.18958424590528 ], [ 343434.307211755542085, 1386100.24659440596588 ], [ 343452.165580377622973, 1386164.528507843846455 ], [ 343518.489809529506601, 1386220.360205049393699 ], [ 343541.488394495565444, 1386350.398330755066127 ], [ 343655.730012143147178, 1386307.30912057030946 ], [ 343653.08621064061299, 1386149.295442244736478 ], [ 343581.835011414019391, 1385991.080666318302974 ], [ 343626.808480508392677, 1385959.895719120744616 ], [ 343676.923835399909876, 1385994.776738650398329 ], [ 343868.221514488453977, 1385900.517452201107517 ], [ 343902.699711503111757, 1385791.880574489012361 ], [ 343945.962224337272346, 1385753.714506658026949 ], [ 343881.61465141637018, 1385641.743831406580284 ], [ 343910.992666894278955, 1385576.364014455117285 ], [ 343955.990610973793082, 1385539.504910113289952 ], [ 344053.436552266939543, 1385560.744529199553654 ], [ 344183.855471079237759, 1385512.105482391547412 ], [ 344331.270200079889037, 1385383.055793889565393 ], [ 344410.000523922848515, 1385472.140080672455952 ], [ 344341.48525101452833, 1385643.348759766668081 ], [ 344230.013639204436913, 1385782.911099453223869 ], [ 344285.911298471270129, 1385906.122700482839718 ], [ 344395.732924462237861, 1386025.369249674724415 ], [ 344576.701388064480852, 1386072.251924711279571 ], [ 344623.907860330014955, 1386122.116690425435081 ], [ 344797.743554113258142, 1386110.279581058304757 ], [ 344851.559165915707126, 1386194.709872023900971 ], [ 344923.962648677988909, 1386167.548938180087134 ], [ 344906.502614690165501, 1386015.534089318243787 ], [ 344850.283038987487089, 1385892.533517095260322 ], [ 344852.42903243296314, 1385786.993397789308801 ], [ 344917.312207876006141, 1385769.684964868240058 ], [ 345011.37867255974561, 1385797.361712041776627 ], [ 345038.779103955428582, 1385864.391256488859653 ], [ 345179.884966324083507, 1385850.81983846030198 ], [ 345254.794661575637292, 1385961.662826819112524 ], [ 345260.194111639517359, 1386033.866411780705675 ], [ 345358.591247677220963, 1386091.011204035952687 ], [ 345379.707984104054049, 1386141.670395204098895 ], [ 345424.865425202180631, 1386132.26788783702068 ], [ 345489.821524124883581, 1386001.534017784753814 ], [ 345572.324843468319159, 1385922.474449414992705 ], [ 345690.676544661051594, 1385917.457039122236893 ], [ 345755.644308877119329, 1386004.793273058719933 ], [ 345753.811157631163951, 1386290.304347959114239 ], [ 345791.342191778356209, 1386348.065526660298929 ], [ 345896.784695561102126, 1386359.765978272538632 ], [ 346011.59507038956508, 1386197.527500111376867 ], [ 345992.970763041637838, 1386060.341501068323851 ], [ 345945.316873624571599, 1385983.354006832465529 ], [ 345985.647458427352831, 1385959.399119536392391 ], [ 346053.205294252838939, 1386007.121345591032878 ], [ 346160.726091134652961, 1385938.083950110711157 ], [ 346518.938282456540037, 1385814.553393471753225 ], [ 346654.167395152326208, 1385709.961615430191159 ], [ 346697.40293161792215, 1385660.030726436292753 ], [ 346720.630373668158427, 1385355.601893133250996 ], [ 347261.630862479098141, 1385302.961981416214257 ], [ 347673.717069235339295, 1385157.446794367395341 ], [ 348333.525532203610055, 1385102.748276291647926 ], [ 348836.055139276199043, 1385323.782727191224694 ], [ 349502.93150644301204, 1385670.616510360734537 ], [ 349725.436818023677915, 1385699.050545061472803 ], [ 349884.849789871717803, 1385578.685664862161502 ], [ 350424.6204422377632, 1385649.7235717845615 ], [ 350716.499149099341594, 1385811.469901445554569 ], [ 350785.149340861826204, 1385740.817305881297216 ], [ 350855.223014309071004, 1385741.138683262979612 ], [ 351107.881254210253246, 1385974.626787452958524 ], [ 351240.039734359947033, 1386042.278383735334501 ], [ 351305.424057216732763, 1386135.994459774810821 ], [ 351379.676111888722517, 1386175.319986967369914 ], [ 351456.776318321353756, 1386120.476263257674873 ], [ 351713.616295824991539, 1386254.350395558867604 ], [ 352034.717980612826068, 1386659.274795888690278 ], [ 351754.654886757954955, 1387364.591715053422377 ], [ 351619.179909360478632, 1387425.212669408181682 ], [ 351386.720080197323114, 1387378.742895872332156 ], [ 351319.095150868932251, 1387432.785891227424145 ], [ 350992.781144138774835, 1387315.559802270494401 ], [ 350884.148859108914621, 1387315.859504465246573 ], [ 350756.585298566089477, 1387395.137372166849673 ], [ 350454.796427595661953, 1387394.974425705615431 ], [ 350146.489370041468646, 1387328.745410674484447 ], [ 350075.225645200232975, 1387258.125709892017767 ], [ 349965.104026600951329, 1387343.510476134717464 ], [ 349737.784919584402815, 1387426.578909766161814 ], [ 349732.597376465564594, 1387610.160447486909106 ], [ 349305.496418467024341, 1388045.871491165366024 ], [ 349046.417463923571631, 1388461.97681090910919 ], [ 348934.631431251647882, 1388594.973010042915121 ], [ 348663.188436283846386, 1388719.588202935643494 ], [ 348382.290451445733197, 1389077.334408711409196 ], [ 348027.958058480056934, 1389136.701131427427754 ], [ 347860.150011325313244, 1389223.994933190988377 ], [ 347488.729287999565713, 1389346.886747858952731 ], [ 346857.129279274027795, 1389340.714636377058923 ], [ 346741.116188470041379, 1389250.154871865408495 ], [ 346586.381036296486855, 1389263.992662249831483 ], [ 346429.894680734840222, 1389172.224120571045205 ], [ 346433.045861871913075, 1389129.708370299777016 ], [ 346301.651530610281043, 1389117.438561251387 ], [ 346016.995785546372645, 1389275.934037849539891 ], [ 345851.146897093276493, 1389280.112467362778261 ], [ 345736.074627047637478, 1389340.576378097990528 ], [ 345443.312727297656238, 1389375.485400431090966 ], [ 345236.159408300532959, 1389483.627267385367304 ], [ 345140.270444715511985, 1389610.846980722621083 ], [ 345055.813303876901045, 1389661.834257965674624 ], [ 344966.265557946055196, 1389655.660357479006052 ], [ 344875.66012228524778, 1389696.902988888788968 ], [ 344802.83495093754027, 1389670.661446165060624 ], [ 344776.880741622007918, 1389715.580140636302531 ], [ 344741.750553656660486, 1389697.496857409598306 ], [ 344598.56471481762128, 1389742.709463387960568 ], [ 344387.250099831842817, 1389861.931465322850272 ], [ 344286.735275294748135, 1390002.774712163722143 ], [ 344210.891852674540132, 1390036.815543951233849 ], [ 344127.29885340196779, 1390132.214145382400602 ], [ 343962.026068763225339, 1390217.339894451200962 ], [ 343880.250438878894784, 1390336.877303611021489 ], [ 343851.36353124328889, 1390282.14658237574622 ], [ 343779.673160863865633, 1390274.640137136681005 ], [ 343724.072866556001827, 1390429.720354637363926 ], [ 343499.78368158795638, 1390632.60376960854046 ], [ 343434.465524345869198, 1390645.704685752280056 ], [ 343043.93656091648154, 1391058.472059156745672 ], [ 343061.913403858081438, 1391160.296823976328596 ], [ 343039.678889365692157, 1391173.482968413038179 ], [ 342998.295223206805531, 1391108.8107045146171 ], [ 342839.376659707399085, 1391114.960915530566126 ], [ 342741.922447032120544, 1391256.922577131073922 ], [ 342771.848367463215254, 1391310.640002944972366 ], [ 342686.125105121987872, 1391364.916675531771034 ], [ 342590.391304029035382, 1391523.008806550409645 ], [ 342545.515494678285904, 1391528.63220971939154 ], [ 342575.288976540206932, 1391574.374707201495767 ], [ 342467.891281899414025, 1391672.145135509315878 ], [ 342362.652141358295921, 1391714.008637029444799 ], [ 342292.04133997351164, 1391803.12557890242897 ], [ 342212.160724732268136, 1391826.962667076149955 ], [ 342200.017553895013407, 1391924.075415441999212 ], [ 341935.227722606854513, 1392055.118694777833298 ], [ 341902.513419242226519, 1392194.601952218217775 ], [ 341784.852392993285321, 1392345.241773567162454 ], [ 341644.27592189994175, 1392387.768838089657947 ], [ 341385.987615029152948, 1392406.95727571984753 ], [ 341271.226324003655463, 1392369.188305775169283 ], [ 341077.98156698292587, 1392430.252283554291353 ], [ 340958.518677004321944, 1392398.959805445512757 ], [ 340762.117823103559203, 1392427.82022458827123 ], [ 340668.378550300258212, 1392397.646484273951501 ], [ 340630.577143140253611, 1392438.255684623727575 ], [ 340406.491564602009021, 1392490.326298449188471 ], [ 338885.960058404132724, 1392601.679273255402222 ], [ 338377.197031089744996, 1392730.231700222939253 ], [ 338315.692338843015023, 1392705.834325216477737 ], [ 337454.546100080478936, 1392924.622673783684149 ], [ 337154.869634979695547, 1392963.732376922853291 ], [ 337076.931169357150793, 1393005.096014676382765 ], [ 337034.718285232316703, 1392981.940752661321312 ], [ 336982.329868856817484, 1393014.840046650962904 ], [ 336756.2716413725866, 1393039.816555400611833 ], [ 334743.71565505961189, 1395556.641393498284742 ], [ 333167.359709131880663, 1396763.393927003955469 ], [ 332384.342876806855202, 1397266.554098930675536 ], [ 330656.514998867060058, 1398102.09156061662361 ], [ 329750.510191134409979, 1398441.52452251734212 ], [ 328766.571594870474655, 1398588.605460522463545 ], [ 328363.811181919125374, 1398590.526597233256325 ], [ 327823.886527634924278, 1398534.807421859586611 ], [ 327307.66029269003775, 1398366.082372158765793 ], [ 326687.787928906269372, 1398008.561093674274161 ], [ 325663.661124634381849, 1397312.176867450354621 ], [ 324801.415562336216681, 1396600.013240548316389 ], [ 323848.711615892476402, 1395701.978165971813723 ], [ 322411.034181138442364, 1394437.675707244779915 ], [ 321782.912511578644626, 1393951.544905927730724 ], [ 320301.477235548198223, 1392937.212575757410377 ], [ 319061.935144896386191, 1392277.383560044225305 ], [ 313669.451753061264753, 1389630.447917478624731 ], [ 311711.536086462321691, 1389018.267017134930938 ], [ 309997.147383428993635, 1388598.400546243647113 ], [ 307646.920932565408293, 1388154.316410022089258 ], [ 280809.904441228369251, 1388419.859948822762817 ], [ 280702.831962491618469, 1365071.702996751992032 ], [ 313153.824669812398497, 1365092.274028834654018 ], [ 312666.31667613593163, 1365669.734932276885957 ], [ 312591.349804045516066, 1365694.345920494757593 ], [ 312382.995281088398769, 1365938.998919770121574 ], [ 312144.136434278916568, 1366284.890493657672778 ], [ 312000.867949118837714, 1366382.031690447824076 ], [ 311913.260797082679346, 1366501.947046748129651 ], [ 311831.425513270485681, 1367841.838810336776078 ], [ 311762.083288466790691, 1368161.38299472280778 ], [ 311300.526732094818726, 1369124.673363760346547 ], [ 311094.90088783192914, 1369303.087911210255697 ], [ 310813.565375497797504, 1369443.430965259671211 ], [ 310536.587791202473454, 1369429.582192660775036 ], [ 310322.343197846028488, 1369368.097117699449882 ], [ 310022.622655643848702, 1370048.888516817707568 ], [ 309834.67158827080857, 1370305.261118555674329 ], [ 309631.119416830828413, 1370468.971904320409521 ], [ 309411.084364547510631, 1370517.003935552667826 ], [ 309309.514031218364835, 1370507.48192142508924 ], [ 309270.916014671558514, 1370421.076496020657942 ], [ 309156.47462669928791, 1370511.607915139757097 ], [ 308676.79351539403433, 1371050.377680176636204 ], [ 308510.480433067423292, 1371137.183206345653161 ], [ 308400.621459151210729, 1371158.431325731799006 ], [ 308265.390199126035441, 1371103.808890923624858 ], [ 308204.07815504539758, 1371447.566886132583022 ], [ 308122.740607795654796, 1371617.695960564306006 ], [ 307878.372423398192041, 1371829.021394166862592 ], [ 307567.330229073530063, 1371890.473060039337724 ], [ 307444.815454978437629, 1371962.347164471866563 ], [ 307342.678778344474267, 1372498.541326005477458 ], [ 307219.540390217094682, 1372799.777707644272596 ], [ 307121.10139546636492, 1372879.105347691103816 ], [ 307039.588517211610451, 1373354.16084192879498 ], [ 306949.756044346955605, 1373574.126438160659745 ], [ 306774.144162333395798, 1373863.070648546330631 ], [ 306657.909828034578823, 1374259.809754576534033 ], [ 306525.638320231228136, 1374461.076284765498713 ], [ 306366.253988915123045, 1375231.378710926044732 ], [ 306400.258818136586342, 1375475.478030575904995 ], [ 306236.246415392961353, 1376247.672702636104077 ], [ 306077.708224145637359, 1376648.086530978791416 ], [ 305940.233064403058961, 1376874.983220339985564 ], [ 305716.270310036255978, 1377394.784744890639558 ], [ 305604.11877941142302, 1377987.231808894313872 ], [ 305618.468051636475138, 1379731.986853293376043 ], [ 305435.219716167426668, 1380780.849025305360556 ], [ 305543.51549384923419, 1381008.636585772968829 ], [ 306071.568966095917858, 1381752.586638173786923 ], [ 306327.566764584858902, 1382541.577036681817845 ], [ 306449.891109825577587, 1382725.139166065026075 ], [ 306742.167206428246573, 1383883.885917749023065 ], [ 306853.598285294370726, 1384506.336614931700751 ], [ 307212.913451976841316, 1385216.724998484598473 ], [ 307532.008641374763101, 1385695.681598641443998 ], [ 307883.097856009029783, 1386063.41454727970995 ], [ 308556.459483749931678, 1386579.438518510898575 ], [ 308691.903665730089415, 1386769.114138673292473 ], [ 309034.569787712942343, 1387056.27199261309579 ], [ 309111.705076246405952, 1386968.013733573025092 ], [ 309396.197452147258446, 1386784.912078553577885 ], [ 309464.19146084995009, 1386616.173907520947978 ], [ 309466.005302619072609, 1386393.543134541250765 ], [ 308967.263603637344204, 1385756.70686509157531 ], [ 308673.650606025825255, 1385034.635994537966326 ], [ 308435.336234392365441, 1384593.564130329759791 ], [ 308253.582881259266287, 1384351.148005861788988 ], [ 308177.041634803870693, 1384166.323381241643801 ], [ 308273.031101922038943, 1383965.51063891267404 ], [ 308035.99911785882432, 1383788.296312587801367 ], [ 308062.334314719017129, 1383491.662718601757661 ], [ 308179.175119959167205, 1383294.085087900282815 ], [ 308113.269477206747979, 1382725.905599698191509 ], [ 307933.801502556540072, 1382523.170331690926105 ], [ 307801.742825699504465, 1382239.78686866350472 ], [ 307653.736366754688788, 1381623.343722141580656 ], [ 307397.762566461402457, 1381424.341388582717627 ], [ 307749.086643995775376, 1381073.381488254992291 ], [ 308110.248459458351135, 1381295.140138340415433 ], [ 308734.272377077490091, 1381877.924912782618776 ], [ 309477.229579836071935, 1382917.116363593842834 ], [ 309893.09866575198248, 1383423.489889322081581 ], [ 310010.521677907148842, 1383493.065473181661218 ], [ 309977.076823270996101, 1383194.243010892299935 ], [ 310202.11742444045376, 1382948.011957554379478 ], [ 310431.075178376398981, 1382899.603624985087663 ], [ 310597.775056439742912, 1383134.37572472402826 ], [ 311151.047369259758852, 1383016.827286952873692 ], [ 311097.030712738400325, 1382697.17533269408159 ], [ 311003.140778185566887, 1382523.1465252796188 ], [ 311453.936547724530101, 1382270.91989582660608 ], [ 311691.288842460198794, 1382563.947329794988036 ], [ 311828.777695105585735, 1382857.961453651543707 ], [ 312387.685050537576899, 1382670.016913567436859 ], [ 312622.46563055284787, 1382949.105271320324391 ], [ 313218.9581661951961, 1382932.699921453604475 ], [ 313416.447382379556075, 1383232.458431396167725 ], [ 313728.943758203531615, 1383105.671834162669256 ], [ 314326.453021391294897, 1382968.240448631346226 ], [ 315155.634644178499002, 1382936.334257092094049 ], [ 315305.527934610785451, 1382664.844718533102423 ], [ 315040.652446241001599, 1382476.925503091653809 ], [ 314996.674200615147129, 1382614.214073030976579 ], [ 314756.150503772310913, 1382734.204500484280288 ], [ 314617.753997287945822, 1382709.297255583107471 ], [ 314647.163631765753962, 1382447.121456349734217 ], [ 314379.24289433658123, 1382337.521026893053204 ], [ 314071.009761008841451, 1382160.244468930177391 ], [ 313872.222638608305715, 1382256.042820582631975 ], [ 313333.919043775647879, 1381862.207420493243262 ], [ 313119.503919705399312, 1381811.403111672727391 ], [ 312257.13342895207461, 1381134.270504984306172 ], [ 311651.083261325955391, 1380548.2023241345305 ], [ 311260.409116385271773, 1380286.557261056732386 ], [ 310582.297440391499549, 1380028.088243885664269 ], [ 310257.097646238456946, 1379816.340315353358164 ], [ 309907.258534240245353, 1379703.609139680163935 ], [ 309596.117612769012339, 1379551.15196408634074 ], [ 308420.601661341381259, 1379483.433917871909216 ], [ 308483.857701873697806, 1379212.445868165465072 ], [ 308954.373918455094099, 1378904.79222251358442 ], [ 308805.630160630214959, 1378787.642855717800558 ], [ 309025.368707939865999, 1378576.612584721762687 ], [ 309164.244932431203779, 1378641.841449980856851 ], [ 309223.280972866923548, 1378540.087994289817289 ], [ 309224.223902152501978, 1378396.633717217016965 ], [ 309453.235028230934404, 1378316.1716984489467 ], [ 309473.103221964556724, 1378176.973727947566658 ], [ 309413.857485735090449, 1378107.355933729792014 ], [ 309301.233006158203352, 1378140.360966925974935 ], [ 308981.394012082717381, 1378114.021699184319004 ], [ 308636.293932052794844, 1378360.843557110289112 ], [ 308553.928939723758958, 1378318.618831298546866 ], [ 308520.636422719690017, 1378208.581586762331426 ], [ 308464.814682636060752, 1378201.462187499040738 ], [ 308322.378061761555728, 1378368.426273736171424 ], [ 308199.580237485701218, 1378365.657939553493634 ], [ 308243.2813163480605, 1377951.041160681284964 ], [ 308173.456702032708563, 1377931.037871838314459 ], [ 308084.231167386111338, 1377810.630123665323481 ], [ 308003.048543575510848, 1377776.54148801183328 ], [ 307874.550547558930703, 1377772.097255726810545 ], [ 307719.206259678583592, 1377821.180531319463626 ], [ 307915.82982819294557, 1377495.512436729157344 ], [ 308072.6978806683328, 1377362.968759398674592 ], [ 308136.041588245541789, 1377382.627856864593923 ], [ 308205.383402367879171, 1377319.946246693609282 ], [ 308068.430884685367346, 1377187.232037068111822 ], [ 307966.0338713247329, 1376935.677147002890706 ], [ 307903.396358277881518, 1376904.662462840322405 ], [ 307835.180105309584178, 1376803.255009674467146 ], [ 307682.388436581764836, 1376717.257866287371144 ], [ 307555.632257005607244, 1376547.425915048690513 ], [ 307788.330981686012819, 1376179.299799301894382 ], [ 308424.902625172631815, 1376445.063977797981352 ], [ 309220.874922684626654, 1376508.03528332314454 ], [ 309459.391849960433319, 1376493.218142706900835 ], [ 310194.605286478996277, 1376333.67939805961214 ], [ 310159.244468500895891, 1376195.974118056939915 ], [ 310014.88405448658159, 1376129.657890292350203 ], [ 309959.855903659830801, 1376050.253068998688832 ], [ 309958.882259368663654, 1375983.215628342470154 ], [ 310034.625107660423964, 1375980.173051442718133 ], [ 310156.259402961703017, 1375912.075490396702662 ], [ 310177.001780537539162, 1375943.027190008899197 ], [ 310490.007002921891399, 1375917.286338816862553 ], [ 310634.402983059757389, 1375964.21071847085841 ], [ 310917.623876279918477, 1375873.230354259721935 ], [ 311127.40661117201671, 1375861.580804163124412 ], [ 311165.896221667760983, 1375898.092547770822421 ], [ 311171.619951718021184, 1376023.590121854562312 ], [ 311194.772889874991961, 1376009.311036402592435 ], [ 311282.52615196123952, 1375827.543613707879558 ], [ 311190.01764579245355, 1375532.714229694101959 ], [ 311224.97705605707597, 1375479.813694006064907 ], [ 311339.365961339441128, 1375423.783837089082226 ], [ 311244.474039952619933, 1375326.836300591938198 ], [ 311028.40268724411726, 1375483.188965195789933 ], [ 310970.34161782450974, 1375475.071961337467656 ], [ 310922.452529733476695, 1375379.709863150957972 ], [ 310969.303986008395441, 1375214.925705717410892 ], [ 310934.454318000527564, 1375103.348042874364182 ], [ 310985.067920667410363, 1375006.656016224063933 ], [ 311110.629112467344385, 1374936.214458581060171 ], [ 311151.119556454010308, 1374871.008650967851281 ], [ 311145.737849536817521, 1374787.836961364140734 ], [ 311055.005173992889468, 1374725.424204743700102 ], [ 311098.854851570446044, 1374641.76501097693108 ], [ 311050.186733324429952, 1374553.731593289412558 ], [ 310990.139132147887722, 1374539.741605390561745 ], [ 310915.688354933168739, 1374621.222385263768956 ], [ 310785.814796899619978, 1374682.532454147003591 ], [ 310740.482222750841174, 1374720.55483693163842 ], [ 310756.818666529026814, 1374757.819735393626615 ], [ 310643.273334373894613, 1374805.16144536389038 ], [ 310563.51657851098571, 1374994.324023965746164 ], [ 310489.692594879772514, 1375013.460435888497159 ], [ 310468.260399995488115, 1374958.572014497593045 ], [ 310403.035320155788213, 1374935.965743578970432 ], [ 310421.294841198599897, 1374878.394291054690257 ], [ 310365.301110403088387, 1374781.171926734736189 ], [ 310204.146900345338508, 1374763.023039303487167 ], [ 309925.662238670047373, 1374624.856342754559591 ], [ 309731.203404881525785, 1374436.785650071222335 ], [ 309769.068170164478943, 1374395.901012517279014 ], [ 309751.662894731154665, 1374328.606533123413101 ], [ 309792.885291317710653, 1374282.378412746824324 ], [ 310039.828696746611968, 1374162.024568842491135 ], [ 310336.704598358599469, 1374137.70723406621255 ], [ 310461.236560089513659, 1374085.657163112191483 ], [ 310536.303528134478256, 1374111.507304836297408 ], [ 310666.104080831748433, 1374041.999012834392488 ], [ 310700.646510601742193, 1373920.154358983272687 ], [ 310648.707986218272708, 1373804.59512252942659 ], [ 310548.400032134843059, 1373745.15568888024427 ], [ 310498.031231773202308, 1373537.296347045805305 ], [ 310533.516720262938179, 1373396.682011239929125 ], [ 310512.001853019581176, 1373345.876355982618406 ], [ 310571.722618971427437, 1373289.538552250945941 ], [ 310664.393603729724418, 1373449.670878541190177 ], [ 310752.962545071961358, 1373533.028909346321598 ], [ 310834.14647718006745, 1373551.30590371391736 ], [ 310931.302447645924985, 1373519.406441857106984 ], [ 310989.407715949055273, 1373427.102369428845122 ], [ 310956.205693115713075, 1373246.60069091222249 ], [ 311064.35767154576024, 1373198.234313610708341 ], [ 311108.023685228545219, 1373025.937950368504971 ], [ 311147.04565141943749, 1373015.184445149730891 ], [ 311314.662465872592293, 1373134.415798689471558 ], [ 311443.801322524202988, 1373082.5952861122787 ], [ 311655.347990255570039, 1372538.080817081965506 ], [ 311673.544218081864528, 1372411.509925144026056 ], [ 312072.766964006703347, 1372280.429923276416957 ], [ 312526.76684661663603, 1372014.949091204442084 ], [ 312437.921548880287446, 1371891.948232067283243 ], [ 312273.715421581408009, 1371797.436383323511109 ], [ 312154.992918072559405, 1371895.439830731600523 ], [ 312191.675122477579862, 1372051.967517227865756 ], [ 312152.558395902859047, 1372110.413404507795349 ], [ 311994.034840195206925, 1371839.142801232868806 ], [ 311952.169504677818622, 1371713.592586658895016 ], [ 311995.014544141013175, 1371668.265364105114713 ], [ 311987.183475646888837, 1371582.521057446254417 ], [ 311908.850155752559658, 1371452.793139368062839 ], [ 311891.971963091986254, 1371350.402079507242888 ], [ 311487.373486397089437, 1371317.306332738371566 ], [ 311286.083738614455797, 1371101.698764574714005 ], [ 311335.823552060872316, 1371019.59579571755603 ], [ 311307.165090774651617, 1370897.024634200613946 ], [ 311379.077710939571261, 1370781.244967598933727 ], [ 311368.949154502595775, 1370668.554451594594866 ], [ 311206.422908666834701, 1370365.870587660465389 ], [ 311253.080695148964878, 1370257.800197868840769 ], [ 311227.749066303600557, 1370200.391920312540606 ], [ 311127.482762179221027, 1370148.870035092579201 ], [ 311170.169629264273681, 1370085.675704424735159 ], [ 311351.245154007337987, 1370004.444823210826144 ], [ 311376.001545767765492, 1369943.226049315882847 ], [ 311428.352780567656737, 1369921.190968544222414 ], [ 311564.797254598757718, 1369730.913948404369876 ], [ 311655.213678112544585, 1369660.474223176250234 ], [ 311706.320579739403911, 1369473.274304756894708 ], [ 311858.026743273600005, 1369400.413499692454934 ], [ 312084.61549375730101, 1369424.148337595630437 ], [ 312144.929585818899795, 1369375.334617878776044 ], [ 312130.950080249109305, 1369330.895782386651263 ], [ 312170.210496332962066, 1369277.151419492904097 ], [ 312256.752635600743815, 1369251.301472810097039 ], [ 312477.564346781698987, 1369075.862662348663434 ], [ 312518.845856397412717, 1368984.623926542932168 ], [ 312660.612467980186921, 1369056.250358860241249 ], [ 312646.594969461206347, 1369106.976763920858502 ], [ 312681.266647236712743, 1369193.123091247864068 ], [ 312652.149386101576965, 1369376.284210281446576 ], [ 312721.646891353535466, 1369491.633851291611791 ], [ 312758.936059433501214, 1369639.72796217049472 ], [ 312602.172535427089315, 1369948.427618529880419 ], [ 312678.824398172087967, 1370075.479912267997861 ], [ 312726.820982586359605, 1370039.181793445488438 ], [ 312850.803913691546768, 1370224.176509684883058 ], [ 313056.669189939275384, 1370359.57896186504513 ], [ 313131.437394950597081, 1370383.723925811704248 ], [ 313410.190111325820908, 1370239.448452950222418 ], [ 313541.074879653169774, 1370358.708317892393097 ], [ 313580.613841820857488, 1370329.601729664951563 ], [ 313739.719827944703866, 1370413.622110270429403 ], [ 313844.705666183144785, 1370422.108669883338735 ], [ 313968.155479643493891, 1370398.150900894077495 ], [ 314064.344307575025596, 1370345.670722697395831 ], [ 314061.225744057679549, 1370286.658132789423689 ], [ 314097.480263723642565, 1370293.085844287881628 ], [ 314253.433444691472687, 1370540.607983642723411 ], [ 314354.580170096887741, 1370537.28340157889761 ], [ 314414.298424209118821, 1370648.560834943316877 ], [ 314513.881505350000225, 1370638.863377014640719 ], [ 314563.658711532829329, 1370440.3395774171222 ], [ 314737.938452334201429, 1370365.44696870772168 ], [ 315046.097279239678755, 1370437.028290778398514 ], [ 315149.594223260122817, 1370578.993253406602889 ], [ 315576.372797405347228, 1370524.403044389327988 ], [ 315770.450983774266206, 1370642.163635453907773 ], [ 315940.634309573564678, 1370588.246721115196124 ], [ 315991.579569034161977, 1370613.567562465090305 ], [ 316117.141446284658741, 1370557.445609002839774 ], [ 316075.125820432323962, 1370384.8087534152437 ], [ 316196.422341313795187, 1370286.907409243984148 ], [ 316266.834325070027262, 1370164.614125771215186 ], [ 316101.874513088841923, 1370059.941158726345748 ], [ 315986.283824994112365, 1370274.056336459936574 ], [ 315914.14038619119674, 1370308.322317360667512 ], [ 315739.195260946988128, 1370263.377354393247515 ], [ 315864.369214914855547, 1370027.627347235335037 ], [ 315851.076426812331192, 1369908.762535885209218 ], [ 315643.314061067067087, 1369587.285382490837947 ], [ 315561.609635824337602, 1369645.475619570352137 ], [ 315481.296260199742392, 1369806.13382403110154 ], [ 315388.144881788350176, 1369846.054990907665342 ], [ 315245.921588651952334, 1369827.201225631171837 ], [ 315202.354232729761861, 1369688.471790727693588 ], [ 315106.391677029139828, 1369631.931196272140369 ], [ 315133.514852550521027, 1369536.395321580814198 ], [ 315253.44744913285831, 1369514.490621136734262 ], [ 315342.212815869890619, 1369460.20407977886498 ], [ 315385.689384178083856, 1369345.248610261594877 ], [ 315484.523479393217713, 1369278.596567715983838 ], [ 315515.128010907908902, 1369162.450951752252877 ], [ 315606.816974936053157, 1369088.786657913587987 ], [ 315672.082589693018235, 1368743.074714038521051 ], [ 315655.829226117522921, 1368543.347258447203785 ], [ 315462.26183260983089, 1368364.26021642703563 ], [ 315384.669758827018086, 1368245.16207193187438 ], [ 315384.721871272544377, 1368118.092250616988167 ], [ 315474.701363890431821, 1368084.697057888843119 ], [ 315535.845028259558603, 1367913.441279367078096 ], [ 315437.886518698651344, 1367812.172895088326186 ], [ 315157.411562190507539, 1367935.249338404275477 ], [ 315023.616864749754313, 1368059.740466977236792 ], [ 314766.871665602200665, 1368084.817847354104742 ], [ 314769.843656656565145, 1367964.090295621659607 ], [ 314727.516705766902305, 1367897.738491280702874 ], [ 314774.13559572538361, 1367801.292752466863021 ], [ 314913.286438772687688, 1367733.940060541266575 ], [ 314971.921542569180019, 1367833.653916303766891 ], [ 315037.448683898779564, 1367847.452947515528649 ], [ 315042.735691198613495, 1367806.641080179950222 ], [ 315118.110389864188619, 1367807.544574345462024 ], [ 315119.677456271718256, 1367775.197461136383936 ], [ 315251.826056902413256, 1367708.012732170755044 ], [ 315480.317040551453829, 1367478.631325495662168 ], [ 315551.373901234706864, 1367462.260960502084345 ], [ 315670.038426980841905, 1367491.13524545612745 ], [ 315838.282766064570751, 1367407.937956816051155 ], [ 316079.056506119028199, 1367492.860235135536641 ], [ 316140.163970987894572, 1367640.208404614124447 ], [ 316133.279745914158411, 1367750.306115798186511 ], [ 316093.890319447848015, 1367786.797440520720556 ], [ 316153.289370075217448, 1367865.278475927188993 ], [ 316206.493136088945903, 1367904.846133631421253 ], [ 316266.917457530507818, 1367901.278083319077268 ], [ 316304.385205631726421, 1367861.867461261805147 ], [ 316292.097681888611987, 1367817.42783441231586 ], [ 316383.168736048624851, 1367760.298841786803678 ], [ 316383.224102755193599, 1367910.278682181611657 ], [ 316664.130105047137477, 1368244.69702142640017 ], [ 316733.23937431757804, 1368425.073536572977901 ], [ 316903.487128256820142, 1368474.01585695380345 ], [ 316972.788910325209145, 1368455.61314397980459 ], [ 317002.556396276457235, 1368390.220918450737372 ], [ 316910.217712276091333, 1368057.731495067477226 ], [ 317086.912786906235851, 1367957.473468750482425 ], [ 317055.866454253031407, 1367850.867595572490245 ], [ 317235.722961548657622, 1367659.8198439150583 ], [ 317321.439099987444934, 1367518.627741203876212 ], [ 317385.47201031842269, 1367471.318980112439021 ], [ 317513.136644500307739, 1367472.132814360782504 ], [ 317594.175468686851673, 1367396.419058091938496 ], [ 317794.09752789902268, 1367440.424055207055062 ], [ 317850.099640441243537, 1367303.701467798324302 ], [ 317910.357493959367275, 1367275.124969092896208 ], [ 318043.684663697960787, 1367316.982130998047069 ], [ 318080.068714665423613, 1367270.766314349137247 ], [ 318179.852265604480635, 1367286.139265739591792 ], [ 318253.037352633022238, 1367218.574745607562363 ], [ 318329.969618561211973, 1367259.867398610571399 ], [ 318407.605844037025236, 1366950.53074513701722 ], [ 318648.409022071806248, 1366950.566482367925346 ], [ 318630.507832255912945, 1367055.32118772668764 ], [ 318862.273052216041833, 1367534.024830996058881 ], [ 319154.032805827795528, 1367792.66022000904195 ], [ 319619.942975507699884, 1368056.024687642930076 ], [ 320062.007694153930061, 1368377.733176978304982 ], [ 320494.971399252186529, 1368460.150227129692212 ], [ 320526.313000322668813, 1368447.699153672438115 ], [ 320742.690926516195759, 1367988.212599638849497 ], [ 320562.178223611728754, 1367915.471534309443086 ], [ 320590.773499374743551, 1367792.720176926115528 ], [ 320522.814940907235723, 1367534.061827887548134 ], [ 320755.207914100494236, 1367580.607462885323912 ], [ 320680.660176125355065, 1367739.9828703221865 ], [ 320678.191116973175667, 1367847.494449229212478 ], [ 320857.176653754198924, 1368004.200503684813157 ], [ 320914.366797045455314, 1367922.437734193634242 ], [ 321109.910869664337952, 1367854.249268422834575 ], [ 321136.335600074147806, 1367753.073301208904013 ], [ 321263.175198515760712, 1367783.036504393909127 ], [ 321334.33228782506194, 1367690.867457891348749 ], [ 321290.671953721786849, 1367454.48297866131179 ], [ 321359.480944424518384, 1367573.006095974007621 ], [ 321368.267505785159301, 1367723.349165299907327 ], [ 321316.758936604834162, 1367797.276702563976869 ], [ 321454.127503054158296, 1367868.306990586454049 ], [ 321516.35079450334888, 1367764.632811584509909 ], [ 321676.351494989183266, 1367736.514379933243617 ], [ 321673.569974223326426, 1367650.043577986769378 ], [ 321633.705647252383642, 1367585.272827459964901 ], [ 321729.781495979637839, 1367420.580282063223422 ], [ 321765.768435308360495, 1367404.573314949171618 ], [ 321828.541937714093365, 1367461.360453363275155 ], [ 321762.725097227608785, 1367456.331986769102514 ], [ 321673.761380108015146, 1367574.849521439289674 ], [ 321724.877201367053203, 1367686.777808667626232 ], [ 321700.266886893776245, 1367809.281693226192147 ], [ 321534.908135681063868, 1367816.646184290992096 ], [ 321527.559240021975711, 1367886.209091714350507 ], [ 321482.190870143589564, 1367934.632368611171842 ], [ 321423.008962656720541, 1367943.779597743647173 ], [ 321324.618233104236424, 1367849.776119311805815 ], [ 321171.180062746279873, 1367802.508302357979119 ], [ 321148.673825576726813, 1367814.074492007261142 ], [ 321168.561748889973387, 1367891.346705329371616 ], [ 321118.028736756998114, 1367927.500691780587658 ], [ 320998.966513176332228, 1367925.976734630996361 ], [ 320866.06207261356758, 1368055.421374159166589 ], [ 320894.765276735299267, 1368190.076715025352314 ], [ 320871.72792593005579, 1368219.512715376913548 ], [ 320816.934260697220452, 1368054.794886159710586 ], [ 320750.685694326006342, 1368064.274734058883041 ], [ 320675.324565474758856, 1368299.545610678149387 ], [ 320549.90457636595238, 1368471.117064404999837 ], [ 320575.386726423050277, 1368497.786819059401751 ], [ 318964.58452336746268, 1369299.741266539786011 ], [ 318562.811275970889255, 1369387.321656627580523 ], [ 318151.73694564437028, 1369389.063123125815764 ], [ 318120.087702436198015, 1369515.333618681877851 ], [ 317925.053743920521811, 1369646.732623253716156 ], [ 317859.220106225169729, 1369874.299461586168036 ], [ 317886.158484963933006, 1369980.267639429075643 ], [ 317820.242563282256015, 1370135.594699223292992 ], [ 317858.070948226202745, 1370327.165402938378975 ], [ 317749.298246930236928, 1370475.382896414492279 ], [ 317573.793582755490206, 1370612.138924605213106 ], [ 317344.471785602392629, 1370543.23269258113578 ], [ 317301.672471245285124, 1370564.455294766463339 ], [ 317169.576093883952126, 1370702.10241842456162 ], [ 317135.679044172167778, 1370812.347820461727679 ], [ 317202.524867240223102, 1370926.272806737339124 ], [ 317522.322138241026551, 1371000.78133135731332 ], [ 317609.86051839281572, 1371125.175071066478267 ], [ 317696.157814186881296, 1371277.134445738047361 ], [ 317719.846795328892767, 1371400.712900972692296 ], [ 317879.640193359809928, 1371621.696659546811134 ], [ 317857.121128431113902, 1371743.065230426145718 ], [ 317877.173604506242555, 1371793.352814129786566 ], [ 317816.754218217625748, 1371920.933572387322783 ], [ 317864.988968956924509, 1372010.505338851595297 ], [ 318101.482420768472366, 1372125.689243709901348 ], [ 318327.154905102448538, 1372169.863755975849926 ], [ 318425.920746895833872, 1372152.163713336922228 ], [ 318615.963724573492073, 1372016.504701319150627 ], [ 318779.234193183598109, 1371979.606584678869694 ], [ 318978.139182453800458, 1372191.688187771243975 ], [ 318973.184663995285518, 1372427.302155497018248 ], [ 318902.281078068655916, 1372504.576643094886094 ], [ 318962.849083124077879, 1372569.125893880845979 ], [ 319124.667751647823025, 1372444.731461220420897 ], [ 319096.230590369203128, 1372325.950424327980727 ], [ 319194.127164021832868, 1372162.030051553389058 ], [ 319498.765235930040944, 1372084.428253944730386 ], [ 319574.040464559569955, 1372081.901848148088902 ], [ 319784.157920015451964, 1372165.999253995716572 ], [ 319922.677104339236394, 1372288.01251002214849 ], [ 320440.891036452201661, 1372388.233508625533432 ], [ 320477.529810092353728, 1372443.464073633076623 ], [ 320379.241915675578639, 1372702.986114163417369 ], [ 320409.488200371153653, 1372809.29979080427438 ], [ 320415.373790421755984, 1373127.184984309365973 ], [ 320234.753272130852565, 1373363.444912410806865 ], [ 320552.567215708317235, 1373974.903563184896484 ], [ 320481.705114149081055, 1374640.536327497567981 ], [ 318745.373641440179199, 1374425.704090311191976 ], [ 318709.393676094070543, 1374887.01865039835684 ], [ 318640.844968232442625, 1375196.401222923304886 ], [ 318639.992678144131787, 1375739.914511072915047 ], [ 318817.483753973676357, 1375995.968741052551195 ], [ 319006.159137321170419, 1376366.498478974914178 ], [ 319158.552537467796355, 1376862.487596473889425 ], [ 319237.455732592847198, 1376882.249677245272323 ], [ 319263.198772589617874, 1376928.806974435923621 ], [ 319419.650990872702096, 1376918.800890054320917 ], [ 319333.213638934190385, 1377111.016494430601597 ], [ 319337.834749095782172, 1377182.331903658341616 ], [ 319499.224516891059466, 1377303.234981206478551 ], [ 319373.274008637410589, 1377393.76460973941721 ], [ 319405.666590002714656, 1377455.403265521861613 ], [ 319591.100400477473158, 1377459.321540451375768 ], [ 319581.237982134625781, 1377262.497822015546262 ], [ 319735.042380152270198, 1377048.123970540938899 ], [ 319810.22322067496134, 1377034.301870569819584 ], [ 320054.790279526205268, 1377189.669503732817248 ], [ 320091.507589304703288, 1377139.503143165726215 ], [ 320099.976901514572091, 1376999.915136963594705 ], [ 320164.717142296023667, 1376800.458785509923473 ], [ 320012.515605970169418, 1376656.948760078987107 ], [ 319845.3012536149472, 1376653.411274061305448 ], [ 319534.895235513220541, 1376710.021646119421348 ], [ 319382.625344355474226, 1376670.970262218499556 ], [ 319314.848157554166391, 1376563.232729668030515 ], [ 319430.081853537878487, 1376399.556474260753021 ], [ 319345.385668127564713, 1376354.197329631308094 ], [ 319244.066909117682371, 1376154.416526571149006 ], [ 319224.612649885937572, 1376053.058727939613163 ], [ 319289.236834695911966, 1376009.343462503748015 ], [ 319277.588848094223067, 1375854.038656168384477 ], [ 319167.202905278885737, 1375845.779310753569007 ], [ 319145.711831233464181, 1375775.166863699443638 ], [ 318983.982508143526502, 1375724.803440190851688 ], [ 318903.904877228138503, 1375622.243452097056434 ], [ 318901.330329830117989, 1375332.76664609182626 ], [ 318956.366856159642339, 1375158.934243672061712 ], [ 319095.905375498055946, 1375024.665078046731651 ], [ 319325.588486998691224, 1374527.746964156860486 ], [ 320609.137369860080071, 1374674.150950752431527 ], [ 320834.706832046271302, 1374740.976886289194226 ], [ 321306.687496202997863, 1374964.765667333034799 ], [ 321626.631679908721708, 1375571.538678015815094 ], [ 321764.876274078851566, 1376149.907605515560135 ], [ 321957.128058882371988, 1376724.569566870108247 ], [ 322312.73116635135375, 1377316.523813970852643 ], [ 323686.265169278136455, 1378433.127748414408416 ], [ 323719.182392394926865, 1378703.297413716325536 ], [ 324016.525679174810648, 1379553.602291301824152 ], [ 324736.372189840418287, 1380502.523877534782514 ], [ 325186.901747377298307, 1381705.916900474578142 ], [ 325264.162663380673621, 1382397.93233069893904 ], [ 325805.801164776552469, 1382877.051641811151057 ], [ 325951.461393870529719, 1384181.231088122818619 ], [ 324769.769263201043941, 1384527.143352392595261 ], [ 322606.015809522126801, 1384577.280084589729086 ], [ 321594.142080994439311, 1384257.839056887896731 ], [ 321234.012243694392964, 1384189.796498885611072 ], [ 320636.830253279709723, 1383905.76436907122843 ], [ 320552.152094746183138, 1383654.303860761225224 ], [ 320490.786517668282613, 1383674.025041802320629 ], [ 320471.864722296246327, 1383622.158972713630646 ], [ 320335.304407314688433, 1383567.233682474121451 ], [ 320308.619000971491914, 1383487.172765825875103 ], [ 320263.808198553975672, 1383479.200130937388167 ], [ 320234.350142535869963, 1383421.625246214447543 ], [ 320101.972689819755033, 1383364.893597208661959 ], [ 320040.540885873197112, 1383235.245344378054142 ], [ 320069.668982618837617, 1383130.640642260899767 ], [ 320030.457429491798393, 1382997.987988023553044 ], [ 319855.903365743055474, 1382989.921300194691867 ], [ 319803.006507573765703, 1383048.166976687964052 ], [ 319821.903930806496646, 1383135.788152230903506 ], [ 319795.451741034747101, 1383140.014058088418096 ], [ 319737.515154933324084, 1383048.013402313692495 ], [ 319804.411755499080755, 1382897.791616103379056 ], [ 319641.816181420232169, 1382794.831246079877019 ], [ 319619.821325680590235, 1382859.853026411961764 ], [ 319534.154454242903739, 1382928.86991806467995 ], [ 319447.119446763303131, 1382869.986584451515228 ], [ 319463.444837833172642, 1382672.466827393975109 ], [ 319357.853929340606555, 1382620.50384090654552 ], [ 319233.44121071160771, 1382626.463151694508269 ], [ 319193.338090270408429, 1382727.841274282196537 ], [ 319163.545482460525818, 1382921.684771772706881 ], [ 319198.592419510358013, 1382998.130246663931757 ], [ 319262.470525683718733, 1383028.638288421090692 ], [ 319252.140485820826143, 1383057.433594600297511 ], [ 319183.764365817653015, 1383037.618515552720055 ], [ 319163.158271524240263, 1382987.998258330393583 ], [ 319058.873287167225499, 1383117.537400329485536 ], [ 319028.957310791942291, 1383098.177572450367734 ], [ 318902.808616655878723, 1383333.771504865260795 ], [ 318653.946935350890271, 1383652.493021142901853 ], [ 318707.178038266138174, 1383806.219516894081607 ], [ 318908.924296200973913, 1383955.712637796765193 ], [ 319080.938305470393971, 1383899.491160105215386 ], [ 319114.407681788143236, 1383813.531741849146783 ], [ 319229.751333413296379, 1383800.85778094525449 ], [ 319425.37983926787274, 1383885.431321388110518 ], [ 319475.360743794473819, 1383878.999406694201753 ], [ 319631.865205720241647, 1383987.251288617495447 ], [ 319667.170765229850076, 1383990.979069083696231 ], [ 319733.548702274216339, 1383900.654375100973994 ], [ 319759.671443995204754, 1383941.046982046682388 ], [ 319744.308983159251511, 1383990.649777800776064 ], [ 319684.842613430111669, 1384042.631373407784849 ], [ 319779.446712579694577, 1384059.450613268418238 ], [ 319938.552895868662745, 1384210.301757186185569 ], [ 320027.507534098054748, 1384199.90929370559752 ], [ 320166.176432026550174, 1384236.057003985857591 ], [ 320277.978156346944161, 1384378.488391959806904 ], [ 320304.663172991015017, 1384458.549233112251386 ], [ 320400.205068484297954, 1384570.007125202333555 ], [ 320398.575078119290993, 1384636.095745622646064 ], [ 320345.569239644566551, 1384652.203010275727138 ], [ 320385.586582418123726, 1384743.829640361946076 ], [ 320494.247782774153166, 1384853.789568246109411 ], [ 320514.730005957651883, 1384997.113471994874999 ], [ 320372.272808234090917, 1385006.246470532845706 ], [ 320299.214420248870738, 1384926.874170261668041 ], [ 320143.554008827370126, 1384920.890543109271675 ], [ 320118.284281756845303, 1384947.03557195328176 ], [ 320044.018228076747619, 1384881.488906795624644 ], [ 319864.914012788212858, 1384820.28399899112992 ], [ 319794.682613026234321, 1384867.786307825706899 ], [ 319763.693945466191508, 1384954.193953565554693 ], [ 319692.383726219413802, 1385021.937389257363975 ], [ 319656.162468186870683, 1385180.176293205237016 ], [ 319680.63941389444517, 1385251.1015941479709 ], [ 319741.85936937405495, 1385260.717841827310622 ], [ 319827.631881160428748, 1385355.10984807414934 ], [ 319995.33098993182648, 1385379.833897424396127 ], [ 320120.657406182668637, 1385504.246536829741672 ], [ 320174.621059168479405, 1385632.558418375905603 ], [ 320254.66465430369135, 1385616.159472135594115 ], [ 320445.273875321261585, 1385696.609809921588749 ], [ 320602.742049787775613, 1385656.948936988599598 ], [ 320731.217645965167321, 1385778.091579303378239 ], [ 320796.47530998790171, 1385729.704292238224298 ], [ 320883.123338030534796, 1385733.621472515398636 ], [ 320978.167540458380245, 1385783.718091238522902 ], [ 321089.334239569958299, 1385651.576038265135139 ], [ 321239.307092880015261, 1385657.820931768510491 ], [ 321362.509369050036184, 1385751.209114393685013 ], [ 321507.319603765150532, 1385967.171911527169868 ], [ 321611.627337036421522, 1386042.635057470528409 ], [ 321690.159217272419482, 1386253.468298231484368 ], [ 321871.71382741315756, 1386471.681917056906968 ], [ 321939.027863966184668, 1386504.186649055685848 ], [ 322011.217132126679644, 1386619.997220494551584 ], [ 322433.713364690018352, 1387588.56661965791136 ], [ 322534.906629347999115, 1387908.162464966299012 ], [ 322538.743897341890261, 1388029.331333871698007 ], [ 322694.9875020905165, 1388462.521745409118012 ], [ 322699.816035825409926, 1388640.281559119233862 ], [ 322796.422054408816621, 1388937.703133571194485 ], [ 322906.026157080777921, 1389137.194258882896975 ], [ 323003.759836914716288, 1389106.222290498204529 ], [ 323200.847570594109129, 1389482.287808481603861 ], [ 323420.056665707146749, 1389717.676467940909788 ], [ 323509.138288029411342, 1389864.548648996278644 ], [ 323572.720559546840377, 1390100.489505094941705 ], [ 323784.564306921500247, 1390482.030907698208466 ], [ 323881.788746537640691, 1390755.333682060241699 ], [ 324033.395247231586836, 1390969.857308799400926 ], [ 324108.602220136148389, 1390939.779400666244328 ], [ 324406.886409494327381, 1391082.589744606055319 ], [ 324437.544310891185887, 1391017.728824296733364 ], [ 324345.251808049040847, 1390874.016270449617878 ], [ 324305.797521129134111, 1390729.436971287010238 ], [ 324338.812522059073672, 1390715.649039697367698 ], [ 324531.567373451078311, 1390919.61153727537021 ], [ 324703.616029881814029, 1390933.578744710423052 ], [ 324896.194438748585526, 1390868.267728372942656 ], [ 324681.49728735757526, 1390562.472918966319412 ], [ 324520.783945238217711, 1390499.527816334506497 ], [ 324328.843696786090732, 1390274.684757474577054 ], [ 324388.94465356040746, 1390270.609529419802129 ], [ 324547.833705923054367, 1390482.23673566384241 ], [ 324699.432607542374171, 1390519.041462002787739 ], [ 324773.974260779912584, 1390584.009094063425437 ], [ 324939.963654492166825, 1390536.307546629337594 ], [ 324989.917525099241175, 1390452.854663188103586 ], [ 325420.833047071122564, 1390311.803982482291758 ], [ 325621.436829851358198, 1390177.06480072834529 ], [ 325710.608359887613915, 1390176.87510078609921 ], [ 325878.588341128197499, 1390116.467499247984961 ], [ 325926.460268062597606, 1390001.058444501832128 ], [ 326172.228828547871672, 1389749.74774364172481 ], [ 326132.837191412167158, 1389655.147490620147437 ], [ 326157.514992515556514, 1389628.159625649219379 ], [ 326212.26007450313773, 1389743.984238682780415 ], [ 326128.645418753614649, 1389871.91148772276938 ], [ 326014.252118194592185, 1389961.572705653496087 ], [ 325920.306687575241085, 1390118.381755277747288 ], [ 326028.269711222383194, 1390156.156176358228549 ], [ 326128.058443622139748, 1390295.424780503381044 ], [ 326213.991881065769121, 1390297.147999547887594 ], [ 326400.050651388242841, 1390382.936415253439918 ], [ 326454.35311975737568, 1390551.488243949366733 ], [ 326412.467189775779843, 1390634.579294346971437 ], [ 326407.826078327605501, 1390747.114084680797532 ], [ 326443.501437262573745, 1390822.366441692924127 ], [ 326521.822702359757386, 1390837.765721889911219 ], [ 326534.639545604586601, 1390904.871038956334814 ], [ 326668.664744560315739, 1390940.453698555473238 ], [ 326873.841808614030015, 1390893.377651782473549 ], [ 326995.248842155211605, 1391011.244193987222388 ], [ 327027.594024833058938, 1391103.918636431917548 ], [ 327122.303060000878759, 1391135.913627557922155 ], [ 327203.164752587967087, 1391214.057153140660375 ], [ 327399.642135408474132, 1391158.961684126872569 ], [ 327517.227605164225679, 1391281.5547114899382 ], [ 327719.735564757080283, 1391150.768372547114268 ], [ 327711.930706571380142, 1391040.367090280167758 ], [ 327824.96813774923794, 1390918.70593309123069 ], [ 327816.107073413324542, 1390719.490019132848829 ], [ 327878.143153588520363, 1390627.385905551258475 ], [ 328191.924146562581882, 1390849.8346522168722 ], [ 328425.113844723789953, 1390938.062028270913288 ], [ 328529.975625139777549, 1390907.552813922287896 ], [ 328639.615047900006175, 1390687.946408288087696 ], [ 328727.538487367331982, 1390722.94101729337126 ], [ 328752.843200165196322, 1390785.889774811919779 ], [ 328890.983944601030089, 1390774.420257987454534 ], [ 328944.531685459660366, 1390734.186310962075368 ], [ 328966.344716181687545, 1390645.910006874939427 ], [ 329182.495454065734521, 1390587.059408319415525 ], [ 329491.691301774058957, 1390580.213048751233146 ], [ 329643.534839059750084, 1390459.247046492062509 ], [ 329759.557426387094893, 1390532.474999570520595 ], [ 329839.33974956854945, 1390529.002029767958447 ], [ 329817.555385444895364, 1390618.903314941795543 ], [ 329845.821808052889537, 1390665.031281330855563 ], [ 329999.173432062612846, 1390693.356714649591595 ], [ 330022.227712785301264, 1390798.633380171144381 ], [ 330101.003992567537352, 1390816.16349698160775 ], [ 330259.042193794040941, 1390684.23442664812319 ], [ 330306.118783173791599, 1390606.141931364545599 ], [ 330259.739063539891504, 1390496.003456263802946 ], [ 330431.835859975777566, 1390379.68975436151959 ], [ 330578.184905556729063, 1390451.159009331604466 ], [ 330708.957105984562077, 1390409.940181303536519 ], [ 330857.136971103958786, 1390500.836509325308725 ], [ 330965.954157154541463, 1390504.728391710668802 ], [ 331225.409661170502659, 1390438.347752067493275 ], [ 331303.911508973746095, 1390466.49162554112263 ], [ 331391.864872639765963, 1390402.176138289039955 ], [ 331557.853054932900704, 1390401.031669663032517 ], [ 331701.717605333193205, 1390455.330076447455212 ], [ 331885.75265192578081, 1390474.236785023706034 ], [ 331965.920391277759336, 1390427.325791904935613 ], [ 331947.129949313937686, 1390380.686876552645117 ], [ 332072.496296042518225, 1390260.620974096935242 ], [ 332001.126991630299017, 1390227.554625998949632 ], [ 331873.983743370685261, 1390274.575711864512414 ], [ 331788.899602441699244, 1390204.376848854823038 ], [ 331930.356163004296832, 1390129.95839766249992 ], [ 333005.633330404467415, 1390382.858104974962771 ], [ 333115.401066892663948, 1389806.91300375922583 ], [ 333172.516408783383667, 1389290.945859638974071 ], [ 333316.988302932586521, 1389014.664918698603287 ], [ 333347.58217237656936, 1389030.239368424518034 ], [ 333609.391730781004298, 1388694.901970356702805 ], [ 333534.498591778450646, 1388648.488880489487201 ], [ 333863.663533568265848, 1388226.19017495168373 ], [ 334206.993030098674353, 1388005.688570328289643 ], [ 334760.856703342753462, 1387771.74164414498955 ], [ 334561.612018430023454, 1387688.100199733162299 ], [ 334429.574024868314154, 1387768.820562420180067 ], [ 334227.600055239046924, 1387754.601288707694039 ], [ 334007.09861513931537, 1387607.5120400628075 ], [ 333897.044072867254727, 1387470.491874115541577 ], [ 333675.399380077433307, 1387492.198650032980368 ], [ 333602.584659557789564, 1387530.929952366044745 ], [ 333399.116947659989819, 1387856.412882539676502 ], [ 333103.010550644132309, 1387915.052099630935118 ], [ 332936.605421260406729, 1388014.664444678928703 ], [ 332708.738271536713, 1388004.821777936536819 ], [ 332675.504549521254376, 1388108.680461574578658 ], [ 332476.648123065126128, 1387997.64949025772512 ], [ 332342.173322633607313, 1388190.101604114985093 ], [ 332274.267152705229819, 1388192.446254915790632 ], [ 332246.125415779126342, 1388261.805743774166331 ], [ 332147.642113357782364, 1388298.014574508881196 ], [ 331847.169655023491941, 1388272.874133347999305 ], [ 331707.671153302420862, 1388280.8621138734743 ], [ 331675.477396935457364, 1388309.558956760680303 ], [ 331507.921911809593439, 1388288.331359359668568 ], [ 331433.856570420321077, 1388219.107819081516936 ], [ 331311.259696408407763, 1388174.197682917350903 ], [ 331369.929809385095723, 1388112.942903404822573 ], [ 331587.82260303676594, 1388145.090932980645448 ], [ 331867.837512184283696, 1387898.736116980900988 ], [ 331960.659273189550731, 1387767.910625129938126 ], [ 331975.0991707398789, 1387684.062175616854802 ], [ 331959.401962503208779, 1387598.045310639543459 ], [ 331890.852680607524235, 1387528.091256282990798 ], [ 331932.685125927440822, 1387369.389420465333387 ], [ 331982.121445802971721, 1387260.047349439468235 ], [ 332075.457910695346072, 1387246.225448930868879 ], [ 332114.049569595023058, 1387192.601638173684478 ], [ 332135.919822898576967, 1387080.235537118045613 ], [ 331936.794676559278741, 1386967.571592164924368 ], [ 331673.791090837563388, 1386881.446271875640377 ], [ 331411.763648057589307, 1386876.603360597742721 ], [ 331235.199598135310225, 1386805.294816271634772 ], [ 331053.38135049783159, 1386637.410830428590998 ], [ 330960.247681271284819, 1386485.05618814821355 ], [ 331025.274589211854618, 1386434.15117229311727 ], [ 331345.55900741671212, 1386500.044202891178429 ], [ 331383.776441870024428, 1386440.082885341718793 ], [ 331476.570386449922808, 1386492.514735851669684 ], [ 331611.506936077203136, 1386464.951105834450573 ], [ 331865.058222424820997, 1386560.136474973289296 ], [ 331917.73851379804546, 1386495.931755344150588 ], [ 332031.474434219766408, 1386520.719510313821957 ], [ 332135.071769641595893, 1386504.902100823586807 ], [ 332263.670685070683248, 1386636.764009135076776 ], [ 332404.949159905896522, 1386485.745256879134104 ], [ 332515.725426832330413, 1386303.510848418809474 ], [ 332609.506409385474399, 1386035.743328662589192 ], [ 332591.139094514015596, 1385964.919341825181618 ], [ 332780.14331361168297, 1385823.016483003506437 ], [ 332846.112179036252201, 1385716.666752086486667 ], [ 332866.737253450904973, 1385604.298013754189014 ], [ 332827.573142847861163, 1385429.764894988387823 ], [ 332789.612448882311583, 1385325.658076768973842 ], [ 332640.168122358911205, 1385207.245071368990466 ], [ 332518.321482673869468, 1385169.636275239055976 ], [ 332432.99596946593374, 1385214.593576659448445 ], [ 332395.81450051034335, 1384946.429225410800427 ], [ 332458.500649548601359, 1384908.70601639826782 ], [ 332516.064986112178303, 1384809.008926786947995 ], [ 332390.939857060438953, 1384727.690474594710395 ], [ 332107.381684417254291, 1384664.666326635982841 ], [ 332078.95479380292818, 1384587.507305782521144 ], [ 331858.88509960740339, 1384510.905753273516893 ], [ 331993.004912135889754, 1384314.229906423483044 ], [ 332077.54242583544692, 1384254.928420324809849 ], [ 332199.726102512329817, 1384232.255640925373882 ], [ 332305.232306284015067, 1384294.340241628466174 ], [ 332403.198031971580349, 1384254.4862697632052 ], [ 332630.923898294102401, 1383986.878963386407122 ], [ 332740.797531142365187, 1383925.518345658434555 ], [ 332853.197758019901812, 1383937.795825825538486 ], [ 333037.866173995775171, 1383748.453931194031611 ], [ 333081.51310414558975, 1383562.852874833391979 ], [ 333200.277637211664114, 1383546.02340802946128 ], [ 333399.67333846190013, 1383200.201655328739434 ], [ 333658.810553116025403, 1382980.156165831489488 ], [ 333741.217703097325284, 1382989.159699005773291 ], [ 333860.203519490954932, 1382739.373734760796651 ], [ 333820.133914535283111, 1382619.890477993525565 ], [ 333949.402478013071232, 1382416.783449127804488 ], [ 334054.842172189382836, 1382359.713544321944937 ], [ 334020.805713909328915, 1382296.756090548820794 ], [ 334129.59383099747356, 1382311.316791915567592 ], [ 334145.572378244658466, 1382364.201299426145852 ], [ 334064.952374208252877, 1382510.708994811400771 ], [ 334120.628349381673615, 1382754.385789825581014 ], [ 334220.439838057034649, 1382771.365714705083519 ], [ 334359.396282488829456, 1382681.746793875005096 ], [ 334415.439495525322855, 1382546.167138383723795 ], [ 334381.573171388008632, 1382491.814743837108836 ], [ 334409.207969872513786, 1382379.463337308727205 ], [ 334460.505039715208113, 1382431.303876921068877 ], [ 334569.844240579986945, 1382462.467245971551165 ], [ 334592.629500867216848, 1382506.50727833644487 ], [ 334745.959408541675657, 1382487.218310263939202 ], [ 334821.719154613092542, 1382593.399783533765003 ], [ 334866.617231779615395, 1382808.698431185912341 ], [ 334937.03141737281112, 1382907.864209009101614 ], [ 335243.580277487402782, 1382784.289712232071906 ], [ 335258.968771788524464, 1382709.941614675335586 ], [ 335229.694309699931182, 1382680.805852414341643 ], [ 335284.616989585221745, 1382646.829168863594532 ], [ 335282.260325499111786, 1382590.248950002947822 ], [ 335090.620789584761951, 1382475.604554160265252 ], [ 335045.968871130025946, 1382522.764021307695657 ], [ 334993.002271847100928, 1382467.65777922119014 ], [ 334917.714393163099885, 1382475.789129485143349 ], [ 334893.555187630583532, 1382408.172347659943625 ], [ 334990.515273676835932, 1382418.766437001526356 ], [ 335151.51343186898157, 1382307.432174588786438 ], [ 335336.98613518953789, 1382407.963956510648131 ], [ 335384.691936398041435, 1382332.147776863304898 ], [ 335411.05355478823185, 1382070.677050892962143 ], [ 335343.708621275727637, 1382069.049173898296431 ], [ 335269.386442559654824, 1382012.538087184540927 ], [ 335200.97061747929547, 1381937.851474747993052 ], [ 335162.682224855816457, 1381819.131109898444265 ], [ 335233.734330868464895, 1381651.841282017761841 ], [ 335431.537848426960409, 1381655.676149770384654 ], [ 335529.971752465702593, 1381581.461972977034748 ], [ 335553.482795067946427, 1381494.014585513388738 ], [ 335532.540594896359835, 1381429.952065963298082 ], [ 335342.875435718684457, 1381376.456272911746055 ], [ 335230.064776236657053, 1381252.033872459083796 ], [ 334979.243964238790795, 1381295.086501243989915 ], [ 334913.444082469737623, 1381400.188853785628453 ], [ 334816.297585493419319, 1381444.828820266993716 ], [ 334613.092968924320303, 1381422.632713330211118 ], [ 334525.173298600304406, 1381224.960071854991838 ], [ 334521.445687582774553, 1381136.218986108666286 ], [ 334479.607293379318435, 1381062.365396344102919 ], [ 334496.077603928162716, 1381032.56888204975985 ], [ 334363.913517692359164, 1380904.388802919303998 ], [ 334391.561596335028298, 1380873.322150216903538 ], [ 334347.488558015262242, 1380823.043875491945073 ], [ 334267.374884031596594, 1380845.230964335147291 ], [ 334136.004962544189766, 1380751.461470542242751 ], [ 333882.124729039496742, 1380769.861251892289147 ], [ 333643.460085002239794, 1380838.652060895459726 ], [ 333477.965191712486558, 1380778.401763924397528 ] ] ] ] } },
{ "type": "Feature", "properties": { "site_id": 555790813, "name_eng": "AMP Sokone", "desig_eng": "Marine Protected Area", "iucn_cat": "VI", "realm": "Coastal", "gis_area": 214.29679625999998, "gov_type": "Joint governance", "mang_auth": "Direction des aires marines communautaires Protégées" }, "geometry": { "type": "MultiPolygon", "coordinates": [ [ [ [ 348054.889261656848248, 1549016.973561027320102 ], [ 347923.931217156525236, 1548997.916706109652296 ], [ 347918.428410417865962, 1548870.062660308321938 ], [ 347844.371287861838937, 1548625.372252928325906 ], [ 347705.626160009996966, 1548392.91550451493822 ], [ 347407.49821122654248, 1548505.863899644929916 ], [ 347254.468350189039484, 1548506.79979806067422 ], [ 347482.114830062258989, 1547878.28591687977314 ], [ 347368.56995927344542, 1547767.902901159366593 ], [ 347244.006103622028604, 1547726.375143527286127 ], [ 347214.03586424596142, 1547807.114108596229926 ], [ 347144.967054968117736, 1547854.566180780064315 ], [ 346982.506990636116825, 1547753.316313626244664 ], [ 346925.057189570507035, 1547619.444875984918326 ], [ 346829.332580723217689, 1547541.460116552421823 ], [ 346814.953456476272549, 1547447.511492810212076 ], [ 346443.573647027486004, 1547320.898880028398708 ], [ 346334.327797585865483, 1547337.551703809993342 ], [ 346368.687945884768851, 1547466.505047817481682 ], [ 346387.443757648463361, 1547934.619814368896186 ], [ 346302.396454651840031, 1547983.331936914473772 ], [ 346030.954840278602205, 1547931.98410299862735 ], [ 345952.218111556954682, 1547860.748157744761556 ], [ 345852.179057777742855, 1547861.36190133006312 ], [ 345523.174781870562583, 1548002.596323307370767 ], [ 345594.001760597922839, 1547933.722066245041788 ], [ 345737.932393459661398, 1547646.654863821575418 ], [ 345998.265335942967795, 1547377.318879458121955 ], [ 346084.075731088989414, 1547209.143720137886703 ], [ 345958.544359384919517, 1547153.146164568141103 ], [ 345622.919069281080738, 1547090.284377686912194 ], [ 345589.251169509836473, 1546890.53558892197907 ], [ 345410.983475591987371, 1546755.194236869458109 ], [ 345244.894304001296405, 1546495.631672737654299 ], [ 345155.11316034552874, 1546255.167668445967138 ], [ 344781.999873168184422, 1545827.452622458804399 ], [ 344610.725468024145812, 1545749.800046587130055 ], [ 344499.908157889847644, 1546026.50539347762242 ], [ 344468.788740202318877, 1545648.406185691710562 ], [ 344420.53321873571258, 1545453.393037244211882 ], [ 344523.660619407542981, 1544991.495593759696931 ], [ 344691.918941477837507, 1544577.671366228489205 ], [ 344949.415704282291699, 1544176.451993588358164 ], [ 345263.572716515918728, 1543910.315806648461148 ], [ 345302.049816700688098, 1543776.476512118708342 ], [ 345275.28289907798171, 1543618.094912382075563 ], [ 344977.921215567621402, 1543156.308171685552225 ], [ 344871.852911734487861, 1542807.857608529506251 ], [ 344744.560476300073788, 1542627.194756008218974 ], [ 344241.797325245803222, 1542539.546247469959781 ], [ 344073.688754345581401, 1542805.392655472969636 ], [ 343962.037243379629217, 1543071.052107890369371 ], [ 343816.887063654547092, 1542870.455698943231255 ], [ 343871.801636718213558, 1542546.152710443362594 ], [ 343776.149759992084, 1542339.082111294846982 ], [ 343249.780827132868581, 1542145.800041195936501 ], [ 342922.134170096658636, 1542406.72163257189095 ], [ 342838.625605000939686, 1542626.137168691726401 ], [ 342805.582607755612116, 1542968.14343955158256 ], [ 342837.9164289154578, 1543283.120628295699134 ], [ 342449.653807584836613, 1543155.167787528363988 ], [ 342213.56298860127572, 1542932.557939856080338 ], [ 342173.373867418849841, 1542578.399393018567935 ], [ 341660.785673424077686, 1542652.11649175407365 ], [ 340986.742087847786024, 1542698.179285670630634 ], [ 340583.48974708316382, 1542903.634090349311009 ], [ 340192.933164258836769, 1542752.428797887405381 ], [ 339281.896786784287542, 1543026.842606572434306 ], [ 339403.505722250090912, 1543409.996758736902848 ], [ 339366.882766944996547, 1543990.546953135635704 ], [ 339275.659111737506464, 1544312.737443007063121 ], [ 334654.971183649264276, 1543340.611644683638588 ], [ 335063.977325952379033, 1542450.074015108635649 ], [ 335221.505834333831444, 1540411.075186318717897 ], [ 335498.794672610936686, 1539302.962931470246986 ], [ 334544.545421991148032, 1538592.704697887878865 ], [ 333954.905406243749894, 1538031.857630400219932 ], [ 333151.070105741091538, 1536872.492092316504568 ], [ 332571.302854480338283, 1535187.623442366952077 ], [ 331481.367252136929892, 1533797.221100190887228 ], [ 330618.124528679996729, 1532288.922561260871589 ], [ 329416.488225592300296, 1531248.692720167106017 ], [ 328386.983212416409515, 1530440.289194212993607 ], [ 327860.220926907961257, 1529627.754213857231662 ], [ 327991.806996149243787, 1529529.066211473196745 ], [ 328682.753274617949501, 1528596.559805371332914 ], [ 328717.23584064753959, 1528489.302620174828917 ], [ 330600.110145315877162, 1530675.579555104020983 ], [ 335370.576274855295196, 1532046.401218206156045 ], [ 336319.400866994168609, 1531348.325915599707514 ], [ 338039.120228914020117, 1532585.593106514541432 ], [ 338980.420663444558159, 1531763.097088652662933 ], [ 338192.330069142393768, 1529449.853247994789854 ], [ 340146.853521096811164, 1524892.8317457777448 ], [ 340232.188370374497026, 1525074.37087973463349 ], [ 340190.610865873750299, 1525282.876919705886394 ], [ 340200.95318999630399, 1525629.970906576141715 ], [ 340107.716223187337164, 1525768.091482343384996 ], [ 339976.334231169777922, 1525795.518549510743469 ], [ 339918.110347377485596, 1525841.003600037656724 ], [ 339945.621753071900457, 1526015.508284305222332 ], [ 339905.381895356345922, 1526098.308820102363825 ], [ 340003.409554692683741, 1526379.955708233639598 ], [ 340180.418526848079637, 1526393.545736493775621 ], [ 340371.581481211702339, 1526256.21665981085971 ], [ 340499.595104328589514, 1526331.996810676297173 ], [ 340619.463203658000566, 1526345.598105493932962 ], [ 340717.053295511752367, 1526412.925853798398748 ], [ 340827.55349618778564, 1526515.731217543128878 ], [ 340929.961252844019327, 1527018.126795543590561 ], [ 341020.402656461112201, 1527090.908999657025561 ], [ 341039.370298341382295, 1527165.700315193971619 ], [ 340952.542184604390059, 1527255.455663387430832 ], [ 341251.963723837805446, 1527437.145308855688199 ], [ 341838.709148705936968, 1527522.661544122500345 ], [ 341983.595006034651306, 1527427.444487295811996 ], [ 342151.080309681477956, 1527403.723398687085137 ], [ 342295.749070847639814, 1527315.202687308192253 ], [ 342395.086521479184739, 1527313.857655925210565 ], [ 342718.253515270596836, 1526927.713922784896567 ], [ 342793.822589840332512, 1527009.232101114466786 ], [ 342907.677839957585093, 1527451.888612162321806 ], [ 342837.149594901828095, 1527561.462667084764689 ], [ 342756.835591797716916, 1527613.613379740389064 ], [ 342799.93772499426268, 1527807.628012818982825 ], [ 342636.874219543184154, 1528019.742132251150906 ], [ 342767.101219548145309, 1528183.236420328263193 ], [ 342759.726296376204118, 1528728.185739907203242 ], [ 342815.520386401331052, 1528822.601216710405424 ], [ 343155.734349059639499, 1528872.778619438176975 ], [ 343437.368045283365063, 1529161.598154479172081 ], [ 343667.220969154266641, 1529193.71946825273335 ], [ 343701.86137025617063, 1529169.216318123275414 ], [ 343846.027147578832228, 1529204.522497555240989 ], [ 344743.899517576326616, 1529829.696688578464091 ], [ 344896.288380457321182, 1529780.549379844684154 ], [ 345191.325987370917574, 1529947.779553508386016 ], [ 345314.278657479444519, 1529869.682316172169521 ], [ 345354.646969273802824, 1529763.426135390996933 ], [ 345562.300947334733792, 1529852.381903779227287 ], [ 345683.490621818811633, 1529831.934336646227166 ], [ 345742.634111103718169, 1529764.983819757821038 ], [ 345818.110214906744659, 1529842.947432992979884 ], [ 345877.228813658235595, 1529842.595460730139166 ], [ 346108.296956830599811, 1529770.076253532897681 ], [ 346298.151718300359789, 1529752.996054404880852 ], [ 346402.481562570901588, 1529669.32871449412778 ], [ 346480.219691657344811, 1529536.556978234322742 ], [ 346628.609037935384549, 1529543.377433913759887 ], [ 346588.506804996985011, 1529432.688612095545977 ], [ 346473.5065265892772, 1529354.193817107705399 ], [ 346621.706096017733216, 1529319.662858580239117 ], [ 346614.143035779066849, 1529241.870047166710719 ], [ 346663.273250670405105, 1529161.031207006657496 ], [ 346764.530323455343023, 1529207.891240393277258 ], [ 346858.04183318791911, 1529299.623696168186143 ], [ 346908.737305998103693, 1529258.546715029515326 ], [ 346873.462455719243735, 1529188.938206050777808 ], [ 346936.470799868809991, 1529065.459563149837777 ], [ 347030.395157238584943, 1529018.441263375803828 ], [ 347271.738662649993785, 1529110.231905730674043 ], [ 347314.552807825850323, 1529186.279172142036259 ], [ 347218.257492963981349, 1529425.094039594521746 ], [ 347533.146647490619216, 1529549.508327880874276 ], [ 348111.397074930486269, 1529511.340321011608467 ], [ 348480.374231635418255, 1529676.513059725053608 ], [ 348875.981882661231793, 1529769.417610478354618 ], [ 349245.775093731936067, 1529968.701792879961431 ], [ 349675.480101503722835, 1529955.58307222998701 ], [ 349885.397275553201325, 1530031.903012961614877 ], [ 350411.532462308532558, 1530399.897285201121122 ], [ 350764.07664110918995, 1530449.933717141626403 ], [ 351066.408392133598682, 1530593.919509285129607 ], [ 351380.992877492448315, 1530669.869723865762353 ], [ 351390.674504559021443, 1530816.028055027127266 ], [ 351193.377893879311159, 1530979.239768330939114 ], [ 351007.712340886937454, 1530926.212293365504593 ], [ 350899.980945450835861, 1530737.883908468298614 ], [ 350819.876424833433703, 1530742.505137348314747 ], [ 350777.407443962991238, 1530812.156721588689834 ], [ 350528.208118430920877, 1530921.278476945357397 ], [ 350446.827866114850622, 1530781.773579994915053 ], [ 350370.651390783954412, 1530725.418535649310797 ], [ 350190.376650217920542, 1530726.693918709410354 ], [ 349993.634594361938071, 1530611.631879348540679 ], [ 349820.019967800588347, 1530400.966440934455022 ], [ 349351.651200249791145, 1530195.942873493768275 ], [ 348746.512942366185598, 1530374.925777105614543 ], [ 348447.791005679755472, 1530376.097930208547041 ], [ 348141.625381798716262, 1530072.185727281728759 ], [ 347751.378736805636436, 1530131.605743934167549 ], [ 347408.737331673852168, 1530229.050348488148302 ], [ 347025.575316648872104, 1530202.714688027277589 ], [ 347087.130161689827219, 1530664.298305052099749 ], [ 347585.016747237823438, 1531185.590782120125368 ], [ 347232.247257412411273, 1531606.352644372498617 ], [ 347352.97281270136591, 1532116.506574324332178 ], [ 347301.234129451215267, 1532569.22361251199618 ], [ 347442.305893332930282, 1532969.072414065245539 ], [ 347547.42974587198114, 1533444.891553753986955 ], [ 347484.620001235511154, 1533818.05527167650871 ], [ 347606.905322723265272, 1534041.298830097308382 ], [ 347680.836702792788856, 1534287.196952779777348 ], [ 347493.837165353470482, 1534412.292535024229437 ], [ 348024.358601032872684, 1534522.999092275975272 ], [ 348489.642645858461037, 1535212.60218978417106 ], [ 348495.128593260073103, 1535508.110822279937565 ], [ 349083.986917557078414, 1535250.138951556058601 ], [ 349079.400016909872647, 1534968.553619040176272 ], [ 349320.905636962444987, 1534950.758290644502267 ], [ 349809.112364538479596, 1534736.327291985973716 ], [ 350138.580264915595762, 1534656.198931033723056 ], [ 350236.097990637761541, 1534560.814877911005169 ], [ 350421.530999850248918, 1533880.084287907229736 ], [ 350482.855795821291395, 1533754.809882091125473 ], [ 350847.991793312074151, 1533610.610091242473572 ], [ 351141.980950471712276, 1533567.882686742581427 ], [ 351235.769333785166964, 1533469.183865173021331 ], [ 351322.990869012195617, 1533211.553840310312808 ], [ 351488.148506099358201, 1533123.873174198437482 ], [ 351631.649695081170648, 1533164.66603969107382 ], [ 351989.553450789535418, 1533066.955017926404253 ], [ 352016.663769888516981, 1532988.144926995271817 ], [ 352005.402777752140537, 1532882.739002370042726 ], [ 352073.715196333127096, 1532817.023434843868017 ], [ 352199.253345377161168, 1532786.093235102714971 ], [ 352345.654841446492355, 1532795.312105051707476 ], [ 352566.827880518510938, 1532881.808292732108384 ], [ 352879.783638590713963, 1532842.732706244336441 ], [ 352970.294493930414319, 1532869.298557741334662 ], [ 353017.699796058353968, 1532988.813755724811926 ], [ 353210.582773998728953, 1533079.137728525092825 ], [ 353237.024198268074542, 1533249.150990581372753 ], [ 353429.57910378073575, 1533285.957833473337814 ], [ 353469.559436494950205, 1533524.138930829940364 ], [ 353666.666654791566543, 1533628.513312217779458 ], [ 353828.913318149629049, 1533608.323629631893709 ], [ 353869.04009262972977, 1533464.328509898390621 ], [ 354040.313079105631914, 1533444.199831758392975 ], [ 354066.344609017600305, 1533234.684364570304751 ], [ 354195.256418376578949, 1533158.178521735593677 ], [ 354359.600295119103976, 1533195.029777208110318 ], [ 354598.364048229006585, 1533033.058007722254843 ], [ 354844.41955530125415, 1533044.938245863653719 ], [ 355005.508991434820928, 1533093.261485775467008 ], [ 355130.807825367082842, 1532813.276565548032522 ], [ 355338.974905797513202, 1532820.21905582700856 ], [ 355415.503026883932762, 1532932.981331717921421 ], [ 355421.094580462900922, 1533163.457560930168256 ], [ 355328.003984807699453, 1533161.810489815892652 ], [ 355162.245319347828627, 1533232.786592216929421 ], [ 354766.254111757618375, 1533287.346340793650597 ], [ 354446.26698036165908, 1533527.77571831154637 ], [ 354276.793099661939777, 1533721.074501254362985 ], [ 354113.889864760334603, 1533770.326240483438596 ], [ 353969.28076237894129, 1533751.883842973271385 ], [ 353826.844994256156497, 1533995.212647667853162 ], [ 353652.852040818601381, 1533996.264675322920084 ], [ 353391.853928757424001, 1533881.190828108461574 ], [ 353343.742904616752639, 1533697.782163501949981 ], [ 353247.711941093381029, 1533650.216850292868912 ], [ 353063.945530711556785, 1533873.48567236517556 ], [ 353027.414042763411999, 1533827.916868829634041 ], [ 352808.036607414891478, 1533825.294575656065717 ], [ 352618.864340080763213, 1533642.160223262384534 ], [ 352524.987603754270822, 1533593.611646394012496 ], [ 352160.479419382405467, 1533588.173161248210818 ], [ 351841.709778752992861, 1533620.145420490764081 ], [ 351722.491433320450597, 1533662.955932475160807 ], [ 351665.071096713771112, 1533780.327774279052392 ], [ 351670.332163057930302, 1533832.568241717526689 ], [ 351874.109755280835088, 1533894.665312820812687 ], [ 351890.639632960199378, 1533940.612911128206179 ], [ 351669.609606083715335, 1533973.952170256059617 ], [ 351622.010386912501417, 1534060.447445550467819 ], [ 351494.89992218738189, 1534115.61728442274034 ], [ 351385.099414385622367, 1534083.537030555540696 ], [ 351272.026849316840526, 1534104.532290503848344 ], [ 351178.890024783380795, 1534081.472475439542904 ], [ 350904.691744469339028, 1534690.325841672020033 ], [ 350940.099174077971838, 1534776.531419446691871 ], [ 350855.134752426529303, 1534818.872247118735686 ], [ 350852.978257640555967, 1534877.715743657434359 ], [ 350898.433947890647687, 1534937.224391485797241 ], [ 351061.138110370957293, 1534984.683645732700825 ], [ 351098.790498128975742, 1535169.754062581341714 ], [ 351171.452178016421385, 1535321.777589972596616 ], [ 351298.925318415218499, 1535426.303168228827417 ], [ 351226.30564540089108, 1535659.877560558496043 ], [ 351064.018500403966755, 1535597.757319893455133 ], [ 350918.998408246785402, 1535484.716506559867412 ], [ 350655.540544471179601, 1535396.66645093401894 ], [ 350414.505556155927479, 1535450.090754738077521 ], [ 350283.779535682406276, 1535545.512341322842985 ], [ 350256.750300486804917, 1535731.73206770629622 ], [ 350319.883299855981022, 1535978.615901365643367 ], [ 350165.441415168810636, 1536251.22300746710971 ], [ 349946.739697069511749, 1536547.293255009921268 ], [ 348817.539097638102248, 1537248.885845143347979 ], [ 348958.673553254688159, 1537482.311249940888956 ], [ 348872.887523244484328, 1537520.726411358220503 ], [ 348635.439589087036438, 1537323.798914266750216 ], [ 348522.822369839414023, 1537118.184924707980826 ], [ 348459.603736008401029, 1536738.175243029370904 ], [ 348365.682014567544684, 1536729.534553423756734 ], [ 348261.862294958671555, 1536767.028840083628893 ], [ 348057.189904584200121, 1536621.088983207242563 ], [ 348060.143278171482962, 1536429.09950355370529 ], [ 347950.187440483365208, 1536329.751556226052344 ], [ 347604.52941850759089, 1536277.441266902722418 ], [ 347203.879295634687878, 1536552.964362802682444 ], [ 347194.571027186873835, 1536727.413507653865963 ], [ 347062.769668565946631, 1536848.171461684629321 ], [ 346845.362974960298743, 1536979.273750252090394 ], [ 346565.114723075006623, 1536712.811245514312759 ], [ 346217.812962004682049, 1536696.516972330864519 ], [ 346205.339567171002273, 1536871.87110640713945 ], [ 346382.363223350374028, 1537009.963568080216646 ], [ 346033.835181385977194, 1537424.411755748325959 ], [ 346078.623142950120382, 1537566.124782860279083 ], [ 346459.176265279296786, 1537649.347055707592517 ], [ 346736.28625996230403, 1537647.663363982457668 ], [ 346966.034917356388178, 1537532.283819869160652 ], [ 347147.158115559606813, 1537645.177395407110453 ], [ 347262.098779827123508, 1537816.345117403427139 ], [ 347433.149630905478261, 1537501.026056747650728 ], [ 347490.180192424624693, 1537472.27906902669929 ], [ 347687.045102828880772, 1537687.247857323847711 ], [ 347912.088630441459827, 1537678.638625288615003 ], [ 348056.575126819428988, 1537744.571745063411072 ], [ 348287.29143586056307, 1537790.991638376843184 ], [ 348194.981402637611609, 1537983.629468828672543 ], [ 348029.764310383587144, 1537869.21931125014089 ], [ 347877.344488122791518, 1537956.652318195439875 ], [ 347774.535632222658023, 1538228.143252546200529 ], [ 347640.56141858571209, 1538375.141634880797938 ], [ 347466.254967906803358, 1538366.427540603792295 ], [ 347360.264272164029535, 1538513.969858687371016 ], [ 347535.01321559085045, 1538522.735830794321373 ], [ 347603.786318102735095, 1538630.578032137593254 ], [ 347590.91928586945869, 1538775.311377769336104 ], [ 347443.813687932211906, 1538873.922864655265585 ], [ 347157.394530119665433, 1538857.866583895869553 ], [ 346971.978724293934647, 1539028.517390099354088 ], [ 347157.238093738444149, 1539108.064257489517331 ], [ 347240.939035956922453, 1539305.779706515837461 ], [ 347175.671044009039178, 1539569.694853465305641 ], [ 346866.996387655730359, 1539544.183332157554105 ], [ 346865.530242720153183, 1539791.601393331540748 ], [ 346638.436468002153561, 1539949.90325792809017 ], [ 346711.479842568340246, 1540219.246390552492812 ], [ 346891.096937187714502, 1540274.308994444087148 ], [ 346879.564716102031525, 1540642.150897932238877 ], [ 347050.992928037769161, 1540774.326822039438412 ], [ 347347.24402016075328, 1540677.303512813756242 ], [ 347749.917781289899722, 1540836.929955243133008 ], [ 348036.916899469215423, 1540816.070566087029874 ], [ 348011.016703994013369, 1541007.986280304379761 ], [ 347830.801677066483535, 1541211.845169813605025 ], [ 347415.694240995915607, 1541079.019687745254487 ], [ 346934.277176533651073, 1541197.921131223905832 ], [ 347165.369554273842368, 1541655.376791134476662 ], [ 347330.646207431098446, 1541693.766528737032786 ], [ 347389.542447501968127, 1541851.559729446657002 ], [ 347214.031517370603979, 1541852.625382948666811 ], [ 346946.209319856192451, 1541793.274813006864861 ], [ 346968.012429299065843, 1542006.978784911334515 ], [ 347008.66917006339645, 1542042.834620715351775 ], [ 346917.364445906598121, 1542104.025343956891447 ], [ 346835.348994827130809, 1542099.436567762400955 ], [ 346773.404424474574625, 1542023.439183857524768 ], [ 346696.835574748227373, 1542069.729634321527556 ], [ 346557.691700506256893, 1541938.193441781913862 ], [ 346398.832719212630764, 1541934.065248801838607 ], [ 346368.428496398730204, 1541990.258482921868563 ], [ 346571.381235204462428, 1542504.07720845635049 ], [ 346619.686979297082871, 1542865.279064515605569 ], [ 346574.224340642220341, 1542972.473533134907484 ], [ 346441.110459499526769, 1542988.558606842765585 ], [ 346293.01870198250981, 1543070.923383661312982 ], [ 346216.838635870721191, 1543183.21463116700761 ], [ 346134.269729254418053, 1543927.07042796490714 ], [ 346165.811452221532818, 1544059.248893499840051 ], [ 346022.511702695512213, 1544085.586809641914442 ], [ 345986.887779692420736, 1544126.53439347166568 ], [ 345998.221592299523763, 1544304.66777886194177 ], [ 346065.998699312971439, 1544497.729030911810696 ], [ 346173.877475131303072, 1544542.893019154202193 ], [ 346256.384882003534585, 1544628.943199957022443 ], [ 346256.934525283519179, 1544720.585037792101502 ], [ 346201.438934456265997, 1544863.496765315067023 ], [ 346114.708376660710201, 1544925.117840946186334 ], [ 346019.11342923110351, 1545215.938833365449682 ], [ 345850.061586155556142, 1545222.066329260123894 ], [ 345721.741438601457048, 1545187.215942584211007 ], [ 345570.462513218924869, 1545270.612499693175778 ], [ 345170.198883083299734, 1545176.304503578459844 ], [ 345026.257631543965545, 1545100.806955772452056 ], [ 344952.185991907957941, 1545559.505457087652758 ], [ 345287.084376716986299, 1545857.862282127607614 ], [ 345379.443878199730534, 1545877.671470461180434 ], [ 345563.588048635283485, 1545825.626666526542976 ], [ 345640.192787443171255, 1545870.014081648318097 ], [ 345801.123413497931324, 1545890.197059383383021 ], [ 345756.067440235288814, 1546169.077496867161244 ], [ 345641.515841182495933, 1546213.200870238244534 ], [ 345591.340555178408977, 1546172.990846717962995 ], [ 345629.266043965646531, 1546337.035938157467172 ], [ 345723.667580391804222, 1546515.000813548918813 ], [ 345911.427046603697818, 1546752.010927470168099 ], [ 346098.057460522744805, 1546771.266090090386569 ], [ 346186.795022784557659, 1546836.225262824213132 ], [ 346407.113771975855343, 1546789.809812091989443 ], [ 346455.977579089463688, 1546748.683428162941709 ], [ 346610.743949595140293, 1546804.939742040121928 ], [ 346667.523810246377252, 1546775.968744878191501 ], [ 346532.926635717973113, 1546654.828863239381462 ], [ 346411.862064198183361, 1546482.862779304385185 ], [ 346364.181943123461679, 1546352.263466315809637 ], [ 346515.683715031016618, 1546151.824205501237884 ], [ 346705.976501475437544, 1546150.673313444014639 ], [ 346779.275743181700818, 1546298.565979746403173 ], [ 347041.49954438052373, 1546419.353745002066717 ], [ 347103.535418364917859, 1546490.615396001143381 ], [ 347217.009942375239916, 1546365.480569747975096 ], [ 347636.864873644663021, 1546383.876455647405237 ], [ 347801.659782091737725, 1546471.786371249938384 ], [ 347815.897156434017234, 1546346.193659776821733 ], [ 347973.223406696342863, 1546362.60560091282241 ], [ 348151.161644862615503, 1546561.156521540135145 ], [ 348194.694695507350843, 1546544.226649904390797 ], [ 348283.668511348776519, 1546757.499582309043035 ], [ 348359.727998823742382, 1546784.174958564573899 ], [ 348388.63300492655253, 1546951.351207848172635 ], [ 348512.170172552694567, 1546957.932243196526542 ], [ 348638.635722808248829, 1547013.991618132451549 ], [ 348700.238325503654778, 1546892.389924592804164 ], [ 348813.131560152047314, 1546830.766728007234633 ], [ 348872.632261639111675, 1546759.13766039069742 ], [ 348572.186322617693804, 1546626.654833413194865 ], [ 348379.91044287441764, 1546388.79152638069354 ], [ 348441.791642414929811, 1546288.594215192832053 ], [ 348549.545115436718334, 1546248.927024348638952 ], [ 348661.61562286951812, 1546380.310191053431481 ], [ 348833.557188255654182, 1546413.201978681143373 ], [ 348954.178338737809099, 1546516.591087518027052 ], [ 349135.195915113436058, 1546608.65037941117771 ], [ 349248.355637134402059, 1546575.403838920872658 ], [ 349060.77254908438772, 1546249.194084003334865 ], [ 349125.692873647087254, 1546119.752924616681412 ], [ 349274.566756590153091, 1546302.507477242033929 ], [ 349541.581787632603664, 1546377.071124464739114 ], [ 349655.654021285939962, 1546462.192856423323974 ], [ 349576.094004551938269, 1546639.399115888867527 ], [ 349592.358423421101179, 1546781.991268533747643 ], [ 349712.875750784936827, 1546864.873717620503157 ], [ 350062.548342833761126, 1546784.885832564905286 ], [ 350011.125143724086229, 1546946.836175013333559 ], [ 350186.757528280955739, 1546915.59514151699841 ], [ 350283.795617115451023, 1546959.344711444573477 ], [ 350336.97244267037604, 1546930.746252765180543 ], [ 350388.727323585073464, 1546819.650275317719206 ], [ 350680.823073905718047, 1546928.638337893178686 ], [ 350807.004333200049587, 1546749.726223478093743 ], [ 350787.056302166485693, 1546680.125193296000361 ], [ 351047.072777214460075, 1546630.432775247842073 ], [ 351107.437913422530983, 1546507.617390602594241 ], [ 351155.787452569580637, 1546560.758070706622675 ], [ 351031.116976394783705, 1546689.84390139603056 ], [ 350925.279743881896138, 1546745.198374440195039 ], [ 350916.343849401629996, 1546832.037468237569556 ], [ 350965.338893665757496, 1546851.344222230836749 ], [ 350984.552145569236018, 1546898.746737871319056 ], [ 350817.034934476425406, 1547113.941243881825358 ], [ 350872.761086422367953, 1547165.013879201840609 ], [ 350945.125432891072705, 1547177.54672961239703 ], [ 351115.48000626405701, 1547139.882128909463063 ], [ 351274.041147127980366, 1547286.691555093508214 ], [ 351502.892482225899585, 1547316.249492295784876 ], [ 351677.40552633831976, 1547461.209556054091081 ], [ 351679.943321475642733, 1547550.51504185074009 ], [ 351586.739229051512666, 1547712.427160351769999 ], [ 351555.622629440389574, 1547659.318675050511956 ], [ 351630.347745089791715, 1547498.099928638432175 ], [ 351567.478199602803215, 1547421.910718806320801 ], [ 351135.477680015261285, 1547411.322290080366656 ], [ 350958.62540635530604, 1547534.90473365993239 ], [ 350811.677119980682619, 1547371.546021511079744 ], [ 350663.975707027013414, 1547338.599920517299324 ], [ 350559.100253743003123, 1547352.730891815852374 ], [ 350547.684144760947675, 1547443.73331571300514 ], [ 350448.813446544809267, 1547472.32191389426589 ], [ 349583.263117062626407, 1547236.116580506088212 ], [ 349526.085162923496682, 1547162.741403129883111 ], [ 349411.903265010565519, 1547120.998318187892437 ], [ 349340.588956538005732, 1547261.362396652810276 ], [ 349244.40774101682473, 1547284.364219663897529 ], [ 349240.004734710324556, 1547343.797391704982147 ], [ 349370.672456199768931, 1547378.473027385305613 ], [ 349484.000232758349739, 1547616.740256248507649 ], [ 349569.017956165014766, 1547721.768127012066543 ], [ 349384.634396487206686, 1547828.856795827392489 ], [ 349325.417820688569918, 1547832.933708787895739 ], [ 349183.743693000171334, 1547695.505699822446331 ], [ 349136.235387727268972, 1547699.359118333784863 ], [ 349019.4581456570304, 1547801.494060202967376 ], [ 348956.60874292103108, 1547689.787718901177868 ], [ 348891.591336800600402, 1547686.631589134922251 ], [ 348868.236173012002837, 1547642.728477355325595 ], [ 348913.699377754121087, 1547559.62157115386799 ], [ 348544.49334434652701, 1547653.471233359538019 ], [ 348463.416833201306872, 1547523.420968487625942 ], [ 348350.231153024942614, 1547524.113745225593448 ], [ 348242.601435355260037, 1547436.149620545795187 ], [ 348105.002523625269532, 1547082.180579523323104 ], [ 348058.102470329846255, 1547057.678204850992188 ], [ 347921.737064787885174, 1547181.075669317506254 ], [ 347872.086327311641071, 1547073.662800509482622 ], [ 347807.759946426260285, 1547036.265591703122482 ], [ 347822.396300119406078, 1547268.542870586039498 ], [ 347986.294238396803848, 1547315.603599537629634 ], [ 348118.207599196990486, 1547461.425139895174652 ], [ 348067.360269495111424, 1547625.269182590069249 ], [ 348189.817372421734035, 1547810.774209500057623 ], [ 348196.255283097329084, 1547883.518488799687475 ], [ 348590.332064819405787, 1548033.650687502231449 ], [ 348687.622767753317021, 1548112.904282621107996 ], [ 348568.656061967194546, 1548163.922213761135936 ], [ 348464.197640486585442, 1548129.316889550769702 ], [ 348381.838458790094592, 1548307.529628914315253 ], [ 348383.048718041740358, 1548473.376637699315324 ], [ 348330.952062000171281, 1548632.20519147766754 ], [ 348125.59006222744938, 1548704.558536037569866 ], [ 348131.615029219072312, 1548893.210889515234157 ], [ 348082.703930572140962, 1548927.840667231939733 ], [ 347993.959636003302876, 1548908.742745868163183 ], [ 348054.889261656848248, 1549016.973561027320102 ] ] ] ] } },
{ "type": "Feature", "properties": { "site_id": 555790814, "name_eng": "AMP Kalone-Bliss-Kassa", "desig_eng": "Marine Protected Area", "iucn_cat": "VI", "realm": "Coastal", "gis_area": 784.79291705000003, "gov_type": "Joint governance", "mang_auth": "Direction des aires marines communautaires Protégées" }, "geometry": { "type": "MultiPolygon", "coordinates": [ [ [ [ 304130.905422948475461, 1425618.902969083050266 ], [ 298257.573647165030707, 1425556.709979801438749 ], [ 297903.123862924054265, 1421254.798395498422906 ], [ 297559.897110085410532, 1416213.277009522775188 ], [ 297200.80321098602144, 1412060.219007457373664 ], [ 296884.936993474897463, 1407189.916055069305003 ], [ 302580.331371266336646, 1407207.476601878413931 ], [ 307128.948339545400813, 1407273.125431054271758 ], [ 308274.024185586080421, 1407137.142987080384046 ], [ 308676.814680922427215, 1407151.880542090395465 ], [ 308876.512616738618817, 1406768.887872997671366 ], [ 308517.45391986251343, 1406285.934943395666778 ], [ 308495.126885944744572, 1405645.390013434691355 ], [ 308239.988945672754198, 1404898.253406379139051 ], [ 308168.025131017202511, 1404271.542404022300616 ], [ 307890.699556845647749, 1403426.610394415911287 ], [ 307545.974402510561049, 1403230.347132140304893 ], [ 307670.916422800044529, 1403615.532237594481558 ], [ 307510.591247047646903, 1403595.811050037387758 ], [ 307229.628915633657016, 1403410.723963989410549 ], [ 307139.11349393625278, 1403073.111716364743188 ], [ 306470.798394588462543, 1402123.909710675245151 ], [ 306252.399581219186075, 1401597.2517810233403 ], [ 306355.858989801025018, 1400968.180100288940594 ], [ 306623.748776228050701, 1400254.325036167167127 ], [ 306674.024293814320117, 1399813.635860138107091 ], [ 306887.200225962908007, 1399025.999080847017467 ], [ 307037.731678988551721, 1398850.789580113952979 ], [ 296957.017981180804782, 1399010.256983015453443 ], [ 297320.288053795171436, 1395052.216432356741279 ], [ 297896.049757067463361, 1390251.762582981726155 ], [ 309763.48011922754813, 1390102.048719651065767 ], [ 310082.273705647850875, 1389996.010713001480326 ], [ 310257.748746064258739, 1390096.773311328608543 ], [ 310633.521603024215437, 1390200.657068024156615 ], [ 310793.640346767322626, 1390283.822779391892254 ], [ 311109.777401295606978, 1390349.772278558230028 ], [ 311275.221296138013713, 1390490.954757153056562 ], [ 311765.423057405394502, 1390800.406355586601421 ], [ 312446.385704357235227, 1391103.213257675524801 ], [ 312491.607145330461208, 1391381.90024743322283 ], [ 312787.613973996951245, 1391479.805238700006157 ], [ 313045.611440290114842, 1391465.647211514646187 ], [ 313149.763242462358903, 1391540.859917963389307 ], [ 313440.433162427623756, 1391591.05695897131227 ], [ 314709.921838800830301, 1392175.847856845939532 ], [ 314853.828599156171549, 1392189.340698226122186 ], [ 314970.595641730877105, 1392299.204619760392234 ], [ 315237.011425719596446, 1392348.093193949433044 ], [ 315879.592191278701648, 1392682.020308943698183 ], [ 316578.379533000290394, 1393185.207192600006238 ], [ 317311.876328226819169, 1393479.281418680446222 ], [ 317991.801493145059794, 1393826.640000497689471 ], [ 318485.887736109085381, 1394212.035159765277058 ], [ 319404.709578730980866, 1394849.169013185892254 ], [ 319743.999855764035601, 1394988.1619270760566 ], [ 320467.231917416735087, 1395429.331958526512608 ], [ 321362.537809155881405, 1396069.454452750040218 ], [ 322504.353335835156031, 1397004.6449659478385 ], [ 322658.557874848367646, 1397256.723485769005492 ], [ 322825.573762024170719, 1397833.914618212962523 ], [ 323926.631978809484281, 1399519.503118355059996 ], [ 323508.510781797289383, 1400437.978214120492339 ], [ 323352.198992608173285, 1400885.645710798213258 ], [ 323305.745102218294051, 1401695.590714575489983 ], [ 323256.134150192141533, 1401888.669973290525377 ], [ 323480.769103776256088, 1402005.542922456981614 ], [ 323763.841966495732777, 1401947.836717282654718 ], [ 324104.833613398484886, 1401968.86197158228606 ], [ 324284.051690311869606, 1401895.30014409404248 ], [ 324489.26788808213314, 1401976.700888046296313 ], [ 324640.969716963241808, 1402315.278452639933676 ], [ 324698.846976709086448, 1402294.77503504534252 ], [ 324781.436922380758915, 1402024.974358875304461 ], [ 324912.768210285110399, 1401901.122752055292949 ], [ 325226.689504076610319, 1401844.74566185194999 ], [ 325181.589495716092642, 1401927.596093266038224 ], [ 324885.371246668684762, 1402069.55657916306518 ], [ 324828.347698916797526, 1402391.680552280275151 ], [ 324653.773496108013205, 1402446.481172063853592 ], [ 324563.40029450901784, 1402400.842427334282547 ], [ 324448.318265901471023, 1402268.016317925881594 ], [ 324325.398130273330025, 1402330.574824698967859 ], [ 324164.288359709084034, 1402363.589843368390575 ], [ 323956.522675356536638, 1402257.991017517633736 ], [ 323861.384739817120135, 1402284.933825697284192 ], [ 323878.915358420985285, 1402555.631500487215817 ], [ 323946.952332385233603, 1402645.96795083465986 ], [ 324120.37130309198983, 1402746.591146586462855 ], [ 324229.521856980165467, 1402930.031849319115281 ], [ 324104.450858035008423, 1403088.19884826336056 ], [ 323877.186789812287316, 1403114.414111035643145 ], [ 323641.721621399687137, 1403086.474444485036656 ], [ 323503.160492469498422, 1403538.579832013696432 ], [ 323580.093969846668188, 1403749.389486566185951 ], [ 323485.547870009730104, 1403976.612351689022034 ], [ 323262.332086949434597, 1404222.063112393021584 ], [ 323225.822640670579858, 1404553.491158894728869 ], [ 323364.706671627354808, 1404529.015529912663624 ], [ 323855.345397288328968, 1404880.830010167555884 ], [ 323813.10524106543744, 1404934.758931714808568 ], [ 323427.272564239101484, 1405086.436290734447539 ], [ 323203.972164165694267, 1405224.612774007488042 ], [ 323230.910884812707081, 1405515.209776609903201 ], [ 323310.645381517475471, 1405651.326678365468979 ], [ 323429.802291036932729, 1405660.19574771495536 ], [ 323479.715996037062723, 1405725.752276808721945 ], [ 323327.977933162183035, 1405800.511751300189644 ], [ 323294.195743232616223, 1406002.996475286316127 ], [ 323131.666393432591576, 1405842.130095599684864 ], [ 322887.440297576249577, 1405752.567638968350366 ], [ 322760.665711182227824, 1405775.963803911814466 ], [ 322514.394200702547096, 1406346.773446516832337 ], [ 321848.929846777173225, 1407422.375537942163646 ], [ 321697.284109531436116, 1407606.00459913467057 ], [ 321657.127405892126262, 1407835.350253737997264 ], [ 321597.141184571257327, 1408009.761026880005375 ], [ 321523.156564643781167, 1408091.364753708941862 ], [ 321439.527310751378536, 1408366.665189767023548 ], [ 321299.315289453137666, 1408642.977290745358914 ], [ 321098.464454903034493, 1408883.266777686076239 ], [ 320876.063682867330499, 1409028.331847659079358 ], [ 320720.784190878854133, 1409070.119130000472069 ], [ 320412.605932099511847, 1409058.428468241356313 ], [ 320038.776409854530357, 1408954.418408727739006 ], [ 319938.414974917366635, 1408982.517607761314139 ], [ 319894.417394807212986, 1409080.474435583222657 ], [ 320008.055822009628173, 1409170.797824002802372 ], [ 320083.751358906039968, 1409171.221863632556051 ], [ 320016.44831085880287, 1409233.405450186226517 ], [ 319916.912480227183551, 1409456.884503236971796 ], [ 319545.324445038859267, 1409767.080331506440416 ], [ 319468.625518870190717, 1409884.431057514622808 ], [ 319365.832360588829033, 1410166.170097806490958 ], [ 319310.677753565483727, 1410638.59779014182277 ], [ 319368.271886371425353, 1410846.303344380343333 ], [ 319595.217029318213463, 1411146.12996560940519 ], [ 319805.705605168594047, 1411291.489646707428619 ], [ 319917.07580269954633, 1411330.581971949199215 ], [ 320119.542454064940102, 1411293.365662165684626 ], [ 320272.85349436069373, 1410935.060436694649979 ], [ 320372.730876777786762, 1410837.28945225966163 ], [ 320588.219046673853882, 1410767.313766605686396 ], [ 320831.779325808864087, 1410830.515097987605259 ], [ 321039.681680066452827, 1411055.05584305524826 ], [ 321109.096339029143564, 1411247.056029243860394 ], [ 321097.232754294935148, 1411509.291962483432144 ], [ 320860.654308048251551, 1411765.722342166351154 ], [ 320858.531392666860484, 1411986.598444399889559 ], [ 320955.849788699764758, 1412007.540861510438845 ], [ 321021.617307204403915, 1411986.523053879616782 ], [ 321138.108411016291939, 1411825.844079477479681 ], [ 321228.912089549005032, 1411769.918755056103691 ], [ 321815.289690719917417, 1411719.491824621101841 ], [ 322025.031076845247298, 1411758.079836393240839 ], [ 322390.626018710434437, 1411911.901662002317607 ], [ 323090.077600116375834, 1412463.573579909512773 ], [ 323318.273055900353938, 1412478.490201094187796 ], [ 323369.772373996675014, 1412452.257385489763692 ], [ 323422.996036799100693, 1412361.671933209057897 ], [ 323614.68979186413344, 1412326.992876507341862 ], [ 323672.282970414613374, 1412384.192079648608342 ], [ 323805.511347248684615, 1412406.113598669180647 ], [ 324155.9075342703145, 1412419.563772082561627 ], [ 324272.351418734469917, 1412369.019922079052776 ], [ 324551.147371420403942, 1412412.084145532222465 ], [ 324573.906948658521287, 1412513.145215153228492 ], [ 324645.452876778203063, 1412504.55679193418473 ], [ 324670.404608284996357, 1412537.556608850834891 ], [ 324655.587992904009297, 1412608.008736457210034 ], [ 324701.769794950145297, 1412730.219814059324563 ], [ 324744.475708627956919, 1412756.460221782326698 ], [ 324752.737210776540451, 1412933.912197474623099 ], [ 324804.80000496620778, 1413015.519216981483623 ], [ 324691.396309720468707, 1413147.542221101466566 ], [ 324836.019424037309363, 1413596.135465972824022 ], [ 324976.359517468721606, 1413851.045193207683042 ], [ 325209.250639952078927, 1414038.360662708058953 ], [ 325328.317388292751275, 1414185.320009293965995 ], [ 325519.210748300305568, 1414305.160969257587567 ], [ 325632.587974361958914, 1414340.599149245303124 ], [ 325750.516196549520828, 1414287.108745126053691 ], [ 325996.584057260071859, 1414682.007805369794369 ], [ 325858.682426782790571, 1414931.997186721302569 ], [ 325751.659579503466375, 1415353.103687075665221 ], [ 325571.538734014262445, 1415695.289625861681998 ], [ 325272.490618257434107, 1416078.375997207360342 ], [ 324512.591067612054758, 1416979.822277260711417 ], [ 324054.436241851421073, 1417295.12196873081848 ], [ 323180.355751761118881, 1417817.606367985485122 ], [ 322782.680562519235536, 1418317.334171693306416 ], [ 322566.598508033435792, 1418688.881608826341107 ], [ 322487.244349296204746, 1418949.630945430137217 ], [ 322457.355445618217345, 1419375.359496518736705 ], [ 322610.940330711775459, 1419931.518953503342345 ], [ 322797.359755065932404, 1420253.299841452622786 ], [ 323235.091340089566074, 1420655.092198105994612 ], [ 323838.844087047269568, 1420787.466647274093702 ], [ 324740.376580795622431, 1421174.511753253638744 ], [ 324959.669036896782927, 1421448.559630582807586 ], [ 325042.163656654534861, 1421694.413910412695259 ], [ 324882.138848762609996, 1422275.389982207212597 ], [ 324280.627402934595011, 1422829.262691081967205 ], [ 323985.132086709258147, 1423060.29380229790695 ], [ 323618.43719108478399, 1423260.249115541577339 ], [ 323489.892056547454558, 1423239.787744654575363 ], [ 323379.119210989330895, 1423549.23495600791648 ], [ 323295.707203779369593, 1424181.704546611756086 ], [ 323273.768241437734105, 1424722.283098475541919 ], [ 322908.706754515995272, 1425272.353168471949175 ], [ 322583.742899663862772, 1425362.504385769134387 ], [ 322111.68680211820174, 1425439.393412267090753 ], [ 321561.345439081254881, 1425339.837543286383152 ], [ 320995.944950094039086, 1425052.735764604294673 ], [ 320764.339684241218492, 1424993.675663325935602 ], [ 320589.901481999550015, 1425002.36520247370936 ], [ 320459.441496678686235, 1425117.078488376922905 ], [ 320229.098408299265429, 1425119.271444409620017 ], [ 319862.884861841390375, 1424909.200636650668457 ], [ 319791.068020175676793, 1424775.246979471994564 ], [ 319193.889018240850419, 1424898.607961204834282 ], [ 319044.218141905264929, 1425042.78182603046298 ], [ 319009.894819248467684, 1425560.200338975992054 ], [ 318871.169169923756272, 1425655.980382274603471 ], [ 318831.343257774948142, 1425770.445361906895414 ], [ 318724.630374143715017, 1425853.560928056947887 ], [ 318497.900863675051369, 1425761.729758648667485 ], [ 318362.945454578904901, 1425651.357063170755282 ], [ 318488.133454738475848, 1425322.039322192780674 ], [ 318365.333254707395099, 1425253.450637996662408 ], [ 318145.714723710669205, 1425394.014945467934012 ], [ 318006.553290123760235, 1425286.591744813369587 ], [ 317319.448332439060323, 1425221.908792156726122 ], [ 316348.973999380366877, 1425413.621461072005332 ], [ 315120.346015994204208, 1425427.62141203484498 ], [ 309149.650733608927112, 1425723.31951292254962 ], [ 304130.905422948475461, 1425618.902969083050266 ] ], [ [ 315152.643417334067635, 1422105.024193043354899 ], [ 315219.296741837402806, 1421997.212669857311994 ], [ 315262.159583061235026, 1422004.817367132985964 ], [ 315348.538156749797054, 1421906.976700285216793 ], [ 315359.684413642971776, 1421822.920680877286941 ], [ 315291.322601569234394, 1421808.757830356014892 ], [ 315131.932381165388506, 1421914.837207969976589 ], [ 315099.440664671943523, 1422011.248731694882736 ], [ 315152.643417334067635, 1422105.024193043354899 ] ] ] ] } },
{ "type": "Feature", "properties": { "site_id": 555790815, "name_eng": "Delta du Saloum", "desig_eng": "National Park", "iucn_cat": "II", "realm": "Coastal", "gis_area": 565.43404727999996, "gov_type": "Joint governance", "mang_auth": "Direction des Parcs Nationaux" }, "geometry": { "type": "MultiPolygon", "coordinates": [ [ [ [ 308038.904281863535289, 1503408.685681619215757 ], [ 337778.12682332075201, 1503223.481623719446361 ], [ 338704.178800495923497, 1503170.562191244447604 ], [ 339921.260913473321125, 1503673.275939502986148 ], [ 342308.400910700904205, 1504820.774962323717773 ], [ 345479.605770950671285, 1505293.503157019848004 ], [ 345312.175743443309329, 1505529.865646305726841 ], [ 345302.328006238152739, 1509400.309522662311792 ], [ 345341.721957735833712, 1515210.892690834589303 ], [ 344829.607023415155709, 1515289.672761640511453 ], [ 344228.846360482450109, 1515604.826892394106835 ], [ 342380.005359455710277, 1515699.996328724781051 ], [ 341786.431541612488218, 1515604.823566930368543 ], [ 341323.552093750389758, 1515341.422494985628873 ], [ 340539.999026269593742, 1514499.99730875575915 ], [ 339934.92203405010514, 1513743.468852299964055 ], [ 338969.783202446415089, 1512669.98432036372833 ], [ 338349.323651672690175, 1512039.685446360148489 ], [ 337143.130622779717669, 1512113.497765516163781 ], [ 334262.223913027322851, 1511960.897376838838682 ], [ 333019.999634929001331, 1511540.003430350217968 ], [ 331710.003097025735769, 1510929.995723321568221 ], [ 330619.996867250127252, 1510340.000078993849456 ], [ 329659.996471905033104, 1509620.001999357016757 ], [ 328809.995770998066291, 1508769.995652438839898 ], [ 327980.003685448144097, 1508180.004037552513182 ], [ 327029.999981431523338, 1508229.995893166633323 ], [ 326300.00406430818839, 1508500.004239111905918 ], [ 325349.999355142819695, 1509050.000551302917302 ], [ 324590.001670780126005, 1510109.995099206455052 ], [ 323929.994749972480349, 1511569.997970663476735 ], [ 323339.995382763911039, 1513060.003069457132369 ], [ 322779.998551740543917, 1514260.001267061568797 ], [ 322370.00243643252179, 1515869.997823525220156 ], [ 322379.996613458613865, 1517620.004882764071226 ], [ 322700.002752948901616, 1519299.994886066531762 ], [ 323339.999788495479152, 1522020.002800110261887 ], [ 323979.997106139315292, 1523140.002656400436535 ], [ 324860.000316044257488, 1524420.002563520567492 ], [ 327260.002224606578238, 1526819.996919722296298 ], [ 327899.999450532603078, 1528099.999147769529372 ], [ 328060.004985313746147, 1529140.003071133745834 ], [ 327709.994612378417514, 1529570.005193787161261 ], [ 327260.000044250278734, 1529620.001262409146875 ], [ 326130.003161708824337, 1529470.004572440171614 ], [ 324060.001054741500411, 1528900.000947783933952 ], [ 322489.995522643090226, 1528029.999892513267696 ], [ 320860.005291635519825, 1526739.998039545724168 ], [ 319389.997263924800791, 1524829.999970796983689 ], [ 318150.005202655098401, 1523450.004666227847338 ], [ 317150.002418051823042, 1523309.995890314690769 ], [ 314859.99757627263898, 1523779.996913734357804 ], [ 312969.994843619759195, 1525050.00546460528858 ], [ 311990.002630221890286, 1526890.004591862205416 ], [ 311450.003896657493897, 1529270.001337104476988 ], [ 311170.004948763817083, 1531150.001218406483531 ], [ 310969.996123498887755, 1533949.998793269041926 ], [ 310869.998234306054655, 1537769.996373778907582 ], [ 308309.999413672601804, 1537770.001498134573922 ], [ 308038.904281863535289, 1503408.685681619215757 ] ] ] ] } },
{ "type": "Feature", "properties": { "site_id": 555790816, "name_eng": "Réserve Naturelle Communautaire de Palmarin", "desig_eng": "Community Nature Reserve", "iucn_cat": "VI", "realm": "Coastal", "gis_area": 104.56662276, "gov_type": "Joint governance", "mang_auth": "Direction des Aires Marines Communautaires Protégées; Direction de la Réserve Naturelle Communautaire de Palmarin" }, "geometry": { "type": "MultiPolygon", "coordinates": [ [ [ [ 306852.5049890508526, 1555320.673341727815568 ], [ 308198.7246208419092, 1555639.519847172079608 ], [ 309399.298769740853459, 1554167.340638260589913 ], [ 309088.325946952216327, 1552884.111495008459315 ], [ 308907.253876944538206, 1552828.993040800560266 ], [ 308840.337744567426853, 1552002.375123251462355 ], [ 309073.242489954864141, 1552010.688868702854961 ], [ 309080.457624169066548, 1551805.559299977030605 ], [ 308919.068288199021481, 1551581.188644104171544 ], [ 308982.044437418109737, 1551443.424700711853802 ], [ 309131.627316718338989, 1551293.837708361446857 ], [ 310237.726229405961931, 1550510.514566427562386 ], [ 310033.041716613864992, 1549770.487120293313637 ], [ 309635.469075694680214, 1549313.881836459273472 ], [ 309285.137279945076443, 1547042.63581402413547 ], [ 309517.383246234443504, 1546475.806856370531023 ], [ 309383.547270356328227, 1546235.690531523199752 ], [ 310025.163560036104172, 1545936.534710054984316 ], [ 310127.507247662113514, 1545141.395522666396573 ], [ 310344.009150446625426, 1544932.77186450897716 ], [ 312457.803275521611795, 1546216.013304970692843 ], [ 313796.141941967769526, 1547550.421694536926225 ], [ 314221.268870181404054, 1550168.052173310890794 ], [ 315595.039383964671288, 1551404.055242144502699 ], [ 317567.126251165405847, 1552852.613557731267065 ], [ 317634.037847183528356, 1553419.438681627856568 ], [ 317102.639286837016698, 1553643.815737239317968 ], [ 316630.284802681067958, 1554395.642298117745668 ], [ 315654.079487692331895, 1554745.97647869377397 ], [ 315158.100020383950323, 1556304.758188008796424 ], [ 311992.226816484355368, 1559649.734709456097335 ], [ 311237.544367515656631, 1560630.752356381854042 ], [ 310166.871160121634603, 1561744.719361379276961 ], [ 309985.801600401173346, 1561847.065264146076515 ], [ 305998.327330736792646, 1562512.301634485833347 ], [ 305592.888510109158233, 1562724.861506329849362 ], [ 305439.376510923728347, 1562964.980649155564606 ], [ 304333.275271325139329, 1562122.61171750864014 ], [ 306852.5049890508526, 1555320.673341727815568 ] ] ] ] } },
{ "type": "Feature", "properties": { "site_id": 555791371, "name_eng": "RNC Boundou", "desig_eng": "Community Nature Reserve", "iucn_cat": "VI", "realm": "Terrestrial", "gis_area": 1197.3358007300001, "gov_type": "Local communities", "mang_auth": "Corena" }, "geometry": { "type": "MultiPolygon", "coordinates": [ [ [ [ 751672.153451846796088, 1538310.883324148599058 ], [ 751853.495280092116445, 1538020.721184480469674 ], [ 752129.559738207608461, 1537433.463391282595694 ], [ 752345.066297134733759, 1537289.466738566756248 ], [ 752509.59922474832274, 1537050.888372504618019 ], [ 752646.128193960292265, 1536911.654156380100176 ], [ 752833.906033914536238, 1536839.335121377836913 ], [ 753334.802746083587408, 1536484.519430473912507 ], [ 753713.919674763223156, 1536308.933427706127986 ], [ 753855.909284880617633, 1536165.330117961857468 ], [ 753981.953983929706737, 1535993.898408545646816 ], [ 754049.971279507619329, 1535785.368573594838381 ], [ 754242.826063029351644, 1535418.678256289334968 ], [ 754316.067327029653825, 1535229.016987484646961 ], [ 754343.031403962522745, 1535016.762122672749683 ], [ 754504.319957029772922, 1534891.060933044645935 ], [ 754857.21103307895828, 1534855.801948326639831 ], [ 755066.46179737825878, 1534910.999189719092101 ], [ 755271.857351176906377, 1534918.564102037576959 ], [ 755634.183420466841199, 1534695.23804375086911 ], [ 755784.73379865149036, 1534562.795781927416101 ], [ 755918.159781245165505, 1534412.474181259050965 ], [ 755981.848059317679144, 1534206.117150486214086 ], [ 756139.239041461725719, 1533943.783992178505287 ], [ 756402.805833854246885, 1533743.18471911503002 ], [ 756878.582817566115409, 1532771.629834851948544 ], [ 756841.480273084715009, 1532369.458485367475078 ], [ 756888.277969568502158, 1532013.503381202928722 ], [ 757034.52328753110487, 1531881.022081406554207 ], [ 757156.391583525110036, 1531698.488688134821132 ], [ 757889.978972426266409, 1531344.941843526437879 ], [ 761106.545053364010528, 1531357.608553571859375 ], [ 773465.062350058928132, 1533021.632263466250151 ], [ 784748.327786495559849, 1533079.694993485463783 ], [ 789060.765952654648572, 1532627.75167649704963 ], [ 790147.349404465290718, 1532408.692218485521153 ], [ 804572.498031979543157, 1530607.494722178205848 ], [ 804717.393371510435827, 1530791.170303570572287 ], [ 805142.493087218841538, 1531057.496732889907435 ], [ 805577.49819886602927, 1531237.502751328516752 ], [ 805967.497982726665214, 1531342.497511307243258 ], [ 806117.500066776061431, 1531477.501136759761721 ], [ 806357.494694638182409, 1531777.495685200905427 ], [ 806387.498879474587739, 1531882.501751839183271 ], [ 806597.500138007570058, 1532197.491970110218972 ], [ 806642.495000562397763, 1532587.496405077399686 ], [ 806747.506225619465113, 1532932.492862405488268 ], [ 806777.496542060747743, 1533397.50632189353928 ], [ 806852.493277380475774, 1533727.509588116081432 ], [ 806852.492678435286507, 1533922.505881018470973 ], [ 807227.50091885169968, 1534867.499229869572446 ], [ 807227.506099801394157, 1535272.497506596613675 ], [ 807182.500777313369326, 1535542.499541250057518 ], [ 806897.499874458182603, 1536007.499402588000521 ], [ 806747.50741549464874, 1536097.500109486514702 ], [ 806207.495223180623725, 1536832.500202913535759 ], [ 805997.500885929912329, 1537552.498242705361918 ], [ 805907.492706288932823, 1537672.501821798272431 ], [ 805562.495746244559996, 1537942.497846555663273 ], [ 805232.503531715366989, 1538092.50021388544701 ], [ 804212.49878299725242, 1538407.505198046332225 ], [ 803537.50560008129105, 1538842.497740516671911 ], [ 803222.503915010718629, 1539202.504679685691372 ], [ 801737.503097299602814, 1540162.504632567288354 ], [ 801527.505777881131507, 1540372.504115876508877 ], [ 801377.506223079748452, 1540762.506645610556006 ], [ 801452.502190648578107, 1541107.500966353341937 ], [ 801887.498321650666185, 1542307.502110867761075 ], [ 801992.502537173684686, 1542742.498051111120731 ], [ 802232.498063266277313, 1543192.493146011373028 ], [ 802247.494811076321639, 1543342.494720697402954 ], [ 802157.503648536046967, 1543582.499457428231835 ], [ 801782.500762898940593, 1543867.505407390417531 ], [ 801662.497299655806273, 1544047.498134687077254 ], [ 801512.491335434140638, 1544152.497632816666737 ], [ 801287.496720822760835, 1544587.50100471987389 ], [ 801212.500231769517995, 1545157.492674181237817 ], [ 801272.505803480627947, 1545307.501395948464051 ], [ 801272.502778948401101, 1545667.506716464180499 ], [ 800675.605958196334541, 1545926.494762182468548 ], [ 800575.740324841113761, 1546143.453485874459147 ], [ 800381.776581181096844, 1546731.347850368358195 ], [ 800344.803590370807797, 1546933.5426525415387 ], [ 800127.075916916364804, 1547520.050982196815312 ], [ 800144.868493868620135, 1547846.900725174695253 ], [ 800103.923333124374039, 1548019.152802753960714 ], [ 799829.039052536711097, 1548317.104147358098999 ], [ 798640.007105963653885, 1550141.226445560576394 ], [ 798592.069455322227441, 1550357.686642301734537 ], [ 798592.402190332766622, 1550976.641783942468464 ], [ 798564.064554595155641, 1551181.151264382060617 ], [ 798448.636461738729849, 1551344.781666342169046 ], [ 798279.602654847549275, 1551470.139607174089178 ], [ 798177.996879771351814, 1551653.862557458691299 ], [ 797618.555090678390115, 1552255.208774261409417 ], [ 797272.864597043953836, 1552976.419815402943641 ], [ 796857.00653154659085, 1553412.255478114355356 ], [ 796575.093151921639219, 1553950.41154467407614 ], [ 796349.598795086843893, 1554285.494190606754273 ], [ 796084.532409547362477, 1554584.686470104847103 ], [ 796020.766267220606096, 1554769.959921096451581 ], [ 795883.894123736419715, 1554921.167184184771031 ], [ 795671.028178074746393, 1555308.549680110998452 ], [ 795574.260908795986325, 1555429.110384736210108 ], [ 795253.568210945464671, 1555680.051024398067966 ], [ 794912.835785118397325, 1555888.687925271224231 ], [ 794540.444525225320831, 1556311.762103916611522 ], [ 794066.971614093054086, 1556971.721827761270106 ], [ 793457.954030868131667, 1557485.076575881801546 ], [ 793260.757562160026282, 1557592.481484395917505 ], [ 792811.624669577460736, 1557955.937647074228153 ], [ 792618.77742542210035, 1557996.897813771152869 ], [ 791403.444070489960723, 1557951.934486568439752 ], [ 791223.061062585329637, 1558037.335303058847785 ], [ 791016.779911759542301, 1558025.007959387730807 ], [ 790192.427441300475039, 1558097.514521133853123 ], [ 789578.550718538230285, 1558099.370405494468287 ], [ 788848.442012816201895, 1557868.521110704634339 ], [ 788662.077318243216723, 1557910.690907230135053 ], [ 788059.939233966404572, 1557926.00346308387816 ], [ 787580.624945973628201, 1558261.581592140719295 ], [ 787364.07289746333845, 1558584.636699228547513 ], [ 786919.509978820336983, 1558715.792667058296502 ], [ 786589.843902317341417, 1558958.60141479712911 ], [ 786271.486295794486068, 1559248.550346502102911 ], [ 785977.68579774373211, 1559436.998359999386594 ], [ 785916.018353178864345, 1559539.268684467999265 ], [ 785214.658216522773728, 1559926.630605946993455 ], [ 784666.635104014654644, 1560518.333724756725132 ], [ 784446.002667304361239, 1560824.750662934500724 ], [ 784285.528006298001856, 1560873.880145136499777 ], [ 783257.313376894686371, 1560927.699148266809061 ], [ 783053.749915673397481, 1560965.283474386204034 ], [ 782687.760498455027118, 1560936.845579597633332 ], [ 782486.396618725033477, 1560971.137420189101249 ], [ 781464.723201268585399, 1560924.352987300371751 ], [ 781278.389884785399772, 1560870.251999290194362 ], [ 781103.377205804106779, 1560964.630629192339256 ], [ 780541.966981233563274, 1561117.838661288144067 ], [ 779826.590692624216899, 1561501.362343186512589 ], [ 779069.451021848013625, 1561686.139827628619969 ], [ 778338.398897663108073, 1562040.121573829324916 ], [ 778236.907050571287982, 1562132.002667151158676 ], [ 778171.213407536502928, 1562112.46114199096337 ], [ 777995.034321871120483, 1562216.80846924870275 ], [ 777841.312963749747723, 1562342.437554222531617 ], [ 777740.285845277714543, 1562490.786453238455579 ], [ 777535.694840773707256, 1562526.185687751276419 ], [ 776870.825217133853585, 1562958.421935303835198 ], [ 776642.499102404224686, 1563288.050091668497771 ], [ 776459.20864370232448, 1563352.473147291922942 ], [ 776354.481582578271627, 1563543.960914334049448 ], [ 776081.472678316058591, 1563811.108357186662033 ], [ 775518.987780926981941, 1563576.925219976110384 ], [ 774949.291778255719692, 1563409.101920350687578 ], [ 774545.877344276057556, 1563150.101792948320508 ], [ 773957.14008796075359, 1562843.71566292620264 ], [ 772575.781568276579492, 1561997.426991307642311 ], [ 772177.168638955219649, 1561689.815195843344554 ], [ 771943.110711626475677, 1561552.24514141259715 ], [ 771437.897272044792771, 1561108.446946416050196 ], [ 771202.702944335993379, 1560975.301425896817818 ], [ 769573.871869226219133, 1560828.417581236222759 ], [ 769377.699852127581835, 1560784.267098935320973 ], [ 768788.863160038134083, 1560579.866371282143518 ], [ 768554.921720736660063, 1560429.049892580602318 ], [ 768417.174610090558417, 1560274.825336373411119 ], [ 768240.322830469929613, 1560140.114620968233794 ], [ 767727.136827601469122, 1559932.11444268678315 ], [ 766933.18042112630792, 1559708.995368076022714 ], [ 766843.294964966829866, 1559456.209101955406368 ], [ 766578.455814559594728, 1559122.989927945891395 ], [ 765255.929163471329957, 1558192.561400422593579 ], [ 764901.299798622028902, 1558006.210739106405526 ], [ 763965.369038638425991, 1557609.032955015776679 ], [ 762947.807023616507649, 1556953.128295513102785 ], [ 762233.928759078495204, 1556393.386204569600523 ], [ 761230.963658969849348, 1554744.497503894381225 ], [ 760793.559688822133467, 1553886.827266098000109 ], [ 760126.368710585869849, 1552310.393298163777217 ], [ 759404.838366825482808, 1551314.557273162994534 ], [ 759149.919777960749343, 1551043.94766884855926 ], [ 757874.984610541374423, 1550194.35320380772464 ], [ 757605.752639950718731, 1549883.914448690367863 ], [ 757026.209306145785376, 1549046.788417400093749 ], [ 756523.601090033189394, 1548401.948716480284929 ], [ 756374.863507268019021, 1548036.285748204449192 ], [ 756375.724229388753884, 1547626.739686789456755 ], [ 756327.039481541025452, 1547319.252219497226179 ], [ 756322.321093022823334, 1547022.942229634383693 ], [ 756433.212464070646092, 1546635.529363511828706 ], [ 756745.75289644615259, 1546405.103723439853638 ], [ 756681.423547909129411, 1546352.434393115807325 ], [ 756742.700535563286394, 1546170.409073520218953 ], [ 756750.72611661395058, 1546012.456571271410212 ], [ 756726.091018702718429, 1545346.705058691557497 ], [ 756645.997250299085863, 1544816.802776305004954 ], [ 756669.111132876365446, 1544667.602111062733456 ], [ 756635.57405749335885, 1544562.1105999967549 ], [ 756373.326360614039004, 1544301.579450458753854 ], [ 756084.84161628538277, 1544178.045506283408031 ], [ 756068.651517971069552, 1544067.193982807220891 ], [ 756070.761555571807548, 1543855.797369829844683 ], [ 756228.457745021674782, 1543328.273739099269733 ], [ 756263.629014279111288, 1542945.637655087048188 ], [ 756468.844947941135615, 1542207.170500976964831 ], [ 756435.890978399198502, 1541826.067939730128273 ], [ 756276.299046049825847, 1541133.771064268890768 ], [ 756188.898349918890744, 1541007.820415223017335 ], [ 756024.071389318094589, 1540188.182491696905345 ], [ 755666.298134141368791, 1539959.92445986927487 ], [ 755609.868172984453849, 1539871.919221273623407 ], [ 755504.977444303105585, 1539546.558220765087754 ], [ 755201.276334582245909, 1539218.893983775982633 ], [ 755106.699125618091784, 1539040.07954707602039 ], [ 754888.501723151654005, 1538939.759309289511293 ], [ 754878.070466265431605, 1538870.674920407822356 ], [ 754619.437762705143541, 1538782.885480814380571 ], [ 754354.927739940583706, 1538742.636777998413891 ], [ 753767.787414153339341, 1538744.590787834255025 ], [ 753425.540904965484515, 1538582.936469758162275 ], [ 753141.872958556283265, 1538511.519895442062989 ], [ 752918.536026996560395, 1538572.416825871448964 ], [ 752411.445642158389091, 1538570.761307062348351 ], [ 752134.014269203180447, 1538524.87533950433135 ], [ 751952.611188245937228, 1538389.169155757408589 ], [ 751672.153451846796088, 1538310.883324148599058 ] ] ] ] } },
{ "type": "Feature", "properties": { "site_id": 555795348, "name_eng": "Parc National de la Langue de Barbarie", "desig_eng": "Wetland of International Importance (Ramsar Site)", "iucn_cat": "II", "realm": "Coastal", "gis_area": 20.06041268, "gov_type": "Not Reported", "mang_auth": "Le site est un parc national géré par des agents de l’Etat." }, "geometry": { "type": "MultiPolygon", "coordinates": [ [ [ [ 336860.119513104727957, 1756706.649870794266462 ], [ 336782.773172227549367, 1755385.114135906798765 ], [ 336484.149802155734506, 1752881.275389335351065 ], [ 335703.143308637139853, 1748700.556273178663105 ], [ 335197.776984550640918, 1747391.213007088983431 ], [ 334715.388470570556819, 1745967.005805405322462 ], [ 334324.884030144661665, 1744359.044131740927696 ], [ 334210.025831624108832, 1743761.798612652812153 ], [ 334003.284076886367984, 1743003.752886872505769 ], [ 334210.025201674376149, 1742819.990103363059461 ], [ 334324.885331629484426, 1742842.960059913573787 ], [ 334600.527745945029892, 1743072.66887058224529 ], [ 334899.149539821664803, 1743440.207006605574861 ], [ 335220.750878813560121, 1744037.449352382449433 ], [ 335473.415363230800722, 1744588.756599186453968 ], [ 335588.276375829940662, 1745208.965516567230225 ], [ 336001.761509503470734, 1746173.751537058735266 ], [ 336461.184194802772254, 1747414.17484761448577 ], [ 336713.858054415206425, 1747988.462107229512185 ], [ 336918.960407798818778, 1748362.362313130637631 ], [ 337007.232537522329949, 1748444.745253704721108 ], [ 337042.545145741081797, 1748627.164620106574148 ], [ 337019.004957776109222, 1748715.435918171424419 ], [ 337219.224409696587827, 1749182.951438372256234 ], [ 337248.495862799405586, 1749350.9746088469401 ], [ 337372.069000036339276, 1749480.417945310939103 ], [ 337311.096404318115674, 1749596.434321403736249 ], [ 337389.717981389025226, 1749768.770359353395179 ], [ 337311.096941448864527, 1749918.021383908111602 ], [ 337330.879159588483162, 1750098.295987649122253 ], [ 337448.572530792094767, 1750133.606250477954745 ], [ 337501.531497225107159, 1750357.215814473107457 ], [ 337448.572651191381738, 1750521.993713174946606 ], [ 337678.644047033856623, 1751204.391578660812229 ], [ 337825.181641600560397, 1751522.364781182026491 ], [ 337816.459839480579831, 1751686.778598199598491 ], [ 337884.02426097978605, 1751775.398902725195512 ], [ 338031.139015995198861, 1752305.012107429560274 ], [ 338113.517319256847259, 1752463.900494252564386 ], [ 338237.0950018093572, 1752546.27558122901246 ], [ 338242.97632310539484, 1752940.540026473812759 ], [ 338275.886502381879836, 1753110.994111624313518 ], [ 338436.679562299745157, 1753340.688918847823516 ], [ 338619.592322510492522, 1753493.687980881426483 ], [ 338660.787012491840869, 1753587.843962566228583 ], [ 338620.449141385965049, 1753708.234986025840044 ], [ 338578.398617895320058, 1753740.825430992990732 ], [ 338735.292404018691741, 1754075.757193962112069 ], [ 338601.9389581400319, 1754235.135573812760413 ], [ 338597.46610102429986, 1754420.332016825908795 ], [ 338649.007478508399799, 1754870.667174726724625 ], [ 338837.3227707776241, 1755635.663654929958284 ], [ 338831.432504527561832, 1755871.050788840278983 ], [ 338754.926863749162294, 1756088.76577435596846 ], [ 338466.598966514808126, 1756100.534754887456074 ], [ 338443.051893422030844, 1756212.352098832838237 ], [ 338507.794452216941863, 1756288.854907406494021 ], [ 338431.292860589572228, 1756365.335513297468424 ], [ 338413.633012090343982, 1756683.122101065702736 ], [ 336860.119513104727957, 1756706.649870794266462 ] ] ] ] } }
]
}
